video_id,video_path,split,exercise_type,quality_label,has_knees_forward,has_knees_inward,knees_forward_segments,knees_inward_segments,annotated_error_segments,frame_count,fps,width,height,duration_seconds
32903_8,videos_squat/32903_8.mp4,val,squat,no_annotated_error,False,False,[],[],0,85,30.0,480,600,2.8333333333333335
32907_3,videos_squat/32907_3.mp4,train,squat,multiple_annotated_errors,True,True,"[[3.07, 4.67]]","[[2.24, 4.16]]",2,149,30.0,480,600,4.966666666666667
32939_2,videos_squat/32939_2.mp4,test,squat,no_annotated_error,False,False,[],[],0,96,30.0,480,600,3.2
32964_1,videos_squat/32964_1.mp4,val,squat,knees_forward,True,False,"[[1.15, 2.51]]",[],1,114,30.0,480,480,3.8
32971_2,videos_squat/32971_2.mp4,val,squat,knees_forward,True,False,"[[0.62, 2.56]]",[],1,83,30.0,480,480,2.7666666666666666
32975_6,videos_squat/32975_6.mp4,train,squat,no_annotated_error,False,False,[],[],0,71,30.0,480,480,2.3666666666666667
32977_1,videos_squat/32977_1.mp4,val,squat,knees_forward,True,False,"[[0.69, 2.13]]",[],1,83,30.0,480,480,2.7666666666666666
32979_1,videos_squat/32979_1.mp4,train,squat,knees_forward,True,False,"[[0.55, 2.39]]",[],1,86,30.0,480,270,2.8666666666666667
32987_5,videos_squat/32987_5.mp4,train,squat,knees_forward,True,False,"[[0.73, 2.2]]",[],1,88,30.0,480,270,2.933333333333333
32990_6,videos_squat/32990_6.mp4,train,squat,knees_forward,True,False,"[[1.39, 2.35]]",[],1,100,30.0,480,480,3.3333333333333335
32991_2,videos_squat/32991_2.mp4,train,squat,knees_forward,True,False,"[[3.63, 5.18]]",[],1,194,30.0,480,600,6.466666666666667
32995_3,videos_squat/32995_3.mp4,train,squat,knees_forward,True,False,"[[2.16, 4.99]]",[],1,173,30.0,480,270,5.766666666666667
32996_2,videos_squat/32996_2.mp4,train,squat,no_annotated_error,False,False,[],[],0,89,30.0,480,480,2.966666666666667
33006_2,videos_squat/33006_2.mp4,train,squat,knees_forward,True,False,"[[1.55, 3.36]]",[],1,165,30.0,480,480,5.5
33010_3,videos_squat/33010_3.mp4,train,squat,knees_forward,True,False,"[[0.51, 1.68]]",[],1,67,30.0,480,600,2.2333333333333334
33018_1,videos_squat/33018_1.mp4,train,squat,multiple_annotated_errors,True,True,"[[0.79, 2.73]]","[[1.37, 2.62], [1.43, 2.36]]",3,84,30.0,480,600,2.8
33024_2,videos_squat/33024_2.mp4,val,squat,multiple_annotated_errors,True,True,"[[0.96, 2.94]]","[[1.61, 2.56], [1.57, 2.34]]",3,95,30.0,480,600,3.1666666666666665
33025_2,videos_squat/33025_2.mp4,train,squat,knees_forward,True,False,"[[0.44, 2.39]]",[],1,80,30.0,480,270,2.6666666666666665
33028_2,videos_squat/33028_2.mp4,val,squat,knees_forward,True,False,"[[1.18, 3.15]]",[],1,102,30.0,480,600,3.4
33029_1,videos_squat/33029_1.mp4,val,squat,no_annotated_error,False,False,[],[],0,102,30.0,480,480,3.4
33031_2,videos_squat/33031_2.mp4,train,squat,no_annotated_error,False,False,[],[],0,66,30.0,480,600,2.2
33035_4,videos_squat/33035_4.mp4,train,squat,no_annotated_error,False,False,[],[],0,71,30.0,480,480,2.3666666666666667
33036_2,videos_squat/33036_2.mp4,train,squat,knees_forward,True,False,"[[0.5, 2.34]]",[],1,80,30.0,480,480,2.6666666666666665
33044_11,videos_squat/33044_11.mp4,train,squat,knees_forward,True,False,"[[0.93, 2.0]]",[],1,106,30.0,480,594,3.533333333333333
33045_1,videos_squat/33045_1.mp4,train,squat,knees_forward,True,False,"[[0.68, 2.34]]",[],1,82,30.0,480,600,2.7333333333333334
33048_1,videos_squat/33048_1.mp4,test,squat,no_annotated_error,False,False,[],[],0,125,30.0,480,480,4.166666666666667
33051_1,videos_squat/33051_1.mp4,train,squat,knees_forward,True,False,"[[1.19, 4.95]]",[],1,171,30.0,720,900,5.7
33052_1,videos_squat/33052_1.mp4,test,squat,knees_forward,True,False,"[[2.62, 4.53]]",[],1,152,30.0,480,480,5.066666666666666
33053_1,videos_squat/33053_1.mp4,test,squat,multiple_annotated_errors,True,True,"[[3.09, 5.63]]","[[3.38, 5.34]]",2,182,30.0,480,480,6.066666666666666
33058_3,videos_squat/33058_3.mp4,val,squat,knees_forward,True,False,"[[1.18, 2.02]]",[],1,98,30.0,480,480,3.2666666666666666
33063_6,videos_squat/33063_6.mp4,val,squat,knees_inward,False,True,[],"[[2.28, 3.72], [2.23, 3.7]]",2,129,30.0,480,480,4.3
33071_1,videos_squat/33071_1.mp4,train,squat,knees_forward,True,False,"[[0.68, 1.64]]",[],1,74,30.0,480,600,2.466666666666667
33072_1,videos_squat/33072_1.mp4,train,squat,knees_forward,True,False,"[[0.68, 3.79]]",[],1,122,30.0,480,600,4.066666666666666
33073_2,videos_squat/33073_2.mp4,test,squat,knees_forward,True,False,"[[0.6, 3.45]]",[],1,113,30.0,480,600,3.7666666666666666
33082_1,videos_squat/33082_1.mp4,train,squat,knees_forward,True,False,"[[1.01, 2.26]]",[],1,91,30.0,480,480,3.033333333333333
33088_1,videos_squat/33088_1.mp4,train,squat,knees_forward,True,False,"[[1.18, 1.75], [2.29, 2.76], [1.97, 2.87]]",[],3,93,30.0,480,480,3.1
33090_7,videos_squat/33090_7.mp4,train,squat,no_annotated_error,False,False,[],[],0,65,30.0,480,600,2.1666666666666665
33095_3,videos_squat/33095_3.mp4,train,squat,knees_forward,True,False,"[[0.34, 2.22]]",[],1,104,30.0,480,600,3.466666666666667
33096_3,videos_squat/33096_3.mp4,val,squat,no_annotated_error,False,False,[],[],0,89,30.0,480,600,2.966666666666667
33103_2,videos_squat/33103_2.mp4,train,squat,no_annotated_error,False,False,[],[],0,77,30.0,480,480,2.566666666666667
33104_4,videos_squat/33104_4.mp4,train,squat,no_annotated_error,False,False,[],[],0,85,30.0,480,320,2.8333333333333335
33117_1,videos_squat/33117_1.mp4,train,squat,knees_forward,True,False,"[[1.34, 2.42]]",[],1,100,30.0,480,600,3.3333333333333335
33124_2,videos_squat/33124_2.mp4,train,squat,knees_forward,True,False,"[[0.68, 2.47]]",[],1,79,30.0,480,480,2.6333333333333333
33127_2,videos_squat/33127_2.mp4,train,squat,knees_forward,True,False,"[[0.85, 2.58]]",[],1,116,30.0,480,480,3.8666666666666667
33133_3,videos_squat/33133_3.mp4,test,squat,knees_forward,True,False,"[[1.42, 2.0], [1.18, 2.55]]",[],2,93,30.0,480,600,3.1
33146_1,videos_squat/33146_1.mp4,train,squat,knees_forward,True,False,"[[3.74, 4.43], [2.57, 4.87]]",[],2,159,30.0,480,480,5.3
33151_1,videos_squat/33151_1.mp4,test,squat,no_annotated_error,False,False,[],[],0,76,30.0,480,480,2.533333333333333
33153_4,videos_squat/33153_4.mp4,train,squat,knees_forward,True,False,"[[0.62, 2.13]]",[],1,120,30.0,480,600,4.0
33154_1,videos_squat/33154_1.mp4,train,squat,no_annotated_error,False,False,[],[],0,89,30.0,480,480,2.966666666666667
33159_5,videos_squat/33159_5.mp4,train,squat,no_annotated_error,False,False,[],[],0,106,30.0,480,480,3.533333333333333
33166_1,videos_squat/33166_1.mp4,train,squat,knees_forward,True,False,"[[1.46, 2.8]]",[],1,119,30.0,480,480,3.966666666666667
33170_1,videos_squat/33170_1.mp4,train,squat,multiple_annotated_errors,True,True,"[[0.76, 2.23]]","[[1.34, 2.22]]",2,101,30.0,480,600,3.3666666666666667
33171_1,videos_squat/33171_1.mp4,train,squat,knees_forward,True,False,"[[0.74, 4.09]]",[],1,129,30.0,480,480,4.3
33172_4,videos_squat/33172_4.mp4,train,squat,no_annotated_error,False,False,[],[],0,261,30.0,480,600,8.7
33176_3,videos_squat/33176_3.mp4,test,squat,multiple_annotated_errors,True,True,"[[1.92, 3.47]]","[[1.41, 2.61], [1.44, 2.4]]",3,111,30.0,480,270,3.7
33194_1,videos_squat/33194_1.mp4,train,squat,knees_forward,True,False,"[[0.73, 1.74]]",[],1,97,30.0,480,600,3.2333333333333334
33203_1,videos_squat/33203_1.mp4,val,squat,knees_forward,True,False,"[[0.88, 3.74]]",[],1,195,30.0,480,600,6.5
33205_1,videos_squat/33205_1.mp4,train,squat,knees_forward,True,False,"[[5.21, 6.8]]",[],1,236,30.0,480,480,7.866666666666666
33207_1,videos_squat/33207_1.mp4,train,squat,knees_inward,False,True,[],"[[1.8, 3.39], [1.89, 3.04]]",2,109,30.0,480,480,3.6333333333333333
33218_2,videos_squat/33218_2.mp4,train,squat,knees_forward,True,False,"[[2.57, 3.57], [2.1, 3.6]]",[],2,112,30.0,480,480,3.7333333333333334
33223_1,videos_squat/33223_1.mp4,train,squat,multiple_annotated_errors,True,True,"[[0.56, 2.07]]","[[1.62, 2.64]]",2,123,30.0,480,600,4.1
33229_2,videos_squat/33229_2.mp4,train,squat,knees_forward,True,False,"[[0.74, 3.01]]",[],1,96,30.0,480,600,3.2
33233_1,videos_squat/33233_1.mp4,train,squat,knees_forward,True,False,"[[2.47, 3.58], [4.53, 6.18]]",[],2,192,30.0,480,600,6.4
33234_1,videos_squat/33234_1.mp4,train,squat,multiple_annotated_errors,True,True,"[[1.33, 3.1]]","[[2.03, 3.01], [2.01, 2.92]]",3,108,30.0,480,600,3.6
33235_2,videos_squat/33235_2.mp4,val,squat,knees_forward,True,False,"[[0.68, 1.92]]",[],1,77,30.0,480,600,2.566666666666667
33236_3,videos_squat/33236_3.mp4,train,squat,knees_forward,True,False,"[[0.75, 2.35]]",[],1,83,30.0,480,600,2.7666666666666666
33238_3,videos_squat/33238_3.mp4,train,squat,knees_forward,True,False,"[[0.66, 2.47]]",[],1,96,30.0,480,600,3.2
33245_2,videos_squat/33245_2.mp4,test,squat,no_annotated_error,False,False,[],[],0,87,30.0,480,480,2.9
33248_3,videos_squat/33248_3.mp4,train,squat,no_annotated_error,False,False,[],[],0,98,30.0,480,600,3.2666666666666666
33253_2,videos_squat/33253_2.mp4,train,squat,knees_forward,True,False,"[[0.44, 3.13]]",[],1,123,30.0,480,600,4.1
33254_1,videos_squat/33254_1.mp4,train,squat,knees_forward,True,False,"[[1.26, 3.44]]",[],1,113,30.0,480,600,3.7666666666666666
33273_1,videos_squat/33273_1.mp4,train,squat,knees_forward,True,False,"[[0.8, 2.1]]",[],1,99,30.0,480,596,3.3
33277_10,videos_squat/33277_10.mp4,val,squat,knees_forward,True,False,"[[0.74, 1.28], [0.66, 2.07]]",[],2,72,30.0,480,480,2.4
33279_1,videos_squat/33279_1.mp4,val,squat,multiple_annotated_errors,True,True,"[[1.45, 4.72]]","[[2.71, 4.63]]",2,150,30.0,480,600,5.0
33284_1,videos_squat/33284_1.mp4,test,squat,knees_forward,True,False,"[[0.93, 2.66]]",[],1,94,30.0,480,480,3.1333333333333333
33289_4,videos_squat/33289_4.mp4,train,squat,knees_forward,True,False,"[[2.06, 4.55]]",[],1,147,30.0,480,270,4.9
33290_1,videos_squat/33290_1.mp4,train,squat,no_annotated_error,False,False,[],[],0,106,30.0,480,480,3.533333333333333
33297_2,videos_squat/33297_2.mp4,val,squat,no_annotated_error,False,False,[],[],0,111,30.0,480,600,3.7
33300_1,videos_squat/33300_1.mp4,train,squat,knees_forward,True,False,"[[0.67, 1.67], [0.81, 3.03]]",[],2,99,30.0,480,270,3.3
33301_1,videos_squat/33301_1.mp4,test,squat,multiple_annotated_errors,True,True,"[[1.15, 4.18]]","[[1.93, 3.67]]",2,134,30.0,480,600,4.466666666666667
33303_1,videos_squat/33303_1.mp4,test,squat,knees_forward,True,False,"[[0.66, 5.13]]",[],1,163,30.0,480,480,5.433333333333334
33305_8,videos_squat/33305_8.mp4,train,squat,no_annotated_error,False,False,[],[],0,153,30.0,480,480,5.1
33316_1,videos_squat/33316_1.mp4,test,squat,knees_forward,True,False,"[[2.94, 3.16]]",[],1,115,30.0,480,480,3.8333333333333335
33322_3,videos_squat/33322_3.mp4,val,squat,knees_forward,True,False,"[[0.96, 3.38]]",[],1,125,30.0,480,600,4.166666666666667
33329_5,videos_squat/33329_5.mp4,val,squat,knees_inward,False,True,[],"[[1.89, 2.93]]",1,134,30.0,480,480,4.466666666666667
33330_3,videos_squat/33330_3.mp4,train,squat,no_annotated_error,False,False,[],[],0,102,30.0,480,480,3.4
33334_2,videos_squat/33334_2.mp4,val,squat,knees_forward,True,False,"[[1.1, 2.37]]",[],1,98,30.0,480,600,3.2666666666666666
33345_1,videos_squat/33345_1.mp4,train,squat,no_annotated_error,False,False,[],[],0,108,30.0,480,600,3.6
33348_2,videos_squat/33348_2.mp4,train,squat,knees_forward,True,False,"[[2.29, 3.46]]",[],1,108,30.0,480,480,3.6
33357_2,videos_squat/33357_2.mp4,train,squat,knees_forward,True,False,"[[1.71, 2.61], [3.61, 4.53], [3.52, 4.24]]",[],3,152,30.0,480,480,5.066666666666666
33364_2,videos_squat/33364_2.mp4,train,squat,knees_forward,True,False,"[[0.78, 2.47]]",[],1,79,30.0,480,264,2.6333333333333333
33367_1,videos_squat/33367_1.mp4,train,squat,knees_forward,True,False,"[[0.81, 3.44]]",[],1,120,30.0,480,600,4.0
33373_5,videos_squat/33373_5.mp4,test,squat,multiple_annotated_errors,True,True,"[[0.83, 1.9]]","[[1.41, 2.46]]",2,89,30.0,480,270,2.966666666666667
33374_2,videos_squat/33374_2.mp4,val,squat,knees_forward,True,False,"[[0.62, 1.5]]",[],1,64,30.0,480,480,2.1333333333333333
33375_5,videos_squat/33375_5.mp4,train,squat,multiple_annotated_errors,True,True,"[[2.06, 2.62], [3.96, 4.72], [1.96, 4.36]]","[[2.76, 4.17], [2.59, 4.18]]",5,164,30.0,480,480,5.466666666666667
33384_1,videos_squat/33384_1.mp4,val,squat,knees_forward,True,False,"[[1.18, 3.86]]",[],1,123,30.0,480,480,4.1
33387_1,videos_squat/33387_1.mp4,train,squat,knees_inward,False,True,[],"[[2.02, 3.3]]",1,115,30.0,480,270,3.8333333333333335
33388_4,videos_squat/33388_4.mp4,train,squat,no_annotated_error,False,False,[],[],0,141,30.0,480,480,4.7
33406_8,videos_squat/33406_8.mp4,val,squat,knees_forward,True,False,"[[0.69, 2.52]]",[],1,82,30.0,480,480,2.7333333333333334
33417_1,videos_squat/33417_1.mp4,train,squat,knees_forward,True,False,"[[2.22, 3.49]]",[],1,189,30.0,480,600,6.3
33419_4,videos_squat/33419_4.mp4,train,squat,knees_forward,True,False,"[[1.74, 2.65]]",[],1,86,30.0,480,480,2.8666666666666667
33425_1,videos_squat/33425_1.mp4,train,squat,knees_forward,True,False,"[[3.06, 6.38]]",[],1,267,30.0,480,270,8.9
33427_1,videos_squat/33427_1.mp4,val,squat,knees_forward,True,False,"[[0.39, 2.03]]",[],1,87,30.0,480,600,2.9
33430_2,videos_squat/33430_2.mp4,train,squat,knees_forward,True,False,"[[0.9, 3.46]]",[],1,114,30.0,480,600,3.8
33432_2,videos_squat/33432_2.mp4,train,squat,multiple_annotated_errors,True,True,"[[0.66, 2.66]]","[[2.19, 3.36]]",2,121,30.0,480,480,4.033333333333333
33433_2,videos_squat/33433_2.mp4,train,squat,knees_forward,True,False,"[[0.58, 2.33]]",[],1,101,30.0,480,600,3.3666666666666667
33434_1,videos_squat/33434_1.mp4,train,squat,knees_forward,True,False,"[[0.53, 1.61]]",[],1,59,30.0,480,600,1.9666666666666666
33440_2,videos_squat/33440_2.mp4,train,squat,no_annotated_error,False,False,[],[],0,72,30.0,480,480,2.4
33454_1,videos_squat/33454_1.mp4,train,squat,no_annotated_error,False,False,[],[],0,139,30.0,480,600,4.633333333333334
33461_2,videos_squat/33461_2.mp4,train,squat,knees_forward,True,False,"[[0.73, 2.31]]",[],1,93,30.0,480,480,3.1
33466_5,videos_squat/33466_5.mp4,train,squat,knees_forward,True,False,"[[0.6, 2.55]]",[],1,91,30.0,480,480,3.033333333333333
33468_2,videos_squat/33468_2.mp4,train,squat,knees_forward,True,False,"[[4.58, 5.31]]",[],1,237,30.0,480,480,7.9
33483_2,videos_squat/33483_2.mp4,train,squat,no_annotated_error,False,False,[],[],0,130,30.0,480,600,4.333333333333333
33485_2,videos_squat/33485_2.mp4,train,squat,knees_forward,True,False,"[[0.47, 1.79]]",[],1,66,30.0,480,480,2.2
33491_1,videos_squat/33491_1.mp4,train,squat,knees_forward,True,False,"[[0.5, 2.72]]",[],1,92,30.0,480,600,3.066666666666667
33497_1,videos_squat/33497_1.mp4,train,squat,no_annotated_error,False,False,[],[],0,45,30.0,480,600,1.5
33499_1,videos_squat/33499_1.mp4,train,squat,no_annotated_error,False,False,[],[],0,72,30.0,480,600,2.4
33500_3,videos_squat/33500_3.mp4,train,squat,knees_forward,True,False,"[[0.52, 2.54]]",[],1,119,30.0,480,480,3.966666666666667
33503_2,videos_squat/33503_2.mp4,test,squat,knees_forward,True,False,"[[0.67, 3.83]]",[],1,121,30.0,480,480,4.033333333333333
33511_1,videos_squat/33511_1.mp4,train,squat,no_annotated_error,False,False,[],[],0,100,30.0,480,480,3.3333333333333335
33513_1,videos_squat/33513_1.mp4,train,squat,no_annotated_error,False,False,[],[],0,117,30.0,480,480,3.9
33532_1,videos_squat/33532_1.mp4,train,squat,knees_forward,True,False,"[[2.94, 8.17]]",[],1,248,30.0,480,480,8.266666666666667
33540_2,videos_squat/33540_2.mp4,train,squat,knees_forward,True,False,"[[0.65, 2.19]]",[],1,76,30.0,480,480,2.533333333333333
33547_1,videos_squat/33547_1.mp4,train,squat,no_annotated_error,False,False,[],[],0,94,30.0,480,600,3.1333333333333333
33552_4,videos_squat/33552_4.mp4,train,squat,no_annotated_error,False,False,[],[],0,78,30.0,480,600,2.6
33554_3,videos_squat/33554_3.mp4,test,squat,no_annotated_error,False,False,[],[],0,73,30.0,480,270,2.433333333333333
33555_5,videos_squat/33555_5.mp4,train,squat,knees_forward,True,False,"[[1.02, 1.36], [0.6, 1.79]]",[],2,61,30.0,480,852,2.033333333333333
33561_3,videos_squat/33561_3.mp4,test,squat,knees_forward,True,False,"[[0.8, 2.1]]",[],1,72,30.0,480,600,2.4
33565_1,videos_squat/33565_1.mp4,test,squat,knees_forward,True,False,"[[1.2, 2.55]]",[],1,100,30.0,480,600,3.3333333333333335
33576_2,videos_squat/33576_2.mp4,train,squat,multiple_annotated_errors,True,True,"[[0.67, 5.6]]","[[1.64, 5.46], [1.69, 4.77]]",3,181,30.0,480,600,6.033333333333333
33577_1,videos_squat/33577_1.mp4,val,squat,no_annotated_error,False,False,[],[],0,137,30.0,480,480,4.566666666666666
33584_1,videos_squat/33584_1.mp4,train,squat,no_annotated_error,False,False,[],[],0,83,30.0,480,600,2.7666666666666666
33591_1,videos_squat/33591_1.mp4,train,squat,multiple_annotated_errors,True,True,"[[0.93, 2.99]]","[[1.63, 2.92], [1.49, 2.54]]",3,99,30.0,480,600,3.3
33594_1,videos_squat/33594_1.mp4,train,squat,multiple_annotated_errors,True,True,"[[2.19, 2.91]]","[[1.66, 2.63]]",2,94,30.0,480,480,3.1333333333333333
33596_1,videos_squat/33596_1.mp4,val,squat,knees_forward,True,False,"[[2.67, 6.73]]",[],1,207,30.0,480,480,6.9
33599_4,videos_squat/33599_4.mp4,val,squat,knees_forward,True,False,"[[0.47, 2.16]]",[],1,90,30.0,480,480,3.0
33601_2,videos_squat/33601_2.mp4,train,squat,knees_forward,True,False,"[[0.78, 2.43]]",[],1,80,30.0,480,480,2.6666666666666665
33603_1,videos_squat/33603_1.mp4,train,squat,knees_forward,True,False,"[[0.63, 2.95]]",[],1,115,30.0,480,270,3.8333333333333335
33608_4,videos_squat/33608_4.mp4,train,squat,knees_forward,True,False,"[[0.82, 2.97]]",[],1,103,30.0,480,600,3.433333333333333
33620_4,videos_squat/33620_4.mp4,train,squat,multiple_annotated_errors,True,True,"[[0.78, 2.06]]","[[1.58, 2.87], [1.71, 2.78]]",3,96,30.0,480,480,3.2
33626_1,videos_squat/33626_1.mp4,train,squat,knees_forward,True,False,"[[1.2, 3.19]]",[],1,124,30.0,480,600,4.133333333333334
33628_4,videos_squat/33628_4.mp4,test,squat,knees_forward,True,False,"[[1.96, 2.49]]",[],1,83,30.0,480,480,2.7666666666666666
33630_2,videos_squat/33630_2.mp4,train,squat,knees_forward,True,False,"[[0.86, 2.61]]",[],1,94,30.0,480,270,3.1333333333333333
33634_10,videos_squat/33634_10.mp4,test,squat,no_annotated_error,False,False,[],[],0,101,30.0,480,852,3.3666666666666667
33641_3,videos_squat/33641_3.mp4,train,squat,knees_forward,True,False,"[[0.86, 2.31]]",[],1,121,30.0,480,480,4.033333333333333
33643_1,videos_squat/33643_1.mp4,val,squat,knees_forward,True,False,"[[2.24, 3.02]]",[],1,149,30.0,480,480,4.966666666666667
33648_1,videos_squat/33648_1.mp4,train,squat,knees_forward,True,False,"[[2.11, 5.45]]",[],1,219,30.0,480,480,7.3
33652_1,videos_squat/33652_1.mp4,test,squat,no_annotated_error,False,False,[],[],0,130,30.0,480,600,4.333333333333333
33654_3,videos_squat/33654_3.mp4,train,squat,knees_forward,True,False,"[[0.48, 1.73]]",[],1,73,30.0,480,600,2.433333333333333
33658_1,videos_squat/33658_1.mp4,train,squat,multiple_annotated_errors,True,True,"[[0.66, 2.87]]","[[1.41, 2.88], [1.46, 2.68]]",3,93,30.0,480,480,3.1
33659_3,videos_squat/33659_3.mp4,train,squat,no_annotated_error,False,False,[],[],0,87,30.0,480,600,2.9
33660_8,videos_squat/33660_8.mp4,test,squat,no_annotated_error,False,False,[],[],0,80,30.0,480,480,2.6666666666666665
33663_3,videos_squat/33663_3.mp4,train,squat,knees_forward,True,False,"[[1.28, 4.85]]",[],1,158,30.0,480,600,5.266666666666667
33666_7,videos_squat/33666_7.mp4,train,squat,no_annotated_error,False,False,[],[],0,95,30.0,480,600,3.1666666666666665
33667_1,videos_squat/33667_1.mp4,train,squat,knees_forward,True,False,"[[2.54, 4.37]]",[],1,175,30.0,480,480,5.833333333333333
33671_1,videos_squat/33671_1.mp4,train,squat,knees_forward,True,False,"[[2.16, 3.36]]",[],1,134,30.0,480,270,4.466666666666667
33675_1,videos_squat/33675_1.mp4,train,squat,knees_forward,True,False,"[[0.66, 3.09]]",[],1,98,30.0,480,600,3.2666666666666666
33676_1,videos_squat/33676_1.mp4,train,squat,knees_forward,True,False,"[[1.85, 4.95]]",[],1,167,30.0,480,480,5.566666666666666
33691_4,videos_squat/33691_4.mp4,train,squat,knees_forward,True,False,"[[0.54, 2.11]]",[],1,85,30.0,480,270,2.8333333333333335
33725_2,videos_squat/33725_2.mp4,train,squat,knees_forward,True,False,"[[1.25, 2.9]]",[],1,99,30.0,480,270,3.3
33726_5,videos_squat/33726_5.mp4,train,squat,no_annotated_error,False,False,[],[],0,83,30.0,480,480,2.7666666666666666
33729_4,videos_squat/33729_4.mp4,test,squat,knees_forward,True,False,"[[0.7, 1.73]]",[],1,72,30.0,480,480,2.4
33735_8,videos_squat/33735_8.mp4,train,squat,no_annotated_error,False,False,[],[],0,95,30.0,480,480,3.1666666666666665
33736_1,videos_squat/33736_1.mp4,train,squat,knees_forward,True,False,"[[1.11, 2.26]]",[],1,76,30.0,480,480,2.533333333333333
33742_1,videos_squat/33742_1.mp4,test,squat,knees_forward,True,False,"[[1.2, 2.81]]",[],1,93,30.0,480,600,3.1
33743_1,videos_squat/33743_1.mp4,val,squat,no_annotated_error,False,False,[],[],0,101,30.0,480,480,3.3666666666666667
33747_2,videos_squat/33747_2.mp4,val,squat,knees_forward,True,False,"[[1.51, 2.03], [0.99, 2.39]]",[],2,95,30.0,480,480,3.1666666666666665
33752_3,videos_squat/33752_3.mp4,train,squat,no_annotated_error,False,False,[],[],0,114,30.0,480,600,3.8
33758_1,videos_squat/33758_1.mp4,test,squat,knees_forward,True,False,"[[0.43, 3.28]]",[],1,119,30.0,480,600,3.966666666666667
33765_1,videos_squat/33765_1.mp4,train,squat,no_annotated_error,False,False,[],[],0,100,30.0,480,270,3.3333333333333335
33775_3,videos_squat/33775_3.mp4,val,squat,multiple_annotated_errors,True,True,"[[0.51, 2.46]]","[[1.28, 2.24]]",2,82,30.0,480,600,2.7333333333333334
33777_8,videos_squat/33777_8.mp4,val,squat,knees_forward,True,False,"[[1.32, 2.66]]",[],1,118,30.0,480,480,3.933333333333333
33786_6,videos_squat/33786_6.mp4,train,squat,knees_forward,True,False,"[[4.85, 5.98]]",[],1,203,30.0,480,600,6.766666666666667
33791_3,videos_squat/33791_3.mp4,val,squat,knees_forward,True,False,"[[0.56, 2.43]]",[],1,79,30.0,480,600,2.6333333333333333
33793_6,videos_squat/33793_6.mp4,train,squat,no_annotated_error,False,False,[],[],0,77,30.0,480,600,2.566666666666667
33805_1,videos_squat/33805_1.mp4,train,squat,knees_forward,True,False,"[[0.71, 1.75]]",[],1,74,30.0,480,600,2.466666666666667
33809_1,videos_squat/33809_1.mp4,train,squat,knees_forward,True,False,"[[1.78, 3.19]]",[],1,162,30.0,480,600,5.4
33816_1,videos_squat/33816_1.mp4,train,squat,knees_forward,True,False,"[[0.88, 1.88]]",[],1,79,30.0,480,480,2.6333333333333333
33819_1,videos_squat/33819_1.mp4,val,squat,knees_forward,True,False,"[[2.68, 3.66]]",[],1,119,30.0,480,480,3.966666666666667
33824_4,videos_squat/33824_4.mp4,train,squat,knees_forward,True,False,"[[0.87, 2.73]]",[],1,103,30.0,480,600,3.433333333333333
33827_1,videos_squat/33827_1.mp4,train,squat,knees_forward,True,False,"[[2.51, 5.1]]",[],1,155,30.0,480,600,5.166666666666667
33838_3,videos_squat/33838_3.mp4,train,squat,knees_forward,True,False,"[[0.83, 3.02]]",[],1,101,30.0,480,480,3.3666666666666667
33839_1,videos_squat/33839_1.mp4,train,squat,knees_forward,True,False,"[[1.9, 2.91]]",[],1,102,30.0,480,480,3.4
33843_1,videos_squat/33843_1.mp4,test,squat,knees_forward,True,False,"[[1.7, 2.63]]",[],1,84,30.0,480,480,2.8
33844_2,videos_squat/33844_2.mp4,train,squat,no_annotated_error,False,False,[],[],0,78,30.0,480,600,2.6
33845_1,videos_squat/33845_1.mp4,train,squat,knees_forward,True,False,"[[0.49, 1.73]]",[],1,74,30.0,480,480,2.466666666666667
33847_2,videos_squat/33847_2.mp4,test,squat,knees_forward,True,False,"[[0.86, 2.17]]",[],1,78,30.0,480,270,2.6
33850_1,videos_squat/33850_1.mp4,test,squat,knees_forward,True,False,"[[2.32, 3.97]]",[],1,126,30.0,480,480,4.2
33860_3,videos_squat/33860_3.mp4,train,squat,no_annotated_error,False,False,[],[],0,71,30.0,480,600,2.3666666666666667
33868_1,videos_squat/33868_1.mp4,train,squat,knees_forward,True,False,"[[0.74, 2.27]]",[],1,105,30.0,480,600,3.5
33876_9,videos_squat/33876_9.mp4,train,squat,no_annotated_error,False,False,[],[],0,79,30.0,480,480,2.6333333333333333
33877_2,videos_squat/33877_2.mp4,test,squat,knees_forward,True,False,"[[0.55, 1.57]]",[],1,66,30.0,480,600,2.2
33881_2,videos_squat/33881_2.mp4,train,squat,knees_forward,True,False,"[[0.9, 2.01]]",[],1,70,30.0,480,480,2.3333333333333335
33882_2,videos_squat/33882_2.mp4,train,squat,knees_forward,True,False,"[[0.85, 1.93]]",[],1,70,30.0,480,480,2.3333333333333335
33883_3,videos_squat/33883_3.mp4,test,squat,knees_forward,True,False,"[[0.79, 3.24]]",[],1,180,30.0,480,480,6.0
33884_1,videos_squat/33884_1.mp4,train,squat,no_annotated_error,False,False,[],[],0,71,30.0,480,600,2.3666666666666667
33891_1,videos_squat/33891_1.mp4,train,squat,knees_forward,True,False,"[[0.55, 2.3]]",[],1,87,30.0,480,480,2.9
33919_1,videos_squat/33919_1.mp4,unassigned,squat,no_annotated_error,False,False,[],[],0,102,30.0,480,480,3.4
33921_1,videos_squat/33921_1.mp4,unassigned,squat,no_annotated_error,False,False,[],[],0,122,30.0,480,600,4.066666666666666
33924_4,videos_squat/33924_4.mp4,unassigned,squat,no_annotated_error,False,False,[],[],0,71,30.0,480,480,2.3666666666666667
33933_2,videos_squat/33933_2.mp4,unassigned,squat,no_annotated_error,False,False,[],[],0,78,30.0,480,600,2.6
33934_3,videos_squat/33934_3.mp4,unassigned,squat,no_annotated_error,False,False,[],[],0,98,30.0,480,600,3.2666666666666666
33937_8,videos_squat/33937_8.mp4,unassigned,squat,no_annotated_error,False,False,[],[],0,153,30.0,480,480,5.1
33938_1,videos_squat/33938_1.mp4,unassigned,squat,no_annotated_error,False,False,[],[],0,120,30.0,480,600,4.0
33941_1,videos_squat/33941_1.mp4,unassigned,squat,no_annotated_error,False,False,[],[],0,76,30.0,480,480,2.533333333333333
33943_1,videos_squat/33943_1.mp4,unassigned,squat,no_annotated_error,False,False,[],[],0,108,30.0,480,600,3.6
33944_1,videos_squat/33944_1.mp4,unassigned,squat,no_annotated_error,False,False,[],[],0,93,30.0,480,600,3.1
33947_3,videos_squat/33947_3.mp4,unassigned,squat,no_annotated_error,False,False,[],[],0,93,30.0,480,600,3.1
33948_1,videos_squat/33948_1.mp4,unassigned,squat,no_annotated_error,False,False,[],[],0,130,30.0,480,600,4.333333333333333
33950_2,videos_squat/33950_2.mp4,unassigned,squat,no_annotated_error,False,False,[],[],0,66,30.0,480,600,2.2
33957_5,videos_squat/33957_5.mp4,unassigned,squat,no_annotated_error,False,False,[],[],0,88,30.0,480,270,2.933333333333333
33959_1,videos_squat/33959_1.mp4,unassigned,squat,no_annotated_error,False,False,[],[],0,100,30.0,480,600,3.3333333333333335
33961_2,videos_squat/33961_2.mp4,unassigned,squat,no_annotated_error,False,False,[],[],0,181,30.0,480,600,6.033333333333333
33966_2,videos_squat/33966_2.mp4,unassigned,squat,no_annotated_error,False,False,[],[],0,80,30.0,480,480,2.6666666666666665
36015_1,videos_squat/36015_1.mp4,train,squat,no_annotated_error,False,False,[],[],0,87,30.0,480,600,2.9
36021_1,videos_squat/36021_1.mp4,train,squat,knees_forward,True,False,"[[3.03, 5.24]]",[],1,174,30.0,480,480,5.8
36025_1,videos_squat/36025_1.mp4,train,squat,no_annotated_error,False,False,[],[],0,88,30.0,480,480,2.933333333333333
36035_2,videos_squat/36035_2.mp4,val,squat,knees_forward,True,False,"[[2.75, 3.72]]",[],1,120,30.0,480,600,4.0
36037_2,videos_squat/36037_2.mp4,train,squat,knees_forward,True,False,"[[0.86, 2.08]]",[],1,83,30.0,480,600,2.7666666666666666
36041_6,videos_squat/36041_6.mp4,test,squat,knees_forward,True,False,"[[0.89, 1.87], [0.63, 1.83]]",[],2,72,30.0,480,480,2.4
36043_3,videos_squat/36043_3.mp4,val,squat,no_annotated_error,False,False,[],[],0,72,30.0,480,480,2.4
36046_4,videos_squat/36046_4.mp4,train,squat,knees_forward,True,False,"[[0.89, 2.02]]",[],1,74,30.0,480,480,2.466666666666667
36049_2,videos_squat/36049_2.mp4,val,squat,knees_forward,True,False,"[[4.57, 6.82]]",[],1,244,30.0,480,480,8.133333333333333
36058_3,videos_squat/36058_3.mp4,test,squat,no_annotated_error,False,False,[],[],0,163,30.0,480,480,5.433333333333334
36077_1,videos_squat/36077_1.mp4,test,squat,knees_forward,True,False,"[[1.33, 2.68]]",[],1,98,30.0,480,270,3.2666666666666666
36081_3,videos_squat/36081_3.mp4,train,squat,no_annotated_error,False,False,[],[],0,155,30.0,480,600,5.166666666666667
36083_1,videos_squat/36083_1.mp4,train,squat,knees_forward,True,False,"[[1.64, 3.05]]",[],1,98,30.0,480,480,3.2666666666666666
36085_1,videos_squat/36085_1.mp4,train,squat,no_annotated_error,False,False,[],[],0,280,30.0,480,480,9.333333333333334
36088_1,videos_squat/36088_1.mp4,train,squat,knees_forward,True,False,"[[1.2, 3.22]]",[],1,110,30.0,480,480,3.6666666666666665
36091_2,videos_squat/36091_2.mp4,train,squat,knees_forward,True,False,"[[1.08, 2.93]]",[],1,98,30.0,480,480,3.2666666666666666
36092_3,videos_squat/36092_3.mp4,train,squat,knees_forward,True,False,"[[0.81, 3.78]]",[],1,139,30.0,480,480,4.633333333333334
36093_1,videos_squat/36093_1.mp4,val,squat,knees_forward,True,False,"[[1.22, 4.96]]",[],1,166,30.0,480,480,5.533333333333333
36107_1,videos_squat/36107_1.mp4,train,squat,knees_forward,True,False,"[[0.86, 1.84]]",[],1,92,30.0,480,600,3.066666666666667
36110_8,videos_squat/36110_8.mp4,train,squat,no_annotated_error,False,False,[],[],0,69,30.0,480,270,2.3
36113_1,videos_squat/36113_1.mp4,train,squat,no_annotated_error,False,False,[],[],0,117,30.0,480,480,3.9
36124_1,videos_squat/36124_1.mp4,train,squat,knees_forward,True,False,"[[3.27, 5.54]]",[],1,249,30.0,480,480,8.3
36129_2,videos_squat/36129_2.mp4,train,squat,knees_forward,True,False,"[[0.91, 2.23], [0.91, 1.77]]",[],2,85,30.0,480,600,2.8333333333333335
36131_1,videos_squat/36131_1.mp4,train,squat,knees_forward,True,False,"[[0.43, 1.72]]",[],1,76,30.0,480,480,2.533333333333333
36133_2,videos_squat/36133_2.mp4,train,squat,knees_forward,True,False,"[[1.92, 2.96]]",[],1,118,30.0,480,480,3.933333333333333
36138_3,videos_squat/36138_3.mp4,val,squat,knees_forward,True,False,"[[2.28, 3.9], [0.8, 1.8]]",[],2,135,30.0,480,480,4.5
36143_1,videos_squat/36143_1.mp4,test,squat,multiple_annotated_errors,True,True,"[[3.87, 7.69]]","[[3.12, 4.96]]",2,247,30.0,480,600,8.233333333333333
36145_1,videos_squat/36145_1.mp4,train,squat,no_annotated_error,False,False,[],[],0,102,30.0,480,480,3.4
36150_1,videos_squat/36150_1.mp4,train,squat,knees_forward,True,False,"[[3.0, 4.74]]",[],1,148,30.0,480,600,4.933333333333334
36154_3,videos_squat/36154_3.mp4,train,squat,knees_forward,True,False,"[[0.58, 2.28]]",[],1,118,30.0,480,480,3.933333333333333
36155_3,videos_squat/36155_3.mp4,train,squat,knees_forward,True,False,"[[0.69, 2.73]]",[],1,93,30.0,480,480,3.1
36158_2,videos_squat/36158_2.mp4,train,squat,knees_forward,True,False,"[[0.56, 2.65]]",[],1,91,30.0,480,480,3.033333333333333
36165_1,videos_squat/36165_1.mp4,train,squat,knees_forward,True,False,"[[0.56, 1.86]]",[],1,84,30.0,480,600,2.8
36166_1,videos_squat/36166_1.mp4,train,squat,no_annotated_error,False,False,[],[],0,146,30.0,480,480,4.866666666666666
36170_1,videos_squat/36170_1.mp4,train,squat,multiple_annotated_errors,True,True,"[[1.0, 4.85]]","[[1.77, 3.88], [1.7, 3.33]]",3,154,30.0,480,480,5.133333333333334
36186_3,videos_squat/36186_3.mp4,train,squat,knees_forward,True,False,"[[1.02, 2.38]]",[],1,104,30.0,480,600,3.466666666666667
36190_2,videos_squat/36190_2.mp4,train,squat,knees_forward,True,False,"[[1.14, 2.56]]",[],1,112,30.0,480,480,3.7333333333333334
36206_2,videos_squat/36206_2.mp4,train,squat,no_annotated_error,False,False,[],[],0,194,30.0,480,480,6.466666666666667
36212_3,videos_squat/36212_3.mp4,val,squat,no_annotated_error,False,False,[],[],0,84,30.0,480,480,2.8
36221_1,videos_squat/36221_1.mp4,test,squat,no_annotated_error,False,False,[],[],0,91,30.0,480,270,3.033333333333333
36222_1,videos_squat/36222_1.mp4,test,squat,no_annotated_error,False,False,[],[],0,133,30.0,480,480,4.433333333333334
36224_1,videos_squat/36224_1.mp4,train,squat,no_annotated_error,False,False,[],[],0,84,30.0,480,480,2.8
36233_1,videos_squat/36233_1.mp4,test,squat,knees_forward,True,False,"[[3.95, 6.27]]",[],1,306,30.0,480,600,10.2
36236_2,videos_squat/36236_2.mp4,test,squat,no_annotated_error,False,False,[],[],0,87,30.0,480,600,2.9
36238_5,videos_squat/36238_5.mp4,train,squat,knees_forward,True,False,"[[2.02, 3.43]]",[],1,113,30.0,480,600,3.7666666666666666
36240_1,videos_squat/36240_1.mp4,train,squat,multiple_annotated_errors,True,True,"[[3.89, 5.58]]","[[3.54, 5.18]]",2,174,30.0,480,480,5.8
36243_3,videos_squat/36243_3.mp4,val,squat,knees_forward,True,False,"[[0.75, 2.02]]",[],1,74,30.0,480,600,2.466666666666667
36249_1,videos_squat/36249_1.mp4,train,squat,knees_forward,True,False,"[[0.9, 1.58], [3.22, 4.34]]",[],2,141,30.0,480,480,4.7
36254_3,videos_squat/36254_3.mp4,test,squat,no_annotated_error,False,False,[],[],0,74,30.0,480,600,2.466666666666667
36257_1,videos_squat/36257_1.mp4,train,squat,multiple_annotated_errors,True,True,"[[2.11, 2.98]]","[[1.56, 2.86]]",2,95,30.0,480,600,3.1666666666666665
36258_1,videos_squat/36258_1.mp4,train,squat,knees_forward,True,False,"[[0.77, 2.34]]",[],1,94,30.0,480,480,3.1333333333333333
36261_1,videos_squat/36261_1.mp4,train,squat,knees_forward,True,False,"[[0.69, 5.56]]",[],1,206,30.0,480,600,6.866666666666666
36264_2,videos_squat/36264_2.mp4,train,squat,knees_forward,True,False,"[[0.85, 2.09], [0.65, 1.44]]",[],2,100,30.0,480,600,3.3333333333333335
36267_1,videos_squat/36267_1.mp4,train,squat,knees_forward,True,False,"[[2.4, 3.61]]",[],1,119,30.0,480,480,3.966666666666667
36269_1,videos_squat/36269_1.mp4,train,squat,multiple_annotated_errors,True,True,"[[0.71, 2.24]]","[[1.7, 2.87]]",2,115,30.0,480,480,3.8333333333333335
36271_3,videos_squat/36271_3.mp4,train,squat,knees_forward,True,False,"[[0.63, 2.08]]",[],1,128,30.0,480,600,4.266666666666667
36275_2,videos_squat/36275_2.mp4,test,squat,no_annotated_error,False,False,[],[],0,244,30.0,480,480,8.133333333333333
36276_4,videos_squat/36276_4.mp4,test,squat,knees_forward,True,False,"[[1.19, 2.6]]",[],1,102,30.0,480,600,3.4
36288_3,videos_squat/36288_3.mp4,test,squat,multiple_annotated_errors,True,True,"[[1.77, 2.28]]","[[1.27, 1.93]]",2,84,30.0,480,480,2.8
36289_4,videos_squat/36289_4.mp4,train,squat,knees_forward,True,False,"[[1.33, 2.87]]",[],1,107,30.0,480,270,3.566666666666667
36292_2,videos_squat/36292_2.mp4,train,squat,knees_forward,True,False,"[[0.66, 2.46]]",[],1,83,30.0,480,480,2.7666666666666666
36295_1,videos_squat/36295_1.mp4,train,squat,no_annotated_error,False,False,[],[],0,84,30.0,480,270,2.8
36308_2,videos_squat/36308_2.mp4,train,squat,knees_forward,True,False,"[[2.17, 3.29]]",[],1,105,30.0,480,252,3.5
36309_3,videos_squat/36309_3.mp4,train,squat,knees_forward,True,False,"[[1.05, 2.49]]",[],1,120,30.0,480,600,4.0
36318_5,videos_squat/36318_5.mp4,train,squat,no_annotated_error,False,False,[],[],0,34,30.0,480,270,1.1333333333333333
36324_1,videos_squat/36324_1.mp4,train,squat,no_annotated_error,False,False,[],[],0,171,30.0,480,480,5.7
36325_1,videos_squat/36325_1.mp4,train,squat,multiple_annotated_errors,True,True,"[[1.4, 2.68], [0.77, 1.99], [2.53, 3.14]]","[[1.65, 2.92], [1.72, 2.96]]",5,102,30.0,480,480,3.4
36329_2,videos_squat/36329_2.mp4,train,squat,knees_forward,True,False,"[[0.99, 3.39]]",[],1,115,30.0,480,600,3.8333333333333335
36345_3,videos_squat/36345_3.mp4,val,squat,knees_forward,True,False,"[[0.51, 2.48]]",[],1,85,30.0,480,480,2.8333333333333335
36350_4,videos_squat/36350_4.mp4,test,squat,knees_forward,True,False,"[[0.58, 1.57]]",[],1,66,30.0,480,600,2.2
36351_11,videos_squat/36351_11.mp4,val,squat,multiple_annotated_errors,True,True,"[[0.55, 1.24]]","[[1.04, 1.44]]",2,63,30.0,480,270,2.1
36354_2,videos_squat/36354_2.mp4,train,squat,knees_forward,True,False,"[[0.86, 2.26]]",[],1,92,30.0,480,480,3.066666666666667
36358_1,videos_squat/36358_1.mp4,train,squat,knees_forward,True,False,"[[3.36, 5.31], [3.37, 6.48]]",[],2,201,30.0,480,600,6.7
36359_3,videos_squat/36359_3.mp4,train,squat,no_annotated_error,False,False,[],[],0,69,30.0,480,270,2.3
36360_2,videos_squat/36360_2.mp4,val,squat,knees_forward,True,False,"[[3.7, 4.66]]",[],1,148,30.0,480,480,4.933333333333334
36362_6,videos_squat/36362_6.mp4,train,squat,knees_forward,True,False,"[[0.55, 1.63]]",[],1,68,30.0,480,600,2.2666666666666666
36365_3,videos_squat/36365_3.mp4,val,squat,knees_forward,True,False,"[[0.53, 2.94]]",[],1,98,30.0,480,600,3.2666666666666666
36371_2,videos_squat/36371_2.mp4,train,squat,knees_forward,True,False,"[[1.64, 5.08]]",[],1,161,30.0,480,480,5.366666666666666
36373_1,videos_squat/36373_1.mp4,train,squat,knees_forward,True,False,"[[1.39, 3.02]]",[],1,149,30.0,480,480,4.966666666666667
36375_1,videos_squat/36375_1.mp4,val,squat,knees_forward,True,False,"[[0.86, 3.59]]",[],1,120,30.0,480,600,4.0
36389_4,videos_squat/36389_4.mp4,train,squat,knees_forward,True,False,"[[0.77, 2.21]]",[],1,91,30.0,480,480,3.033333333333333
36399_1,videos_squat/36399_1.mp4,train,squat,knees_forward,True,False,"[[0.74, 1.78], [0.46, 1.4]]",[],2,78,30.0,480,600,2.6
36408_2,videos_squat/36408_2.mp4,train,squat,knees_forward,True,False,"[[0.44, 2.09]]",[],1,114,30.0,480,270,3.8
36431_1,videos_squat/36431_1.mp4,train,squat,knees_forward,True,False,"[[5.96, 10.43]]",[],1,374,30.0,480,480,12.466666666666667
36434_2,videos_squat/36434_2.mp4,train,squat,no_annotated_error,False,False,[],[],0,93,30.0,480,600,3.1
36449_2,videos_squat/36449_2.mp4,train,squat,knees_forward,True,False,"[[2.16, 3.51], [1.63, 3.65]]",[],2,168,30.0,480,480,5.6
36450_1,videos_squat/36450_1.mp4,val,squat,no_annotated_error,False,False,[],[],0,63,30.0,480,480,2.1
36453_3,videos_squat/36453_3.mp4,train,squat,knees_forward,True,False,"[[0.62, 1.42]]",[],1,72,30.0,480,600,2.4
36464_2,videos_squat/36464_2.mp4,test,squat,multiple_annotated_errors,True,True,"[[0.65, 1.84]]","[[1.59, 2.68], [1.57, 2.64]]",3,92,30.0,480,480,3.066666666666667
36471_2,videos_squat/36471_2.mp4,test,squat,knees_forward,True,False,"[[0.9, 3.45]]",[],1,115,30.0,480,480,3.8333333333333335
36474_2,videos_squat/36474_2.mp4,train,squat,knees_forward,True,False,"[[1.1, 2.77]]",[],1,94,30.0,480,600,3.1333333333333333
36475_5,videos_squat/36475_5.mp4,train,squat,no_annotated_error,False,False,[],[],0,102,30.0,480,480,3.4
36477_2,videos_squat/36477_2.mp4,train,squat,knees_forward,True,False,"[[1.44, 2.07], [0.49, 1.27]]",[],2,70,30.0,480,600,2.3333333333333335
36478_7,videos_squat/36478_7.mp4,train,squat,knees_forward,True,False,"[[0.56, 1.7]]",[],1,64,30.0,480,480,2.1333333333333333
36493_2,videos_squat/36493_2.mp4,test,squat,knees_forward,True,False,"[[1.01, 1.9]]",[],1,75,30.0,480,600,2.5
36497_2,videos_squat/36497_2.mp4,train,squat,no_annotated_error,False,False,[],[],0,86,30.0,480,480,2.8666666666666667
36499_1,videos_squat/36499_1.mp4,train,squat,knees_forward,True,False,"[[2.94, 3.74]]",[],1,120,30.0,480,600,4.0
36501_1,videos_squat/36501_1.mp4,train,squat,knees_forward,True,False,"[[2.39, 3.34]]",[],1,110,30.0,480,270,3.6666666666666665
36502_2,videos_squat/36502_2.mp4,train,squat,knees_forward,True,False,"[[1.07, 3.33], [0.81, 2.38]]",[],2,116,30.0,480,480,3.8666666666666667
36504_1,videos_squat/36504_1.mp4,train,squat,knees_forward,True,False,"[[1.49, 2.85]]",[],1,95,30.0,480,600,3.1666666666666665
36506_1,videos_squat/36506_1.mp4,train,squat,knees_forward,True,False,"[[1.08, 2.23]]",[],1,92,30.0,480,600,3.066666666666667
36511_1,videos_squat/36511_1.mp4,train,squat,knees_forward,True,False,"[[0.73, 2.07]]",[],1,86,30.0,480,480,2.8666666666666667
36533_5,videos_squat/36533_5.mp4,test,squat,multiple_annotated_errors,True,True,"[[0.74, 1.89]]","[[1.04, 1.45]]",2,72,30.0,480,480,2.4
36534_5,videos_squat/36534_5.mp4,test,squat,knees_forward,True,False,"[[0.68, 1.86]]",[],1,77,30.0,480,600,2.566666666666667
36544_1,videos_squat/36544_1.mp4,train,squat,knees_forward,True,False,"[[1.25, 3.76]]",[],1,117,30.0,480,480,3.9
36548_3,videos_squat/36548_3.mp4,train,squat,multiple_annotated_errors,True,True,"[[0.82, 2.52]]","[[1.79, 2.56]]",2,100,30.0,480,600,3.3333333333333335
36552_1,videos_squat/36552_1.mp4,val,squat,knees_forward,True,False,"[[3.21, 4.17]]",[],1,145,30.0,480,480,4.833333333333333
36563_2,videos_squat/36563_2.mp4,train,squat,no_annotated_error,False,False,[],[],0,206,30.0,480,480,6.866666666666666
36584_1,videos_squat/36584_1.mp4,train,squat,knees_forward,True,False,"[[1.27, 2.6]]",[],1,90,30.0,480,480,3.0
36585_1,videos_squat/36585_1.mp4,test,squat,knees_forward,True,False,"[[0.66, 4.51]]",[],1,149,30.0,480,480,4.966666666666667
36586_1,videos_squat/36586_1.mp4,train,squat,knees_forward,True,False,"[[0.37, 2.32], [0.11, 1.67], [1.82, 2.28]]",[],3,72,30.0,480,600,2.4
36598_10,videos_squat/36598_10.mp4,train,squat,knees_forward,True,False,"[[0.72, 1.82]]",[],1,62,30.0,480,480,2.066666666666667
36599_2,videos_squat/36599_2.mp4,val,squat,knees_forward,True,False,"[[0.59, 2.1]]",[],1,78,30.0,480,600,2.6
36602_4,videos_squat/36602_4.mp4,train,squat,knees_forward,True,False,"[[0.97, 3.62]]",[],1,131,30.0,480,480,4.366666666666666
36613_2,videos_squat/36613_2.mp4,train,squat,knees_forward,True,False,"[[0.76, 2.38]]",[],1,98,30.0,480,480,3.2666666666666666
36614_10,videos_squat/36614_10.mp4,train,squat,knees_forward,True,False,"[[2.71, 4.29]]",[],1,147,30.0,480,480,4.9
36627_3,videos_squat/36627_3.mp4,train,squat,no_annotated_error,False,False,[],[],0,82,30.0,480,480,2.7333333333333334
36638_1,videos_squat/36638_1.mp4,test,squat,knees_forward,True,False,"[[2.37, 3.96]]",[],1,135,30.0,480,480,4.5
36640_1,videos_squat/36640_1.mp4,train,squat,knees_forward,True,False,"[[1.17, 3.07]]",[],1,140,30.0,480,480,4.666666666666667
36644_6,videos_squat/36644_6.mp4,val,squat,knees_forward,True,False,"[[0.35, 1.37]]",[],1,63,30.0,480,480,2.1
36653_2,videos_squat/36653_2.mp4,train,squat,no_annotated_error,False,False,[],[],0,115,30.0,480,480,3.8333333333333335
36654_1,videos_squat/36654_1.mp4,val,squat,knees_forward,True,False,"[[1.37, 3.78]]",[],1,158,30.0,480,480,5.266666666666667
36663_1,videos_squat/36663_1.mp4,val,squat,multiple_annotated_errors,True,True,"[[2.83, 7.11]]","[[5.15, 7.0], [5.35, 7.12]]",3,223,30.0,480,480,7.433333333333334
36667_1,videos_squat/36667_1.mp4,train,squat,no_annotated_error,False,False,[],[],0,112,30.0,480,600,3.7333333333333334
36669_2,videos_squat/36669_2.mp4,train,squat,no_annotated_error,False,False,[],[],0,99,30.0,480,480,3.3
36672_1,videos_squat/36672_1.mp4,val,squat,no_annotated_error,False,False,[],[],0,82,30.0,480,480,2.7333333333333334
36679_5,videos_squat/36679_5.mp4,train,squat,knees_inward,False,True,[],"[[2.94, 4.05]]",1,202,30.0,480,404,6.733333333333333
36680_12,videos_squat/36680_12.mp4,test,squat,knees_forward,True,False,"[[1.12, 3.6], [2.9, 3.83]]",[],2,128,30.0,480,270,4.266666666666667
36687_3,videos_squat/36687_3.mp4,train,squat,no_annotated_error,False,False,[],[],0,61,30.0,480,600,2.033333333333333
36706_4,videos_squat/36706_4.mp4,train,squat,no_annotated_error,False,False,[],[],0,76,30.0,480,600,2.533333333333333
36709_1,videos_squat/36709_1.mp4,val,squat,knees_forward,True,False,"[[3.9, 5.65]]",[],1,171,30.0,480,600,5.7
36718_4,videos_squat/36718_4.mp4,train,squat,knees_forward,True,False,"[[0.83, 2.07]]",[],1,84,30.0,480,480,2.8
36730_1,videos_squat/36730_1.mp4,train,squat,knees_forward,True,False,"[[2.34, 3.62]]",[],1,156,30.0,480,600,5.2
36731_1,videos_squat/36731_1.mp4,train,squat,multiple_annotated_errors,True,True,"[[3.36, 6.63]]","[[4.46, 6.34]]",2,262,30.0,480,480,8.733333333333333
36732_3,videos_squat/36732_3.mp4,test,squat,knees_forward,True,False,"[[0.68, 2.97]]",[],1,97,30.0,480,270,3.2333333333333334
36738_3,videos_squat/36738_3.mp4,train,squat,knees_forward,True,False,"[[2.63, 3.85]]",[],1,137,30.0,480,480,4.566666666666666
36740_1,videos_squat/36740_1.mp4,train,squat,knees_forward,True,False,"[[0.83, 2.47]]",[],1,87,30.0,480,600,2.9
36745_2,videos_squat/36745_2.mp4,train,squat,knees_forward,True,False,"[[2.35, 6.0]]",[],1,222,30.0,480,480,7.4
36746_1,videos_squat/36746_1.mp4,val,squat,knees_forward,True,False,"[[5.56, 9.86]]",[],1,304,30.0,480,480,10.133333333333333
36748_2,videos_squat/36748_2.mp4,train,squat,knees_forward,True,False,"[[1.04, 1.93]]",[],1,79,30.0,480,480,2.6333333333333333
36759_3,videos_squat/36759_3.mp4,train,squat,multiple_annotated_errors,True,True,"[[1.06, 3.81]]","[[1.61, 3.17], [1.59, 2.99]]",3,117,30.0,480,600,3.9
36761_2,videos_squat/36761_2.mp4,train,squat,no_annotated_error,False,False,[],[],0,89,30.0,480,270,2.966666666666667
36769_1,videos_squat/36769_1.mp4,val,squat,no_annotated_error,False,False,[],[],0,88,30.0,480,600,2.933333333333333
36772_6,videos_squat/36772_6.mp4,train,squat,knees_forward,True,False,"[[0.35, 1.24]]",[],1,50,30.0,480,600,1.6666666666666667
36777_4,videos_squat/36777_4.mp4,val,squat,knees_forward,True,False,"[[1.13, 3.2]]",[],1,105,30.0,480,480,3.5
36784_1,videos_squat/36784_1.mp4,train,squat,knees_forward,True,False,"[[4.07, 7.12]]",[],1,287,30.0,480,480,9.566666666666666
36788_2,videos_squat/36788_2.mp4,train,squat,knees_forward,True,False,"[[0.51, 3.26]]",[],1,105,30.0,480,480,3.5
36796_1,videos_squat/36796_1.mp4,train,squat,knees_forward,True,False,"[[3.11, 4.26]]",[],1,133,30.0,480,480,4.433333333333334
36808_1,videos_squat/36808_1.mp4,train,squat,knees_forward,True,False,"[[0.67, 1.78]]",[],1,77,30.0,480,480,2.566666666666667
36809_2,videos_squat/36809_2.mp4,test,squat,knees_forward,True,False,"[[1.2, 3.2]]",[],1,103,30.0,480,600,3.433333333333333
36810_1,videos_squat/36810_1.mp4,train,squat,knees_forward,True,False,"[[0.91, 2.15]]",[],1,82,30.0,480,600,2.7333333333333334
36819_6,videos_squat/36819_6.mp4,train,squat,no_annotated_error,False,False,[],[],0,142,30.0,480,600,4.733333333333333
36821_3,videos_squat/36821_3.mp4,test,squat,multiple_annotated_errors,True,True,"[[1.07, 3.55]]","[[2.27, 3.21], [2.08, 3.34]]",3,117,30.0,480,480,3.9
36823_7,videos_squat/36823_7.mp4,train,squat,knees_forward,True,False,"[[0.62, 1.58]]",[],1,78,30.0,480,480,2.6
36828_1,videos_squat/36828_1.mp4,train,squat,knees_forward,True,False,"[[0.65, 2.36]]",[],1,175,30.0,480,480,5.833333333333333
36833_7,videos_squat/36833_7.mp4,train,squat,knees_forward,True,False,"[[0.68, 1.7]]",[],1,69,30.0,480,480,2.3
36835_1,videos_squat/36835_1.mp4,train,squat,knees_forward,True,False,"[[2.72, 5.62]]",[],1,174,30.0,480,480,5.8
36836_4,videos_squat/36836_4.mp4,train,squat,no_annotated_error,False,False,[],[],0,88,30.0,480,600,2.933333333333333
36839_2,videos_squat/36839_2.mp4,train,squat,knees_forward,True,False,"[[0.65, 2.38], [0.48, 1.54]]",[],2,105,30.0,480,270,3.5
36848_1,videos_squat/36848_1.mp4,train,squat,no_annotated_error,False,False,[],[],0,177,30.0,480,270,5.9
36858_1,videos_squat/36858_1.mp4,train,squat,knees_forward,True,False,"[[1.29, 4.19]]",[],1,131,30.0,480,480,4.366666666666666
36865_3,videos_squat/36865_3.mp4,test,squat,knees_forward,True,False,"[[1.07, 2.64]]",[],1,90,30.0,480,480,3.0
36873_2,videos_squat/36873_2.mp4,train,squat,knees_forward,True,False,"[[0.95, 2.59]]",[],1,89,30.0,480,600,2.966666666666667
36880_1,videos_squat/36880_1.mp4,train,squat,multiple_annotated_errors,True,True,"[[2.29, 3.71]]","[[3.1, 4.42]]",2,145,30.0,480,480,4.833333333333333
36885_2,videos_squat/36885_2.mp4,train,squat,knees_inward,False,True,[],"[[2.65, 3.88], [2.78, 3.52]]",2,126,30.0,480,480,4.2
36887_2,videos_squat/36887_2.mp4,train,squat,multiple_annotated_errors,True,True,"[[3.87, 4.63], [1.51, 2.94], [3.62, 4.68]]","[[2.86, 4.4], [2.85, 4.54]]",5,206,30.0,480,480,6.866666666666666
36889_2,videos_squat/36889_2.mp4,train,squat,knees_forward,True,False,"[[1.68, 5.03]]",[],1,159,30.0,480,270,5.3
36893_1,videos_squat/36893_1.mp4,train,squat,no_annotated_error,False,False,[],[],0,135,30.0,480,480,4.5
36897_1,videos_squat/36897_1.mp4,val,squat,no_annotated_error,False,False,[],[],0,130,30.0,480,600,4.333333333333333
36898_6,videos_squat/36898_6.mp4,train,squat,no_annotated_error,False,False,[],[],0,75,30.0,480,270,2.5
36899_1,videos_squat/36899_1.mp4,val,squat,no_annotated_error,False,False,[],[],0,107,30.0,480,600,3.566666666666667
36900_2,videos_squat/36900_2.mp4,train,squat,knees_inward,False,True,[],"[[2.23, 3.66], [2.23, 3.43]]",2,183,30.0,480,600,6.1
36907_1,videos_squat/36907_1.mp4,test,squat,knees_forward,True,False,"[[0.64, 3.6]]",[],1,116,30.0,480,600,3.8666666666666667
36910_1,videos_squat/36910_1.mp4,train,squat,no_annotated_error,False,False,[],[],0,89,30.0,480,270,2.966666666666667
36911_2,videos_squat/36911_2.mp4,train,squat,no_annotated_error,False,False,[],[],0,94,30.0,480,480,3.1333333333333333
36915_5,videos_squat/36915_5.mp4,train,squat,no_annotated_error,False,False,[],[],0,97,30.0,480,270,3.2333333333333334
36926_4,videos_squat/36926_4.mp4,val,squat,knees_forward,True,False,"[[0.9, 1.97]]",[],1,73,30.0,480,480,2.433333333333333
36930_6,videos_squat/36930_6.mp4,train,squat,no_annotated_error,False,False,[],[],0,73,30.0,480,600,2.433333333333333
36938_5,videos_squat/36938_5.mp4,train,squat,knees_forward,True,False,"[[2.08, 3.37]]",[],1,108,30.0,480,480,3.6
36940_6,videos_squat/36940_6.mp4,test,squat,no_annotated_error,False,False,[],[],0,71,30.0,480,270,2.3666666666666667
36943_3,videos_squat/36943_3.mp4,train,squat,knees_forward,True,False,"[[0.64, 1.67]]",[],1,68,30.0,480,600,2.2666666666666666
36947_1,videos_squat/36947_1.mp4,test,squat,knees_forward,True,False,"[[0.55, 1.91]]",[],1,69,30.0,480,480,2.3
36953_1,videos_squat/36953_1.mp4,train,squat,knees_forward,True,False,"[[2.17, 3.61]]",[],1,119,30.0,480,480,3.966666666666667
36954_2,videos_squat/36954_2.mp4,train,squat,knees_forward,True,False,"[[0.61, 2.06]]",[],1,88,30.0,480,480,2.933333333333333
36963_1,videos_squat/36963_1.mp4,train,squat,no_annotated_error,False,False,[],[],0,106,30.0,480,600,3.533333333333333
36964_1,videos_squat/36964_1.mp4,test,squat,no_annotated_error,False,False,[],[],0,229,30.0,480,600,7.633333333333334
36965_6,videos_squat/36965_6.mp4,train,squat,no_annotated_error,False,False,[],[],0,75,30.0,480,270,2.5
36968_1,videos_squat/36968_1.mp4,train,squat,knees_forward,True,False,"[[0.7, 3.43]]",[],1,177,30.0,480,600,5.9
36971_9,videos_squat/36971_9.mp4,val,squat,knees_forward,True,False,"[[0.9, 2.21]]",[],1,87,30.0,480,480,2.9
36974_2,videos_squat/36974_2.mp4,test,squat,no_annotated_error,False,False,[],[],0,135,30.0,480,600,4.5
36975_1,videos_squat/36975_1.mp4,test,squat,knees_forward,True,False,"[[2.64, 4.55]]",[],1,203,30.0,480,600,6.766666666666667
36977_2,videos_squat/36977_2.mp4,train,squat,knees_forward,True,False,"[[1.77, 2.83]]",[],1,92,30.0,480,600,3.066666666666667
36978_4,videos_squat/36978_4.mp4,test,squat,knees_forward,True,False,"[[2.22, 3.16]]",[],1,96,30.0,480,600,3.2
36979_1,videos_squat/36979_1.mp4,val,squat,knees_forward,True,False,"[[0.88, 4.37]]",[],1,141,30.0,480,480,4.7
36980_1,videos_squat/36980_1.mp4,test,squat,knees_forward,True,False,"[[2.0, 3.01]]",[],1,114,30.0,480,600,3.8
36983_4,videos_squat/36983_4.mp4,train,squat,knees_forward,True,False,"[[0.8, 1.7]]",[],1,78,30.0,480,480,2.6
36984_4,videos_squat/36984_4.mp4,val,squat,knees_forward,True,False,"[[0.58, 2.88]]",[],1,101,30.0,480,480,3.3666666666666667
36990_1,videos_squat/36990_1.mp4,train,squat,multiple_annotated_errors,True,True,"[[3.08, 5.87]]","[[4.16, 5.88], [4.01, 5.85]]",3,229,30.0,480,600,7.633333333333334
36991_2,videos_squat/36991_2.mp4,train,squat,knees_forward,True,False,"[[1.5, 4.32], [1.46, 2.91]]",[],2,142,30.0,480,600,4.733333333333333
36997_1,videos_squat/36997_1.mp4,train,squat,knees_forward,True,False,"[[0.62, 1.99]]",[],1,102,30.0,480,480,3.4
37000_1,videos_squat/37000_1.mp4,train,squat,knees_forward,True,False,"[[0.37, 1.63]]",[],1,81,30.0,480,600,2.7
37022_1,videos_squat/37022_1.mp4,test,squat,knees_forward,True,False,"[[1.86, 3.23], [1.87, 3.01]]",[],2,150,30.0,480,600,5.0
37036_2,videos_squat/37036_2.mp4,unassigned,squat,no_annotated_error,False,False,[],[],0,83,30.0,480,600,2.7666666666666666
37037_1,videos_squat/37037_1.mp4,unassigned,squat,no_annotated_error,False,False,[],[],0,175,30.0,480,480,5.833333333333333
37038_3,videos_squat/37038_3.mp4,unassigned,squat,no_annotated_error,False,False,[],[],0,84,30.0,480,480,2.8
37039_1,videos_squat/37039_1.mp4,unassigned,squat,no_annotated_error,False,False,[],[],0,117,30.0,480,480,3.9
37040_1,videos_squat/37040_1.mp4,unassigned,squat,no_annotated_error,False,False,[],[],0,145,30.0,480,480,4.833333333333333
37041_3,videos_squat/37041_3.mp4,unassigned,squat,no_annotated_error,False,False,[],[],0,85,30.0,480,480,2.8333333333333335
37042_2,videos_squat/37042_2.mp4,unassigned,squat,no_annotated_error,False,False,[],[],0,116,30.0,480,480,3.8666666666666667
37043_1,videos_squat/37043_1.mp4,unassigned,squat,no_annotated_error,False,False,[],[],0,89,30.0,480,270,2.966666666666667
37044_4,videos_squat/37044_4.mp4,unassigned,squat,no_annotated_error,False,False,[],[],0,88,30.0,480,600,2.933333333333333
37045_1,videos_squat/37045_1.mp4,unassigned,squat,no_annotated_error,False,False,[],[],0,95,30.0,480,600,3.1666666666666665
37046_4,videos_squat/37046_4.mp4,unassigned,squat,no_annotated_error,False,False,[],[],0,96,30.0,480,600,3.2
37047_2,videos_squat/37047_2.mp4,unassigned,squat,no_annotated_error,False,False,[],[],0,244,30.0,480,480,8.133333333333333
37048_2,videos_squat/37048_2.mp4,unassigned,squat,no_annotated_error,False,False,[],[],0,206,30.0,480,480,6.866666666666666
37049_3,videos_squat/37049_3.mp4,unassigned,squat,no_annotated_error,False,False,[],[],0,74,30.0,480,600,2.466666666666667
37050_1,videos_squat/37050_1.mp4,unassigned,squat,no_annotated_error,False,False,[],[],0,91,30.0,480,270,3.033333333333333
37051_1,videos_squat/37051_1.mp4,unassigned,squat,no_annotated_error,False,False,[],[],0,114,30.0,480,600,3.8
37052_1,videos_squat/37052_1.mp4,unassigned,squat,no_annotated_error,False,False,[],[],0,81,30.0,480,600,2.7
37053_4,videos_squat/37053_4.mp4,unassigned,squat,no_annotated_error,False,False,[],[],0,131,30.0,480,480,4.366666666666666
37054_1,videos_squat/37054_1.mp4,unassigned,squat,no_annotated_error,False,False,[],[],0,102,30.0,480,480,3.4
37055_1,videos_squat/37055_1.mp4,unassigned,squat,no_annotated_error,False,False,[],[],0,87,30.0,480,600,2.9
37056_1,videos_squat/37056_1.mp4,unassigned,squat,no_annotated_error,False,False,[],[],0,249,30.0,480,480,8.3
37057_3,videos_squat/37057_3.mp4,unassigned,squat,no_annotated_error,False,False,[],[],0,98,30.0,480,600,3.2666666666666666
37058_2,videos_squat/37058_2.mp4,unassigned,squat,no_annotated_error,False,False,[],[],0,75,30.0,480,600,2.5
37067_1,videos_squat/37067_1.mp4,train,squat,knees_forward,True,False,"[[0.66, 3.89]]",[],1,130,30.0,480,480,4.333333333333333
37069_1,videos_squat/37069_1.mp4,train,squat,knees_forward,True,False,"[[0.99, 2.08]]",[],1,92,30.0,480,600,3.066666666666667
37070_1,videos_squat/37070_1.mp4,train,squat,knees_forward,True,False,"[[0.87, 3.47]]",[],1,184,30.0,480,600,6.133333333333334
37072_3,videos_squat/37072_3.mp4,train,squat,knees_forward,True,False,"[[0.84, 2.51]]",[],1,109,30.0,480,480,3.6333333333333333
37073_2,videos_squat/37073_2.mp4,train,squat,knees_forward,True,False,"[[0.48, 1.11]]",[],1,78,30.0,480,480,2.6
37076_1,videos_squat/37076_1.mp4,train,squat,knees_forward,True,False,"[[1.15, 2.07]]",[],1,89,30.0,480,480,2.966666666666667
37077_2,videos_squat/37077_2.mp4,val,squat,no_annotated_error,False,False,[],[],0,82,30.0,480,480,2.7333333333333334
37080_4,videos_squat/37080_4.mp4,val,squat,knees_forward,True,False,"[[0.48, 1.6], [0.61, 1.4]]",[],2,72,30.0,480,600,2.4
37081_1,videos_squat/37081_1.mp4,train,squat,knees_forward,True,False,"[[0.55, 2.02]]",[],1,71,30.0,480,480,2.3666666666666667
37083_1,videos_squat/37083_1.mp4,test,squat,no_annotated_error,False,False,[],[],0,77,30.0,480,600,2.566666666666667
37092_1,videos_squat/37092_1.mp4,train,squat,knees_forward,True,False,"[[0.9, 2.02]]",[],1,87,30.0,480,600,2.9
37093_3,videos_squat/37093_3.mp4,train,squat,no_annotated_error,False,False,[],[],0,77,30.0,480,600,2.566666666666667
37094_1,videos_squat/37094_1.mp4,train,squat,knees_forward,True,False,"[[3.16, 5.27]]",[],1,191,30.0,480,600,6.366666666666666
37095_5,videos_squat/37095_5.mp4,train,squat,no_annotated_error,False,False,[],[],0,117,30.0,480,264,3.9
37099_7,videos_squat/37099_7.mp4,val,squat,no_annotated_error,False,False,[],[],0,76,30.0,480,600,2.533333333333333
37100_3,videos_squat/37100_3.mp4,train,squat,knees_forward,True,False,"[[0.75, 2.75]]",[],1,120,30.0,480,270,4.0
37105_3,videos_squat/37105_3.mp4,train,squat,no_annotated_error,False,False,[],[],0,128,30.0,480,480,4.266666666666667
37108_11,videos_squat/37108_11.mp4,test,squat,knees_forward,True,False,"[[0.67, 2.0]]",[],1,70,30.0,480,480,2.3333333333333335
37114_1,videos_squat/37114_1.mp4,train,squat,knees_forward,True,False,"[[2.49, 3.79]]",[],1,198,30.0,480,600,6.6
37117_1,videos_squat/37117_1.mp4,test,squat,knees_forward,True,False,"[[3.3, 5.24]]",[],1,168,30.0,480,600,5.6
37120_3,videos_squat/37120_3.mp4,train,squat,no_annotated_error,False,False,[],[],0,77,30.0,480,480,2.566666666666667
37121_13,videos_squat/37121_13.mp4,train,squat,no_annotated_error,False,False,[],[],0,83,30.0,480,480,2.7666666666666666
37122_4,videos_squat/37122_4.mp4,val,squat,knees_forward,True,False,"[[4.21, 5.51]]",[],1,173,30.0,480,480,5.766666666666667
37131_1,videos_squat/37131_1.mp4,train,squat,no_annotated_error,False,False,[],[],0,69,30.0,480,480,2.3
37135_3,videos_squat/37135_3.mp4,train,squat,no_annotated_error,False,False,[],[],0,70,30.0,480,480,2.3333333333333335
37137_1,videos_squat/37137_1.mp4,val,squat,knees_forward,True,False,"[[0.72, 2.81]]",[],1,122,30.0,480,480,4.066666666666666
37139_1,videos_squat/37139_1.mp4,val,squat,knees_inward,False,True,[],"[[2.54, 3.27]]",1,172,30.0,480,480,5.733333333333333
37145_1,videos_squat/37145_1.mp4,train,squat,knees_forward,True,False,"[[2.63, 3.91]]",[],1,131,30.0,480,480,4.366666666666666
37151_1,videos_squat/37151_1.mp4,train,squat,knees_forward,True,False,"[[0.64, 4.72]]",[],1,155,30.0,480,600,5.166666666666667
37164_1,videos_squat/37164_1.mp4,train,squat,no_annotated_error,False,False,[],[],0,91,30.0,480,480,3.033333333333333
37165_2,videos_squat/37165_2.mp4,train,squat,knees_forward,True,False,"[[1.67, 2.85]]",[],1,142,30.0,480,600,4.733333333333333
37172_2,videos_squat/37172_2.mp4,train,squat,knees_forward,True,False,"[[0.68, 1.62]]",[],1,67,30.0,480,480,2.2333333333333334
37173_1,videos_squat/37173_1.mp4,test,squat,knees_forward,True,False,"[[1.19, 2.36]]",[],1,97,30.0,480,480,3.2333333333333334
37179_1,videos_squat/37179_1.mp4,train,squat,knees_forward,True,False,"[[0.76, 4.08]]",[],1,130,30.0,480,270,4.333333333333333
37180_2,videos_squat/37180_2.mp4,train,squat,knees_forward,True,False,"[[0.98, 2.34]]",[],1,90,30.0,480,600,3.0
37193_1,videos_squat/37193_1.mp4,train,squat,knees_forward,True,False,"[[1.33, 2.61], [1.43, 2.18]]",[],2,101,30.0,480,480,3.3666666666666667
37196_5,videos_squat/37196_5.mp4,train,squat,knees_forward,True,False,"[[1.14, 2.87]]",[],1,93,30.0,480,480,3.1
37197_5,videos_squat/37197_5.mp4,train,squat,multiple_annotated_errors,True,True,"[[0.89, 2.09]]","[[1.44, 2.31], [1.43, 2.1]]",3,83,30.0,480,600,2.7666666666666666
37203_3,videos_squat/37203_3.mp4,val,squat,no_annotated_error,False,False,[],[],0,96,30.0,480,480,3.2
37205_5,videos_squat/37205_5.mp4,train,squat,multiple_annotated_errors,True,True,"[[0.95, 2.12]]","[[1.4, 2.61]]",2,89,30.0,480,600,2.966666666666667
37206_3,videos_squat/37206_3.mp4,train,squat,knees_forward,True,False,"[[0.97, 1.73]]",[],1,59,30.0,480,480,1.9666666666666666
37214_1,videos_squat/37214_1.mp4,test,squat,knees_forward,True,False,"[[2.03, 4.38]]",[],1,139,30.0,480,480,4.633333333333334
37215_5,videos_squat/37215_5.mp4,train,squat,no_annotated_error,False,False,[],[],0,150,30.0,480,600,5.0
37219_5,videos_squat/37219_5.mp4,val,squat,no_annotated_error,False,False,[],[],0,61,30.0,480,600,2.033333333333333
37223_1,videos_squat/37223_1.mp4,train,squat,knees_forward,True,False,"[[2.21, 5.23], [4.62, 5.32]]",[],2,167,30.0,480,600,5.566666666666666
37224_1,videos_squat/37224_1.mp4,val,squat,knees_forward,True,False,"[[1.16, 3.45]]",[],1,130,30.0,480,600,4.333333333333333
37238_1,videos_squat/37238_1.mp4,train,squat,knees_forward,True,False,"[[0.7, 2.71]]",[],1,118,30.0,480,600,3.933333333333333
37242_1,videos_squat/37242_1.mp4,train,squat,knees_forward,True,False,"[[2.15, 3.19]]",[],1,149,30.0,480,324,4.966666666666667
37249_4,videos_squat/37249_4.mp4,test,squat,no_annotated_error,False,False,[],[],0,76,30.0,480,480,2.533333333333333
37250_4,videos_squat/37250_4.mp4,test,squat,no_annotated_error,False,False,[],[],0,76,30.0,480,480,2.533333333333333
37251_1,videos_squat/37251_1.mp4,train,squat,knees_forward,True,False,"[[2.85, 4.44]]",[],1,151,30.0,480,480,5.033333333333333
37261_2,videos_squat/37261_2.mp4,val,squat,knees_forward,True,False,"[[1.94, 4.11]]",[],1,129,30.0,480,600,4.3
37262_2,videos_squat/37262_2.mp4,test,squat,knees_forward,True,False,"[[1.95, 4.05]]",[],1,129,30.0,480,600,4.3
37265_1,videos_squat/37265_1.mp4,test,squat,knees_forward,True,False,"[[3.06, 5.97]]",[],1,190,30.0,480,600,6.333333333333333
37278_3,videos_squat/37278_3.mp4,train,squat,no_annotated_error,False,False,[],[],0,72,30.0,480,480,2.4
37286_1,videos_squat/37286_1.mp4,test,squat,multiple_annotated_errors,True,True,"[[0.82, 3.66]]","[[1.72, 3.47], [1.76, 3.27]]",3,138,30.0,480,600,4.6
37287_2,videos_squat/37287_2.mp4,train,squat,knees_forward,True,False,"[[1.02, 2.6]]",[],1,99,30.0,480,600,3.3
37292_4,videos_squat/37292_4.mp4,val,squat,no_annotated_error,False,False,[],[],0,133,30.0,480,480,4.433333333333334
37295_2,videos_squat/37295_2.mp4,train,squat,knees_forward,True,False,"[[1.18, 3.61]]",[],1,119,30.0,480,270,3.966666666666667
37300_6,videos_squat/37300_6.mp4,train,squat,knees_forward,True,False,"[[1.73, 2.63]]",[],1,82,30.0,480,270,2.7333333333333334
37304_1,videos_squat/37304_1.mp4,train,squat,knees_forward,True,False,"[[1.15, 3.61]]",[],1,122,30.0,480,600,4.066666666666666
37305_3,videos_squat/37305_3.mp4,train,squat,knees_forward,True,False,"[[0.65, 1.75]]",[],1,100,30.0,480,480,3.3333333333333335
37327_1,videos_squat/37327_1.mp4,train,squat,knees_forward,True,False,"[[1.73, 2.64], [0.83, 1.6], [2.29, 3.01]]",[],3,138,30.0,480,480,4.6
37337_1,videos_squat/37337_1.mp4,train,squat,knees_forward,True,False,"[[2.03, 2.85]]",[],1,90,30.0,480,600,3.0
37340_1,videos_squat/37340_1.mp4,train,squat,knees_forward,True,False,"[[1.31, 3.53]]",[],1,120,30.0,480,480,4.0
37342_4,videos_squat/37342_4.mp4,train,squat,knees_forward,True,False,"[[1.35, 3.25]]",[],1,136,30.0,480,600,4.533333333333333
37351_3,videos_squat/37351_3.mp4,train,squat,knees_forward,True,False,"[[0.67, 2.3]]",[],1,96,30.0,480,600,3.2
37362_7,videos_squat/37362_7.mp4,train,squat,no_annotated_error,False,False,[],[],0,156,30.0,480,480,5.2
37367_2,videos_squat/37367_2.mp4,train,squat,knees_forward,True,False,"[[1.82, 3.69]]",[],1,116,30.0,480,480,3.8666666666666667
37371_1,videos_squat/37371_1.mp4,train,squat,knees_forward,True,False,"[[2.16, 2.99]]",[],1,110,30.0,480,600,3.6666666666666665
37376_2,videos_squat/37376_2.mp4,train,squat,no_annotated_error,False,False,[],[],0,116,30.0,480,600,3.8666666666666667
37389_1,videos_squat/37389_1.mp4,train,squat,no_annotated_error,False,False,[],[],0,82,30.0,480,264,2.7333333333333334
37394_4,videos_squat/37394_4.mp4,train,squat,knees_forward,True,False,"[[1.39, 2.46]]",[],1,93,30.0,480,600,3.1
37400_2,videos_squat/37400_2.mp4,train,squat,no_annotated_error,False,False,[],[],0,77,30.0,480,480,2.566666666666667
37403_1,videos_squat/37403_1.mp4,train,squat,knees_forward,True,False,"[[2.34, 3.72]]",[],1,121,30.0,480,600,4.033333333333333
37405_1,videos_squat/37405_1.mp4,train,squat,multiple_annotated_errors,True,True,"[[0.86, 2.02]]","[[1.55, 2.49], [1.59, 2.39]]",3,90,30.0,480,600,3.0
37410_1,videos_squat/37410_1.mp4,train,squat,no_annotated_error,False,False,[],[],0,98,30.0,480,480,3.2666666666666666
37412_1,videos_squat/37412_1.mp4,train,squat,knees_forward,True,False,"[[1.56, 2.89]]",[],1,126,30.0,480,480,4.2
37413_6,videos_squat/37413_6.mp4,train,squat,no_annotated_error,False,False,[],[],0,67,30.0,480,270,2.2333333333333334
37421_2,videos_squat/37421_2.mp4,train,squat,no_annotated_error,False,False,[],[],0,47,30.0,480,600,1.5666666666666667
37423_1,videos_squat/37423_1.mp4,train,squat,multiple_annotated_errors,True,True,"[[0.69, 2.23]]","[[1.59, 2.67]]",2,150,30.0,480,480,5.0
37427_2,videos_squat/37427_2.mp4,train,squat,no_annotated_error,False,False,[],[],0,73,30.0,480,480,2.433333333333333
37428_1,videos_squat/37428_1.mp4,train,squat,knees_forward,True,False,"[[2.98, 3.95]]",[],1,189,30.0,480,480,6.3
37429_1,videos_squat/37429_1.mp4,test,squat,knees_forward,True,False,"[[0.79, 2.46]]",[],1,90,30.0,480,480,3.0
37430_2,videos_squat/37430_2.mp4,train,squat,knees_forward,True,False,"[[0.71, 1.64]]",[],1,71,30.0,480,600,2.3666666666666667
37432_2,videos_squat/37432_2.mp4,train,squat,knees_forward,True,False,"[[0.87, 4.17]]",[],1,131,30.0,480,480,4.366666666666666
37448_1,videos_squat/37448_1.mp4,train,squat,knees_forward,True,False,"[[0.92, 3.23]]",[],1,112,30.0,480,480,3.7333333333333334
37453_6,videos_squat/37453_6.mp4,train,squat,no_annotated_error,False,False,[],[],0,176,30.0,480,270,5.866666666666666
37455_1,videos_squat/37455_1.mp4,train,squat,knees_forward,True,False,"[[0.51, 6.2]]",[],1,320,30.0,480,600,10.666666666666666
37456_6,videos_squat/37456_6.mp4,test,squat,knees_forward,True,False,"[[1.33, 2.39]]",[],1,80,30.0,480,598,2.6666666666666665
37457_2,videos_squat/37457_2.mp4,train,squat,no_annotated_error,False,False,[],[],0,70,30.0,480,480,2.3333333333333335
37460_16,videos_squat/37460_16.mp4,val,squat,no_annotated_error,False,False,[],[],0,62,30.0,480,600,2.066666666666667
37471_3,videos_squat/37471_3.mp4,val,squat,knees_forward,True,False,"[[0.73, 2.3], [0.57, 1.95]]",[],2,85,30.0,480,600,2.8333333333333335
37474_3,videos_squat/37474_3.mp4,train,squat,knees_forward,True,False,"[[1.66, 2.81]]",[],1,106,30.0,480,480,3.533333333333333
37478_3,videos_squat/37478_3.mp4,train,squat,knees_forward,True,False,"[[0.66, 2.74], [0.87, 2.28]]",[],2,93,30.0,480,600,3.1
37483_1,videos_squat/37483_1.mp4,train,squat,knees_forward,True,False,"[[2.4, 4.92]]",[],1,155,30.0,480,480,5.166666666666667
37485_4,videos_squat/37485_4.mp4,test,squat,knees_forward,True,False,"[[0.47, 1.95]]",[],1,89,30.0,480,264,2.966666666666667
37490_4,videos_squat/37490_4.mp4,train,squat,no_annotated_error,False,False,[],[],0,64,30.0,480,480,2.1333333333333333
37491_2,videos_squat/37491_2.mp4,test,squat,no_annotated_error,False,False,[],[],0,84,30.0,480,600,2.8
37498_1,videos_squat/37498_1.mp4,train,squat,knees_forward,True,False,"[[0.86, 2.25]]",[],1,89,30.0,480,600,2.966666666666667
37499_1,videos_squat/37499_1.mp4,test,squat,no_annotated_error,False,False,[],[],0,85,30.0,480,600,2.8333333333333335
37500_6,videos_squat/37500_6.mp4,train,squat,knees_forward,True,False,"[[1.02, 2.11]]",[],1,87,30.0,480,600,2.9
37504_1,videos_squat/37504_1.mp4,train,squat,knees_inward,False,True,[],"[[2.06, 3.9], [2.21, 3.64]]",2,136,30.0,480,600,4.533333333333333
37508_2,videos_squat/37508_2.mp4,train,squat,knees_forward,True,False,"[[0.83, 2.35], [0.92, 1.66]]",[],2,86,30.0,480,480,2.8666666666666667
37517_7,videos_squat/37517_7.mp4,train,squat,no_annotated_error,False,False,[],[],0,69,30.0,480,480,2.3
37521_1,videos_squat/37521_1.mp4,train,squat,no_annotated_error,False,False,[],[],0,128,30.0,480,600,4.266666666666667
37524_2,videos_squat/37524_2.mp4,train,squat,knees_forward,True,False,"[[1.21, 2.54]]",[],1,108,30.0,480,600,3.6
37526_1,videos_squat/37526_1.mp4,train,squat,knees_forward,True,False,"[[0.55, 2.17]]",[],1,79,30.0,480,480,2.6333333333333333
37527_2,videos_squat/37527_2.mp4,train,squat,knees_forward,True,False,"[[2.97, 4.32]]",[],1,148,30.0,480,600,4.933333333333334
37531_7,videos_squat/37531_7.mp4,train,squat,no_annotated_error,False,False,[],[],0,101,30.0,480,480,3.3666666666666667
37535_2,videos_squat/37535_2.mp4,train,squat,no_annotated_error,False,False,[],[],0,107,30.0,480,600,3.566666666666667
37547_1,videos_squat/37547_1.mp4,train,squat,no_annotated_error,False,False,[],[],0,94,30.0,480,600,3.1333333333333333
37555_3,videos_squat/37555_3.mp4,train,squat,no_annotated_error,False,False,[],[],0,99,30.0,480,480,3.3
37556_3,videos_squat/37556_3.mp4,train,squat,no_annotated_error,False,False,[],[],0,77,30.0,480,480,2.566666666666667
37561_1,videos_squat/37561_1.mp4,test,squat,knees_forward,True,False,"[[2.61, 4.05]]",[],1,143,30.0,480,600,4.766666666666667
37568_2,videos_squat/37568_2.mp4,train,squat,multiple_annotated_errors,True,True,"[[1.15, 5.08]]","[[3.49, 4.66]]",2,165,30.0,480,480,5.5
37576_1,videos_squat/37576_1.mp4,train,squat,multiple_annotated_errors,True,True,"[[0.76, 1.94]]","[[1.42, 2.4], [1.47, 2.34]]",3,91,30.0,480,600,3.033333333333333
37580_1,videos_squat/37580_1.mp4,train,squat,knees_forward,True,False,"[[1.3, 2.23]]",[],1,74,30.0,480,480,2.466666666666667
37582_2,videos_squat/37582_2.mp4,train,squat,no_annotated_error,False,False,[],[],0,94,30.0,480,480,3.1333333333333333
37586_1,videos_squat/37586_1.mp4,train,squat,no_annotated_error,False,False,[],[],0,169,30.0,480,600,5.633333333333334
37587_4,videos_squat/37587_4.mp4,train,squat,knees_forward,True,False,"[[1.49, 2.52]]",[],1,102,30.0,480,480,3.4
37589_1,videos_squat/37589_1.mp4,train,squat,knees_forward,True,False,"[[0.9, 3.53]]",[],1,162,30.0,480,480,5.4
37596_1,videos_squat/37596_1.mp4,train,squat,knees_forward,True,False,"[[1.42, 2.41]]",[],1,137,30.0,480,600,4.566666666666666
37597_3,videos_squat/37597_3.mp4,train,squat,no_annotated_error,False,False,[],[],0,77,30.0,480,600,2.566666666666667
37603_1,videos_squat/37603_1.mp4,train,squat,knees_forward,True,False,"[[0.92, 2.45], [0.57, 2.19]]",[],2,104,30.0,480,480,3.466666666666667
37605_7,videos_squat/37605_7.mp4,train,squat,knees_forward,True,False,"[[0.92, 1.49], [0.43, 1.27]]",[],2,55,30.0,480,600,1.8333333333333333
37609_3,videos_squat/37609_3.mp4,val,squat,knees_forward,True,False,"[[0.59, 1.81]]",[],1,65,30.0,480,480,2.1666666666666665
37611_1,videos_squat/37611_1.mp4,val,squat,knees_forward,True,False,"[[1.29, 3.16]]",[],1,108,30.0,480,600,3.6
37615_1,videos_squat/37615_1.mp4,train,squat,knees_forward,True,False,"[[0.88, 1.93]]",[],1,85,30.0,480,600,2.8333333333333335
37618_2,videos_squat/37618_2.mp4,train,squat,no_annotated_error,False,False,[],[],0,101,30.0,480,480,3.3666666666666667
37619_2,videos_squat/37619_2.mp4,train,squat,knees_forward,True,False,"[[1.28, 2.12]]",[],1,83,30.0,480,480,2.7666666666666666
37630_4,videos_squat/37630_4.mp4,test,squat,no_annotated_error,False,False,[],[],0,90,30.0,480,480,3.0
37632_2,videos_squat/37632_2.mp4,val,squat,no_annotated_error,False,False,[],[],0,110,30.0,480,600,3.6666666666666665
37640_3,videos_squat/37640_3.mp4,test,squat,knees_forward,True,False,"[[2.4, 6.16]]",[],1,201,30.0,480,480,6.7
37643_3,videos_squat/37643_3.mp4,test,squat,knees_forward,True,False,"[[1.33, 3.33]]",[],1,125,30.0,480,480,4.166666666666667
37653_1,videos_squat/37653_1.mp4,val,squat,knees_forward,True,False,"[[0.71, 2.07]]",[],1,113,30.0,480,600,3.7666666666666666
37662_2,videos_squat/37662_2.mp4,train,squat,knees_forward,True,False,"[[0.85, 2.22]]",[],1,90,30.0,480,600,3.0
37663_5,videos_squat/37663_5.mp4,train,squat,no_annotated_error,False,False,[],[],0,86,30.0,480,480,2.8666666666666667
37664_2,videos_squat/37664_2.mp4,train,squat,knees_forward,True,False,"[[1.28, 3.48]]",[],1,117,30.0,480,480,3.9
37665_1,videos_squat/37665_1.mp4,train,squat,multiple_annotated_errors,True,True,"[[1.31, 4.76]]","[[2.23, 4.46], [2.49, 4.51]]",3,150,30.0,480,600,5.0
37670_1,videos_squat/37670_1.mp4,train,squat,knees_forward,True,False,"[[3.28, 6.55]]",[],1,239,30.0,480,480,7.966666666666667
37673_12,videos_squat/37673_12.mp4,train,squat,no_annotated_error,False,False,[],[],0,79,30.0,480,480,2.6333333333333333
37676_1,videos_squat/37676_1.mp4,train,squat,knees_forward,True,False,"[[0.76, 2.17]]",[],1,98,30.0,480,600,3.2666666666666666
37682_2,videos_squat/37682_2.mp4,train,squat,knees_forward,True,False,"[[0.64, 1.88]]",[],1,72,30.0,480,270,2.4
37691_1,videos_squat/37691_1.mp4,train,squat,multiple_annotated_errors,True,True,"[[0.7, 1.66]]","[[1.14, 2.13], [1.3, 1.98]]",3,75,30.0,480,480,2.5
37694_9,videos_squat/37694_9.mp4,train,squat,no_annotated_error,False,False,[],[],0,91,30.0,480,480,3.033333333333333
37697_2,videos_squat/37697_2.mp4,train,squat,no_annotated_error,False,False,[],[],0,77,30.0,480,480,2.566666666666667
37701_14,videos_squat/37701_14.mp4,train,squat,no_annotated_error,False,False,[],[],0,93,30.0,480,480,3.1
37709_2,videos_squat/37709_2.mp4,train,squat,multiple_annotated_errors,True,True,"[[1.16, 2.12]]","[[1.77, 2.23]]",2,94,30.0,480,480,3.1333333333333333
37714_1,videos_squat/37714_1.mp4,train,squat,knees_forward,True,False,"[[4.06, 6.31]]",[],1,193,30.0,480,600,6.433333333333334
37720_2,videos_squat/37720_2.mp4,train,squat,knees_forward,True,False,"[[0.96, 1.59], [0.55, 1.29]]",[],2,79,30.0,480,600,2.6333333333333333
37722_1,videos_squat/37722_1.mp4,train,squat,knees_forward,True,False,"[[4.63, 5.63]]",[],1,189,30.0,480,480,6.3
37723_2,videos_squat/37723_2.mp4,train,squat,knees_forward,True,False,"[[0.31, 2.08]]",[],1,124,30.0,480,480,4.133333333333334
37732_2,videos_squat/37732_2.mp4,val,squat,no_annotated_error,False,False,[],[],0,80,30.0,480,600,2.6666666666666665
37741_1,videos_squat/37741_1.mp4,train,squat,knees_forward,True,False,"[[1.93, 2.49]]",[],1,80,30.0,480,480,2.6666666666666665
37755_1,videos_squat/37755_1.mp4,train,squat,no_annotated_error,False,False,[],[],0,81,30.0,480,480,2.7
37756_1,videos_squat/37756_1.mp4,test,squat,knees_forward,True,False,"[[0.83, 2.23]]",[],1,141,30.0,480,480,4.7
37757_3,videos_squat/37757_3.mp4,train,squat,no_annotated_error,False,False,[],[],0,109,30.0,480,480,3.6333333333333333
37760_1,videos_squat/37760_1.mp4,train,squat,knees_forward,True,False,"[[2.95, 3.86]]",[],1,165,30.0,480,600,5.5
37761_1,videos_squat/37761_1.mp4,train,squat,knees_forward,True,False,"[[1.46, 3.51]]",[],1,116,30.0,480,600,3.8666666666666667
37772_2,videos_squat/37772_2.mp4,train,squat,no_annotated_error,False,False,[],[],0,105,30.0,480,480,3.5
37773_1,videos_squat/37773_1.mp4,train,squat,knees_forward,True,False,"[[1.2, 2.26]]",[],1,80,30.0,480,596,2.6666666666666665
37774_1,videos_squat/37774_1.mp4,train,squat,knees_forward,True,False,"[[1.05, 3.77]]",[],1,122,30.0,480,268,4.066666666666666
37782_1,videos_squat/37782_1.mp4,val,squat,no_annotated_error,False,False,[],[],0,73,30.0,480,600,2.433333333333333
37788_4,videos_squat/37788_4.mp4,test,squat,no_annotated_error,False,False,[],[],0,91,30.0,480,480,3.033333333333333
37791_1,videos_squat/37791_1.mp4,test,squat,knees_forward,True,False,"[[0.62, 1.61]]",[],1,68,30.0,480,600,2.2666666666666666
37795_2,videos_squat/37795_2.mp4,train,squat,knees_forward,True,False,"[[0.62, 1.87]]",[],1,86,30.0,480,480,2.8666666666666667
37799_2,videos_squat/37799_2.mp4,train,squat,no_annotated_error,False,False,[],[],0,79,30.0,480,480,2.6333333333333333
37803_2,videos_squat/37803_2.mp4,train,squat,knees_forward,True,False,"[[0.69, 3.63]]",[],1,116,30.0,480,600,3.8666666666666667
37805_1,videos_squat/37805_1.mp4,train,squat,knees_forward,True,False,"[[0.7, 2.99]]",[],1,101,30.0,480,480,3.3666666666666667
37812_2,videos_squat/37812_2.mp4,train,squat,no_annotated_error,False,False,[],[],0,149,30.0,480,480,4.966666666666667
37815_1,videos_squat/37815_1.mp4,val,squat,knees_forward,True,False,"[[0.75, 3.35]]",[],1,116,30.0,480,480,3.8666666666666667
37819_8,videos_squat/37819_8.mp4,train,squat,knees_forward,True,False,"[[0.78, 1.54]]",[],1,60,30.0,480,480,2.0
37820_1,videos_squat/37820_1.mp4,train,squat,knees_forward,True,False,"[[1.32, 3.53], [1.17, 2.04]]",[],2,124,30.0,480,600,4.133333333333334
37823_2,videos_squat/37823_2.mp4,val,squat,knees_forward,True,False,"[[3.53, 5.33]]",[],1,184,30.0,480,600,6.133333333333334
37824_2,videos_squat/37824_2.mp4,train,squat,no_annotated_error,False,False,[],[],0,75,30.0,480,270,2.5
37839_1,videos_squat/37839_1.mp4,val,squat,multiple_annotated_errors,True,True,"[[1.58, 4.07]]","[[2.47, 3.68]]",2,133,30.0,480,600,4.433333333333334
37840_1,videos_squat/37840_1.mp4,train,squat,no_annotated_error,False,False,[],[],0,83,30.0,480,600,2.7666666666666666
37842_1,videos_squat/37842_1.mp4,test,squat,knees_forward,True,False,"[[1.65, 3.42]]",[],1,146,30.0,480,480,4.866666666666666
37844_1,videos_squat/37844_1.mp4,train,squat,knees_forward,True,False,"[[1.0, 2.16]]",[],1,86,30.0,480,598,2.8666666666666667
37858_1,videos_squat/37858_1.mp4,train,squat,no_annotated_error,False,False,[],[],0,73,30.0,480,480,2.433333333333333
37859_4,videos_squat/37859_4.mp4,train,squat,knees_inward,False,True,[],"[[1.33, 2.12], [1.38, 2.12]]",2,84,30.0,480,600,2.8
37861_3,videos_squat/37861_3.mp4,train,squat,no_annotated_error,False,False,[],[],0,95,30.0,480,480,3.1666666666666665
37864_7,videos_squat/37864_7.mp4,train,squat,no_annotated_error,False,False,[],[],0,103,30.0,480,480,3.433333333333333
37872_1,videos_squat/37872_1.mp4,train,squat,no_annotated_error,False,False,[],[],0,84,30.0,480,480,2.8
37880_1,videos_squat/37880_1.mp4,train,squat,no_annotated_error,False,False,[],[],0,160,30.0,480,480,5.333333333333333
37885_1,videos_squat/37885_1.mp4,train,squat,no_annotated_error,False,False,[],[],0,118,30.0,480,480,3.933333333333333
37895_1,videos_squat/37895_1.mp4,train,squat,knees_forward,True,False,"[[0.55, 1.87]]",[],1,86,30.0,480,480,2.8666666666666667
37902_1,videos_squat/37902_1.mp4,train,squat,knees_forward,True,False,"[[0.46, 3.24]]",[],1,104,30.0,480,600,3.466666666666667
37904_4,videos_squat/37904_4.mp4,train,squat,knees_forward,True,False,"[[0.59, 2.33]]",[],1,79,30.0,480,480,2.6333333333333333
37906_3,videos_squat/37906_3.mp4,test,squat,no_annotated_error,False,False,[],[],0,90,30.0,480,480,3.0
37908_2,videos_squat/37908_2.mp4,train,squat,knees_forward,True,False,"[[0.97, 3.24]]",[],1,146,30.0,480,480,4.866666666666666
37915_1,videos_squat/37915_1.mp4,train,squat,knees_forward,True,False,"[[0.89, 1.79]]",[],1,76,30.0,480,600,2.533333333333333
37917_4,videos_squat/37917_4.mp4,val,squat,no_annotated_error,False,False,[],[],0,92,30.0,480,600,3.066666666666667
37927_1,videos_squat/37927_1.mp4,val,squat,knees_forward,True,False,"[[1.71, 7.01]]",[],1,228,30.0,480,480,7.6
37935_2,videos_squat/37935_2.mp4,test,squat,knees_forward,True,False,"[[1.71, 2.73]]",[],1,92,30.0,480,600,3.066666666666667
37936_1,videos_squat/37936_1.mp4,train,squat,knees_forward,True,False,"[[1.18, 2.05]]",[],1,83,30.0,480,480,2.7666666666666666
37941_3,videos_squat/37941_3.mp4,test,squat,no_annotated_error,False,False,[],[],0,84,30.0,480,480,2.8
37958_1,videos_squat/37958_1.mp4,train,squat,knees_forward,True,False,"[[0.45, 3.93]]",[],1,170,30.0,480,600,5.666666666666667
37970_2,videos_squat/37970_2.mp4,train,squat,knees_forward,True,False,"[[3.89, 5.08]]",[],1,204,30.0,480,480,6.8
37973_1,videos_squat/37973_1.mp4,train,squat,knees_forward,True,False,"[[2.09, 3.65]]",[],1,118,30.0,480,480,3.933333333333333
37976_3,videos_squat/37976_3.mp4,val,squat,knees_forward,True,False,"[[0.75, 2.68]]",[],1,83,30.0,480,270,2.7666666666666666
37979_2,videos_squat/37979_2.mp4,train,squat,no_annotated_error,False,False,[],[],0,131,30.0,480,600,4.366666666666666
37980_2,videos_squat/37980_2.mp4,val,squat,knees_forward,True,False,"[[0.8, 1.71]]",[],1,79,30.0,480,600,2.6333333333333333
37987_4,videos_squat/37987_4.mp4,train,squat,multiple_annotated_errors,True,True,"[[0.88, 3.07]]","[[1.59, 2.81]]",2,164,30.0,480,270,5.466666666666667
37994_1,videos_squat/37994_1.mp4,train,squat,knees_forward,True,False,"[[3.22, 4.64]]",[],1,147,30.0,480,480,4.9
37997_4,videos_squat/37997_4.mp4,train,squat,knees_forward,True,False,"[[0.52, 2.51]]",[],1,81,30.0,480,600,2.7
37998_1,videos_squat/37998_1.mp4,train,squat,knees_forward,True,False,"[[0.57, 1.64]]",[],1,71,30.0,480,480,2.3666666666666667
38000_1,videos_squat/38000_1.mp4,train,squat,knees_forward,True,False,"[[1.65, 5.05]]",[],1,174,30.0,480,270,5.8
38001_14,videos_squat/38001_14.mp4,train,squat,knees_forward,True,False,"[[0.87, 1.63]]",[],1,71,30.0,480,480,2.3666666666666667
38006_1,videos_squat/38006_1.mp4,train,squat,knees_forward,True,False,"[[2.43, 3.81]]",[],1,118,30.0,480,600,3.933333333333333
38008_1,videos_squat/38008_1.mp4,train,squat,knees_forward,True,False,"[[1.55, 3.02]]",[],1,102,30.0,480,852,3.4
38011_2,videos_squat/38011_2.mp4,train,squat,knees_forward,True,False,"[[2.71, 4.96]]",[],1,154,30.0,480,600,5.133333333333334
38018_2,videos_squat/38018_2.mp4,val,squat,no_annotated_error,False,False,[],[],0,87,30.0,480,480,2.9
38023_1,videos_squat/38023_1.mp4,train,squat,no_annotated_error,False,False,[],[],0,203,30.0,480,480,6.766666666666667
38028_7,videos_squat/38028_7.mp4,train,squat,no_annotated_error,False,False,[],[],0,68,30.0,480,480,2.2666666666666666
38029_1,videos_squat/38029_1.mp4,train,squat,no_annotated_error,False,False,[],[],0,76,30.0,480,596,2.533333333333333
38032_1,videos_squat/38032_1.mp4,test,squat,knees_forward,True,False,"[[0.82, 1.63]]",[],1,71,30.0,480,600,2.3666666666666667
38035_1,videos_squat/38035_1.mp4,test,squat,knees_forward,True,False,"[[1.69, 2.95]]",[],1,191,30.0,480,600,6.366666666666666
38040_1,videos_squat/38040_1.mp4,val,squat,multiple_annotated_errors,True,True,"[[4.0, 6.61]]","[[4.55, 6.46], [4.59, 6.19]]",3,214,30.0,480,600,7.133333333333334
38045_1,videos_squat/38045_1.mp4,val,squat,knees_forward,True,False,"[[0.91, 3.15]]",[],1,118,30.0,480,480,3.933333333333333
38057_4,videos_squat/38057_4.mp4,train,squat,knees_forward,True,False,"[[0.63, 1.66], [0.85, 1.28]]",[],2,62,30.0,480,600,2.066666666666667
38060_7,videos_squat/38060_7.mp4,test,squat,knees_forward,True,False,"[[1.48, 2.69]]",[],1,102,30.0,480,600,3.4
38061_1,videos_squat/38061_1.mp4,train,squat,knees_forward,True,False,"[[0.99, 2.53]]",[],1,110,30.0,480,480,3.6666666666666665
38090_4,videos_squat/38090_4.mp4,unassigned,squat,no_annotated_error,False,False,[],[],0,79,30.0,480,480,2.6333333333333333
38091_5,videos_squat/38091_5.mp4,unassigned,squat,no_annotated_error,False,False,[],[],0,83,30.0,480,600,2.7666666666666666
38092_1,videos_squat/38092_1.mp4,unassigned,squat,no_annotated_error,False,False,[],[],0,71,30.0,480,480,2.3666666666666667
38093_4,videos_squat/38093_4.mp4,unassigned,squat,no_annotated_error,False,False,[],[],0,92,30.0,480,600,3.066666666666667
38094_2,videos_squat/38094_2.mp4,unassigned,squat,no_annotated_error,False,False,[],[],0,84,30.0,480,600,2.8
38095_2,videos_squat/38095_2.mp4,unassigned,squat,no_annotated_error,False,False,[],[],0,70,30.0,480,480,2.3333333333333335
38096_1,videos_squat/38096_1.mp4,unassigned,squat,no_annotated_error,False,False,[],[],0,90,30.0,480,480,3.0
38097_1,videos_squat/38097_1.mp4,unassigned,squat,no_annotated_error,False,False,[],[],0,122,30.0,480,600,4.066666666666666
38098_1,videos_squat/38098_1.mp4,unassigned,squat,no_annotated_error,False,False,[],[],0,155,30.0,480,600,5.166666666666667
38099_2,videos_squat/38099_2.mp4,unassigned,squat,no_annotated_error,False,False,[],[],0,129,30.0,480,600,4.3
38100_5,videos_squat/38100_5.mp4,unassigned,squat,no_annotated_error,False,False,[],[],0,150,30.0,480,600,5.0
38101_1,videos_squat/38101_1.mp4,unassigned,squat,no_annotated_error,False,False,[],[],0,68,30.0,480,600,2.2666666666666666
38102_2,videos_squat/38102_2.mp4,unassigned,squat,no_annotated_error,False,False,[],[],0,79,30.0,480,600,2.6333333333333333
38103_2,videos_squat/38103_2.mp4,unassigned,squat,no_annotated_error,False,False,[],[],0,94,30.0,480,480,3.1333333333333333
38104_1,videos_squat/38104_1.mp4,unassigned,squat,no_annotated_error,False,False,[],[],0,112,30.0,480,480,3.7333333333333334
38105_2,videos_squat/38105_2.mp4,unassigned,squat,no_annotated_error,False,False,[],[],0,131,30.0,480,600,4.366666666666666
38106_4,videos_squat/38106_4.mp4,unassigned,squat,no_annotated_error,False,False,[],[],0,62,30.0,480,600,2.066666666666667
38107_5,videos_squat/38107_5.mp4,unassigned,squat,no_annotated_error,False,False,[],[],0,117,30.0,480,264,3.9
38108_4,videos_squat/38108_4.mp4,unassigned,squat,no_annotated_error,False,False,[],[],0,133,30.0,480,480,4.433333333333334
38109_14,videos_squat/38109_14.mp4,unassigned,squat,no_annotated_error,False,False,[],[],0,93,30.0,480,480,3.1
38110_2,videos_squat/38110_2.mp4,unassigned,squat,no_annotated_error,False,False,[],[],0,71,30.0,480,600,2.3666666666666667
38111_2,videos_squat/38111_2.mp4,unassigned,squat,no_annotated_error,False,False,[],[],0,148,30.0,480,600,4.933333333333334
38112_2,videos_squat/38112_2.mp4,unassigned,squat,no_annotated_error,False,False,[],[],0,165,30.0,480,480,5.5
38113_1,videos_squat/38113_1.mp4,unassigned,squat,no_annotated_error,False,False,[],[],0,77,30.0,480,600,2.566666666666667
38114_1,videos_squat/38114_1.mp4,unassigned,squat,no_annotated_error,False,False,[],[],0,193,30.0,480,600,6.433333333333334
38115_3,videos_squat/38115_3.mp4,unassigned,squat,no_annotated_error,False,False,[],[],0,83,30.0,480,270,2.7666666666666666
45823_6,videos_squat/45823_6.mp4,train,squat,knees_forward,True,False,"[[0.65, 2.78]]",[],1,94,30.0,480,480,3.1333333333333333
45844_1,videos_squat/45844_1.mp4,train,squat,no_annotated_error,False,False,[],[],0,76,30.0,480,480,2.533333333333333
45879_2,videos_squat/45879_2.mp4,train,squat,knees_forward,True,False,"[[2.1, 3.15]]",[],1,101,30.0,480,274,3.3666666666666667
45890_3,videos_squat/45890_3.mp4,train,squat,knees_forward,True,False,"[[0.72, 1.79]]",[],1,71,30.0,480,600,2.3666666666666667
45896_11,videos_squat/45896_11.mp4,train,squat,knees_forward,True,False,"[[1.23, 1.75]]",[],1,56,30.0,480,270,1.8666666666666667
45919_1,videos_squat/45919_1.mp4,train,squat,knees_forward,True,False,"[[2.57, 3.74]]",[],1,145,30.0,480,480,4.833333333333333
45944_1,videos_squat/45944_1.mp4,train,squat,multiple_annotated_errors,True,True,"[[1.95, 3.2]]","[[2.77, 3.65]]",2,119,30.0,480,600,3.966666666666667
45945_2,videos_squat/45945_2.mp4,val,squat,no_annotated_error,False,False,[],[],0,101,30.0,480,480,3.3666666666666667
45946_1,videos_squat/45946_1.mp4,train,squat,multiple_annotated_errors,True,True,"[[2.51, 6.56]]","[[2.36, 6.23]]",2,280,30.0,480,600,9.333333333333334
45950_1,videos_squat/45950_1.mp4,train,squat,knees_forward,True,False,"[[2.44, 3.86], [4.04, 4.57]]",[],2,142,30.0,480,600,4.733333333333333
45952_1,videos_squat/45952_1.mp4,train,squat,knees_forward,True,False,"[[0.78, 3.05]]",[],1,101,30.0,480,480,3.3666666666666667
45954_2,videos_squat/45954_2.mp4,train,squat,knees_forward,True,False,"[[1.34, 2.65]]",[],1,84,30.0,480,480,2.8
45959_1,videos_squat/45959_1.mp4,test,squat,knees_forward,True,False,"[[0.95, 3.75]]",[],1,120,30.0,480,480,4.0
45968_3,videos_squat/45968_3.mp4,train,squat,no_annotated_error,False,False,[],[],0,74,30.0,480,480,2.466666666666667
45970_1,videos_squat/45970_1.mp4,test,squat,knees_forward,True,False,"[[1.82, 3.19], [3.3, 3.97]]",[],2,119,30.0,480,600,3.966666666666667
45973_7,videos_squat/45973_7.mp4,train,squat,knees_forward,True,False,"[[1.2, 2.01]]",[],1,80,30.0,480,480,2.6666666666666665
45984_2,videos_squat/45984_2.mp4,val,squat,knees_forward,True,False,"[[0.98, 2.29]]",[],1,81,30.0,480,480,2.7
45986_3,videos_squat/45986_3.mp4,train,squat,knees_forward,True,False,"[[1.91, 2.82]]",[],1,91,30.0,480,480,3.033333333333333
46001_4,videos_squat/46001_4.mp4,train,squat,knees_forward,True,False,"[[1.71, 2.4]]",[],1,123,30.0,480,480,4.1
46003_1,videos_squat/46003_1.mp4,train,squat,no_annotated_error,False,False,[],[],0,86,30.0,480,270,2.8666666666666667
46007_3,videos_squat/46007_3.mp4,train,squat,multiple_annotated_errors,True,True,"[[0.92, 3.37]]","[[1.64, 2.95]]",2,106,30.0,480,480,3.533333333333333
46010_3,videos_squat/46010_3.mp4,val,squat,knees_forward,True,False,"[[2.17, 2.83]]",[],1,125,30.0,480,600,4.166666666666667
46026_1,videos_squat/46026_1.mp4,train,squat,knees_forward,True,False,"[[2.4, 3.24]]",[],1,104,30.0,480,480,3.466666666666667
46029_1,videos_squat/46029_1.mp4,train,squat,multiple_annotated_errors,True,True,"[[5.19, 6.34]]","[[3.85, 5.79]]",2,195,30.0,480,600,6.5
46035_1,videos_squat/46035_1.mp4,test,squat,multiple_annotated_errors,True,True,"[[3.62, 6.24]]","[[4.45, 5.83]]",2,192,30.0,480,600,6.4
46036_1,videos_squat/46036_1.mp4,train,squat,no_annotated_error,False,False,[],[],0,92,30.0,480,600,3.066666666666667
46039_1,videos_squat/46039_1.mp4,test,squat,knees_forward,True,False,"[[1.62, 3.8]]",[],1,181,30.0,480,480,6.033333333333333
46043_4,videos_squat/46043_4.mp4,train,squat,knees_forward,True,False,"[[1.5, 2.2]]",[],1,74,30.0,480,600,2.466666666666667
46047_1,videos_squat/46047_1.mp4,val,squat,no_annotated_error,False,False,[],[],0,187,30.0,480,600,6.233333333333333
46051_1,videos_squat/46051_1.mp4,train,squat,multiple_annotated_errors,True,True,"[[4.77, 6.29]]","[[4.14, 6.02]]",2,195,30.0,480,600,6.5
46057_2,videos_squat/46057_2.mp4,train,squat,no_annotated_error,False,False,[],[],0,75,30.0,480,480,2.5
46064_1,videos_squat/46064_1.mp4,train,squat,multiple_annotated_errors,True,True,"[[5.61, 6.65]]","[[4.87, 6.33]]",2,314,30.0,480,480,10.466666666666667
46067_1,videos_squat/46067_1.mp4,test,squat,multiple_annotated_errors,True,True,"[[1.64, 2.63], [3.18, 4.16]]","[[2.33, 3.7]]",3,132,30.0,480,600,4.4
46073_1,videos_squat/46073_1.mp4,train,squat,knees_forward,True,False,"[[3.51, 6.72]]",[],1,207,30.0,480,600,6.9
46076_3,videos_squat/46076_3.mp4,train,squat,knees_forward,True,False,"[[1.65, 2.94]]",[],1,96,30.0,480,600,3.2
46081_1,videos_squat/46081_1.mp4,train,squat,multiple_annotated_errors,True,True,"[[2.24, 3.55]]","[[1.72, 3.46]]",2,170,30.0,480,600,5.666666666666667
46082_4,videos_squat/46082_4.mp4,val,squat,no_annotated_error,False,False,[],[],0,112,30.0,480,480,3.7333333333333334
46085_2,videos_squat/46085_2.mp4,val,squat,no_annotated_error,False,False,[],[],0,53,30.0,480,480,1.7666666666666666
46087_1,videos_squat/46087_1.mp4,train,squat,knees_forward,True,False,"[[0.43, 2.35]]",[],1,93,30.0,480,480,3.1
46091_6,videos_squat/46091_6.mp4,train,squat,no_annotated_error,False,False,[],[],0,85,30.0,480,270,2.8333333333333335
46093_1,videos_squat/46093_1.mp4,train,squat,knees_forward,True,False,"[[0.78, 1.97]]",[],1,65,30.0,480,480,2.1666666666666665
46095_1,videos_squat/46095_1.mp4,test,squat,no_annotated_error,False,False,[],[],0,187,30.0,480,480,6.233333333333333
46100_3,videos_squat/46100_3.mp4,train,squat,multiple_annotated_errors,True,True,"[[2.67, 3.97]]","[[2.25, 3.71]]",2,125,30.0,480,480,4.166666666666667
46101_3,videos_squat/46101_3.mp4,test,squat,no_annotated_error,False,False,[],[],0,82,30.0,480,480,2.7333333333333334
46103_2,videos_squat/46103_2.mp4,val,squat,knees_forward,True,False,"[[1.23, 3.49]]",[],1,115,30.0,480,480,3.8333333333333335
46108_1,videos_squat/46108_1.mp4,train,squat,knees_forward,True,False,"[[0.81, 2.44]]",[],1,79,30.0,480,480,2.6333333333333333
46109_1,videos_squat/46109_1.mp4,train,squat,knees_forward,True,False,"[[0.98, 2.34]]",[],1,85,30.0,480,480,2.8333333333333335
46113_5,videos_squat/46113_5.mp4,train,squat,knees_forward,True,False,"[[0.49, 1.33]]",[],1,50,30.0,480,272,1.6666666666666667
46125_10,videos_squat/46125_10.mp4,train,squat,no_annotated_error,False,False,[],[],0,55,30.0,480,480,1.8333333333333333
46129_9,videos_squat/46129_9.mp4,val,squat,no_annotated_error,False,False,[],[],0,50,30.0,480,480,1.6666666666666667
46133_1,videos_squat/46133_1.mp4,train,squat,knees_forward,True,False,"[[2.08, 2.87]]",[],1,104,30.0,480,598,3.466666666666667
46134_1,videos_squat/46134_1.mp4,train,squat,no_annotated_error,False,False,[],[],0,77,30.0,480,480,2.566666666666667
46136_4,videos_squat/46136_4.mp4,train,squat,knees_forward,True,False,"[[0.81, 2.19]]",[],1,88,30.0,480,600,2.933333333333333
46146_4,videos_squat/46146_4.mp4,test,squat,no_annotated_error,False,False,[],[],0,62,30.0,480,480,2.066666666666667
46156_1,videos_squat/46156_1.mp4,train,squat,knees_forward,True,False,"[[2.6, 4.09]]",[],1,142,30.0,480,480,4.733333333333333
46159_1,videos_squat/46159_1.mp4,train,squat,knees_forward,True,False,"[[1.02, 3.25]]",[],1,102,30.0,480,480,3.4
46160_1,videos_squat/46160_1.mp4,train,squat,knees_forward,True,False,"[[3.06, 3.97]]",[],1,171,30.0,480,480,5.7
46165_1,videos_squat/46165_1.mp4,train,squat,knees_inward,False,True,[],"[[4.1, 5.07]]",1,169,30.0,480,480,5.633333333333334
46167_1,videos_squat/46167_1.mp4,test,squat,knees_forward,True,False,"[[2.08, 3.36]]",[],1,103,30.0,480,480,3.433333333333333
46174_1,videos_squat/46174_1.mp4,test,squat,no_annotated_error,False,False,[],[],0,265,30.0,480,270,8.833333333333334
46178_2,videos_squat/46178_2.mp4,train,squat,knees_forward,True,False,"[[1.94, 2.52]]",[],1,80,30.0,480,600,2.6666666666666665
46183_3,videos_squat/46183_3.mp4,val,squat,no_annotated_error,False,False,[],[],0,113,30.0,480,600,3.7666666666666666
46185_2,videos_squat/46185_2.mp4,train,squat,no_annotated_error,False,False,[],[],0,119,30.0,480,480,3.966666666666667
46186_4,videos_squat/46186_4.mp4,test,squat,multiple_annotated_errors,True,True,"[[2.31, 5.2]]","[[1.73, 3.46]]",2,162,30.0,480,600,5.4
46187_1,videos_squat/46187_1.mp4,test,squat,knees_forward,True,False,"[[1.66, 2.97]]",[],1,110,30.0,480,480,3.6666666666666665
46190_11,videos_squat/46190_11.mp4,train,squat,no_annotated_error,False,False,[],[],0,59,30.0,480,480,1.9666666666666666
46191_2,videos_squat/46191_2.mp4,train,squat,knees_forward,True,False,"[[0.83, 1.59]]",[],1,70,30.0,480,600,2.3333333333333335
46205_1,videos_squat/46205_1.mp4,val,squat,no_annotated_error,False,False,[],[],0,110,30.0,480,596,3.6666666666666665
46207_2,videos_squat/46207_2.mp4,val,squat,knees_forward,True,False,"[[3.26, 5.12]]",[],1,157,30.0,480,480,5.233333333333333
46209_3,videos_squat/46209_3.mp4,val,squat,multiple_annotated_errors,True,True,"[[2.78, 5.34]]","[[3.61, 4.82]]",2,170,30.0,480,270,5.666666666666667
46210_1,videos_squat/46210_1.mp4,train,squat,knees_forward,True,False,"[[0.99, 2.57]]",[],1,84,30.0,480,480,2.8
46213_1,videos_squat/46213_1.mp4,train,squat,no_annotated_error,False,False,[],[],0,107,30.0,480,600,3.566666666666667
46216_1,videos_squat/46216_1.mp4,train,squat,knees_forward,True,False,"[[6.35, 8.38]]",[],1,293,30.0,480,480,9.766666666666667
46217_1,videos_squat/46217_1.mp4,val,squat,knees_forward,True,False,"[[1.0, 4.56]]",[],1,143,30.0,480,600,4.766666666666667
46220_7,videos_squat/46220_7.mp4,train,squat,multiple_annotated_errors,True,True,"[[2.12, 3.56]]","[[1.7, 2.49]]",2,191,30.0,480,600,6.366666666666666
46221_3,videos_squat/46221_3.mp4,train,squat,knees_inward,False,True,[],"[[1.76, 3.29]]",1,153,30.0,480,270,5.1
46230_1,videos_squat/46230_1.mp4,train,squat,knees_forward,True,False,"[[0.85, 2.14]]",[],1,104,30.0,480,600,3.466666666666667
46233_1,videos_squat/46233_1.mp4,train,squat,knees_forward,True,False,"[[2.82, 3.69]]",[],1,120,30.0,480,600,4.0
46239_5,videos_squat/46239_5.mp4,test,squat,knees_forward,True,False,"[[2.21, 3.08]]",[],1,99,30.0,480,480,3.3
46243_1,videos_squat/46243_1.mp4,train,squat,no_annotated_error,False,False,[],[],0,58,30.0,480,600,1.9333333333333333
46247_1,videos_squat/46247_1.mp4,val,squat,knees_forward,True,False,"[[5.51, 6.28]]",[],1,196,30.0,480,480,6.533333333333333
46248_5,videos_squat/46248_5.mp4,train,squat,knees_forward,True,False,"[[0.92, 2.65]]",[],1,100,30.0,480,600,3.3333333333333335
46252_1,videos_squat/46252_1.mp4,train,squat,knees_forward,True,False,"[[2.72, 4.06]]",[],1,129,30.0,480,480,4.3
46259_1,videos_squat/46259_1.mp4,train,squat,knees_forward,True,False,"[[0.88, 2.09]]",[],1,77,30.0,480,480,2.566666666666667
46261_2,videos_squat/46261_2.mp4,train,squat,knees_inward,False,True,[],"[[1.38, 3.41]]",1,122,30.0,480,600,4.066666666666666
46264_2,videos_squat/46264_2.mp4,train,squat,no_annotated_error,False,False,[],[],0,106,30.0,480,600,3.533333333333333
46278_1,videos_squat/46278_1.mp4,train,squat,knees_forward,True,False,"[[1.95, 3.14]]",[],1,102,30.0,480,600,3.4
46280_1,videos_squat/46280_1.mp4,val,squat,knees_forward,True,False,"[[0.84, 2.67]]",[],1,86,30.0,480,480,2.8666666666666667
46284_1,videos_squat/46284_1.mp4,train,squat,knees_forward,True,False,"[[0.92, 4.99]]",[],1,158,30.0,480,480,5.266666666666667
46286_1,videos_squat/46286_1.mp4,train,squat,knees_forward,True,False,"[[2.78, 4.77]]",[],1,162,30.0,480,480,5.4
46289_3,videos_squat/46289_3.mp4,train,squat,knees_forward,True,False,"[[2.48, 3.14]]",[],1,113,30.0,480,480,3.7666666666666666
46295_53,videos_squat/46295_53.mp4,train,squat,knees_forward,True,False,"[[0.45, 2.04]]",[],1,78,30.0,480,852,2.6
46302_3,videos_squat/46302_3.mp4,train,squat,no_annotated_error,False,False,[],[],0,77,30.0,480,480,2.566666666666667
46305_2,videos_squat/46305_2.mp4,train,squat,multiple_annotated_errors,True,True,"[[1.97, 2.68]]","[[1.7, 2.72]]",2,88,30.0,480,480,2.933333333333333
46307_6,videos_squat/46307_6.mp4,test,squat,no_annotated_error,False,False,[],[],0,71,30.0,480,600,2.3666666666666667
46308_1,videos_squat/46308_1.mp4,train,squat,knees_forward,True,False,"[[2.68, 3.53]]",[],1,135,30.0,480,600,4.5
46311_1,videos_squat/46311_1.mp4,train,squat,knees_forward,True,False,"[[1.56, 3.22]]",[],1,104,30.0,480,480,3.466666666666667
46312_2,videos_squat/46312_2.mp4,train,squat,knees_forward,True,False,"[[3.55, 5.15]]",[],1,185,30.0,480,600,6.166666666666667
46316_6,videos_squat/46316_6.mp4,val,squat,knees_forward,True,False,"[[3.21, 4.45]]",[],1,148,30.0,480,600,4.933333333333334
46319_1,videos_squat/46319_1.mp4,train,squat,knees_forward,True,False,"[[1.89, 3.83]]",[],1,119,30.0,480,480,3.966666666666667
46327_1,videos_squat/46327_1.mp4,train,squat,knees_forward,True,False,"[[0.67, 3.78]]",[],1,118,30.0,480,600,3.933333333333333
46332_3,videos_squat/46332_3.mp4,test,squat,knees_forward,True,False,"[[0.96, 2.6]]",[],1,98,30.0,480,480,3.2666666666666666
46334_2,videos_squat/46334_2.mp4,train,squat,knees_forward,True,False,"[[1.67, 4.17]]",[],1,149,30.0,480,410,4.966666666666667
46341_1,videos_squat/46341_1.mp4,train,squat,multiple_annotated_errors,True,True,"[[2.68, 3.98]]","[[1.94, 3.26]]",2,124,30.0,480,600,4.133333333333334
46342_4,videos_squat/46342_4.mp4,train,squat,knees_forward,True,False,"[[0.66, 1.61]]",[],1,61,30.0,480,600,2.033333333333333
46348_1,videos_squat/46348_1.mp4,train,squat,knees_forward,True,False,"[[1.76, 3.66]]",[],1,119,30.0,480,480,3.966666666666667
46356_3,videos_squat/46356_3.mp4,train,squat,no_annotated_error,False,False,[],[],0,81,30.0,480,600,2.7
46359_1,videos_squat/46359_1.mp4,train,squat,knees_forward,True,False,"[[2.37, 3.34]]",[],1,106,30.0,480,480,3.533333333333333
46365_5,videos_squat/46365_5.mp4,test,squat,multiple_annotated_errors,True,True,"[[1.2, 3.36]]","[[1.75, 3.29]]",2,154,30.0,480,600,5.133333333333334
46367_1,videos_squat/46367_1.mp4,train,squat,multiple_annotated_errors,True,True,"[[4.17, 7.15]]","[[3.16, 6.94]]",2,221,30.0,480,480,7.366666666666666
46372_1,videos_squat/46372_1.mp4,test,squat,no_annotated_error,False,False,[],[],0,110,30.0,480,600,3.6666666666666665
46376_1,videos_squat/46376_1.mp4,test,squat,knees_forward,True,False,"[[0.9, 2.77]]",[],1,94,30.0,480,600,3.1333333333333333
46380_1,videos_squat/46380_1.mp4,val,squat,no_annotated_error,False,False,[],[],0,125,30.0,480,600,4.166666666666667
46382_2,videos_squat/46382_2.mp4,train,squat,knees_forward,True,False,"[[0.88, 3.2]]",[],1,104,30.0,480,600,3.466666666666667
46385_1,videos_squat/46385_1.mp4,train,squat,no_annotated_error,False,False,[],[],0,171,30.0,480,270,5.7
46396_3,videos_squat/46396_3.mp4,train,squat,knees_forward,True,False,"[[2.24, 3.15]]",[],1,100,30.0,480,270,3.3333333333333335
46406_3,videos_squat/46406_3.mp4,val,squat,knees_forward,True,False,"[[0.57, 1.94]]",[],1,73,30.0,480,600,2.433333333333333
46407_1,videos_squat/46407_1.mp4,val,squat,multiple_annotated_errors,True,True,"[[2.94, 4.13]]","[[4.5, 6.71]]",2,208,30.0,480,480,6.933333333333334
46410_1,videos_squat/46410_1.mp4,train,squat,knees_forward,True,False,"[[0.94, 2.04]]",[],1,72,30.0,480,480,2.4
46412_5,videos_squat/46412_5.mp4,train,squat,no_annotated_error,False,False,[],[],0,129,30.0,480,480,4.3
46413_4,videos_squat/46413_4.mp4,train,squat,knees_forward,True,False,"[[1.72, 3.78]]",[],1,139,30.0,480,600,4.633333333333334
46417_1,videos_squat/46417_1.mp4,train,squat,knees_forward,True,False,"[[3.0, 4.29]]",[],1,139,30.0,480,600,4.633333333333334
46424_5,videos_squat/46424_5.mp4,train,squat,knees_forward,True,False,"[[3.64, 4.56]]",[],1,159,30.0,480,480,5.3
46435_1,videos_squat/46435_1.mp4,train,squat,knees_forward,True,False,"[[2.25, 3.27]]",[],1,145,30.0,480,600,4.833333333333333
46438_1,videos_squat/46438_1.mp4,train,squat,knees_forward,True,False,"[[2.95, 3.65]]",[],1,112,30.0,480,600,3.7333333333333334
46445_1,videos_squat/46445_1.mp4,train,squat,no_annotated_error,False,False,[],[],0,81,30.0,480,480,2.7
46448_1,videos_squat/46448_1.mp4,train,squat,knees_forward,True,False,"[[4.16, 5.22]]",[],1,198,30.0,480,600,6.6
46449_3,videos_squat/46449_3.mp4,train,squat,no_annotated_error,False,False,[],[],0,134,30.0,480,480,4.466666666666667
46462_4,videos_squat/46462_4.mp4,val,squat,multiple_annotated_errors,True,True,"[[2.57, 4.78]]","[[2.23, 4.27]]",2,150,30.0,480,600,5.0
46465_3,videos_squat/46465_3.mp4,val,squat,knees_forward,True,False,"[[0.64, 1.78]]",[],1,95,30.0,480,480,3.1666666666666665
46466_3,videos_squat/46466_3.mp4,train,squat,knees_forward,True,False,"[[0.93, 3.49]]",[],1,126,30.0,480,480,4.2
46470_8,videos_squat/46470_8.mp4,val,squat,no_annotated_error,False,False,[],[],0,67,30.0,480,480,2.2333333333333334
46480_4,videos_squat/46480_4.mp4,train,squat,knees_forward,True,False,"[[0.74, 1.69]]",[],1,65,30.0,480,600,2.1666666666666665
46482_2,videos_squat/46482_2.mp4,train,squat,no_annotated_error,False,False,[],[],0,84,30.0,480,600,2.8
46484_11,videos_squat/46484_11.mp4,train,squat,knees_forward,True,False,"[[1.07, 1.8]]",[],1,66,30.0,480,270,2.2
46494_1,videos_squat/46494_1.mp4,test,squat,knees_forward,True,False,"[[0.86, 3.12]]",[],1,162,30.0,480,480,5.4
46499_2,videos_squat/46499_2.mp4,train,squat,no_annotated_error,False,False,[],[],0,114,30.0,480,480,3.8
46502_1,videos_squat/46502_1.mp4,train,squat,knees_inward,False,True,[],"[[2.62, 3.71]]",1,219,30.0,480,480,7.3
46504_3,videos_squat/46504_3.mp4,test,squat,knees_forward,True,False,"[[2.77, 4.13]]",[],1,133,30.0,480,480,4.433333333333334
46506_5,videos_squat/46506_5.mp4,val,squat,knees_forward,True,False,"[[2.06, 3.01]]",[],1,94,30.0,480,480,3.1333333333333333
46507_2,videos_squat/46507_2.mp4,train,squat,knees_forward,True,False,"[[1.53, 2.94]]",[],1,99,30.0,480,600,3.3
46509_1,videos_squat/46509_1.mp4,train,squat,knees_forward,True,False,"[[2.49, 4.4]]",[],1,139,30.0,480,600,4.633333333333334
46522_4,videos_squat/46522_4.mp4,train,squat,knees_forward,True,False,"[[0.7, 1.73]]",[],1,65,30.0,480,600,2.1666666666666665
46526_1,videos_squat/46526_1.mp4,train,squat,no_annotated_error,False,False,[],[],0,135,30.0,480,480,4.5
46529_3,videos_squat/46529_3.mp4,train,squat,multiple_annotated_errors,True,True,"[[0.75, 2.4]]","[[1.25, 2.21]]",2,88,30.0,480,480,2.933333333333333
46530_1,videos_squat/46530_1.mp4,train,squat,knees_forward,True,False,"[[1.7, 3.51]]",[],1,110,30.0,480,480,3.6666666666666665
46537_1,videos_squat/46537_1.mp4,val,squat,knees_forward,True,False,"[[2.67, 3.63]]",[],1,135,30.0,480,600,4.5
46546_4,videos_squat/46546_4.mp4,train,squat,knees_forward,True,False,"[[2.18, 3.16]]",[],1,130,30.0,480,480,4.333333333333333
46549_1,videos_squat/46549_1.mp4,train,squat,knees_forward,True,False,"[[2.0, 2.81]]",[],1,154,30.0,480,270,5.133333333333334
46550_1,videos_squat/46550_1.mp4,train,squat,knees_forward,True,False,"[[2.36, 3.49]]",[],1,113,30.0,480,600,3.7666666666666666
46558_3,videos_squat/46558_3.mp4,train,squat,no_annotated_error,False,False,[],[],0,70,30.0,480,480,2.3333333333333335
46559_11,videos_squat/46559_11.mp4,val,squat,no_annotated_error,False,False,[],[],0,67,30.0,480,600,2.2333333333333334
46569_11,videos_squat/46569_11.mp4,val,squat,no_annotated_error,False,False,[],[],0,61,30.0,480,600,2.033333333333333
46570_1,videos_squat/46570_1.mp4,val,squat,knees_forward,True,False,"[[1.23, 3.81]]",[],1,127,30.0,480,480,4.233333333333333
46571_3,videos_squat/46571_3.mp4,train,squat,multiple_annotated_errors,True,True,"[[0.92, 3.54]]","[[1.88, 3.19]]",2,113,30.0,480,480,3.7666666666666666
46572_1,videos_squat/46572_1.mp4,train,squat,no_annotated_error,False,False,[],[],0,404,30.0,480,480,13.466666666666667
46579_1,videos_squat/46579_1.mp4,train,squat,knees_forward,True,False,"[[1.66, 6.1]]",[],1,190,30.0,480,480,6.333333333333333
46583_1,videos_squat/46583_1.mp4,train,squat,knees_forward,True,False,"[[2.62, 6.41]]",[],1,217,30.0,480,600,7.233333333333333
46587_7,videos_squat/46587_7.mp4,train,squat,multiple_annotated_errors,True,True,"[[2.25, 2.9]]","[[1.51, 2.61]]",2,94,30.0,480,600,3.1333333333333333
46589_2,videos_squat/46589_2.mp4,train,squat,knees_forward,True,False,"[[0.91, 1.64]]",[],1,54,30.0,480,600,1.8
46610_2,videos_squat/46610_2.mp4,train,squat,knees_forward,True,False,"[[5.02, 6.46]]",[],1,241,30.0,480,270,8.033333333333333
46616_20,videos_squat/46616_20.mp4,train,squat,knees_forward,True,False,"[[2.82, 3.36]]",[],1,108,30.0,480,852,3.6
46619_1,videos_squat/46619_1.mp4,train,squat,multiple_annotated_errors,True,True,"[[2.21, 4.98]]","[[3.21, 4.65]]",2,174,30.0,480,480,5.8
46620_2,videos_squat/46620_2.mp4,train,squat,multiple_annotated_errors,True,True,"[[1.07, 1.87]]","[[1.19, 1.84]]",2,61,30.0,480,600,2.033333333333333
46621_1,videos_squat/46621_1.mp4,train,squat,multiple_annotated_errors,True,True,"[[6.44, 8.09]]","[[5.7, 7.76]]",2,347,30.0,480,600,11.566666666666666
46626_4,videos_squat/46626_4.mp4,test,squat,knees_forward,True,False,"[[3.67, 4.79]]",[],1,150,30.0,480,270,5.0
46627_3,videos_squat/46627_3.mp4,train,squat,no_annotated_error,False,False,[],[],0,66,30.0,480,480,2.2
46628_6,videos_squat/46628_6.mp4,train,squat,no_annotated_error,False,False,[],[],0,109,30.0,480,600,3.6333333333333333
46648_1,videos_squat/46648_1.mp4,train,squat,multiple_annotated_errors,True,True,"[[1.68, 3.35]]","[[2.26, 3.32]]",2,108,30.0,480,480,3.6
46651_5,videos_squat/46651_5.mp4,train,squat,no_annotated_error,False,False,[],[],0,158,30.0,480,480,5.266666666666667
46652_2,videos_squat/46652_2.mp4,train,squat,no_annotated_error,False,False,[],[],0,47,30.0,480,480,1.5666666666666667
46654_2,videos_squat/46654_2.mp4,val,squat,knees_forward,True,False,"[[0.46, 1.65]]",[],1,64,30.0,480,600,2.1333333333333333
46655_1,videos_squat/46655_1.mp4,test,squat,knees_forward,True,False,"[[5.56, 6.31]]",[],1,195,30.0,480,600,6.5
46660_1,videos_squat/46660_1.mp4,train,squat,knees_forward,True,False,"[[1.48, 3.14]]",[],1,99,30.0,480,600,3.3
46667_4,videos_squat/46667_4.mp4,train,squat,no_annotated_error,False,False,[],[],0,88,30.0,480,600,2.933333333333333
46669_2,videos_squat/46669_2.mp4,train,squat,no_annotated_error,False,False,[],[],0,175,30.0,480,852,5.833333333333333
46677_1,videos_squat/46677_1.mp4,train,squat,knees_forward,True,False,"[[2.34, 3.98]]",[],1,230,30.0,480,480,7.666666666666667
46684_1,videos_squat/46684_1.mp4,train,squat,multiple_annotated_errors,True,True,"[[0.97, 2.28], [3.11, 4.26]]","[[2.06, 3.4]]",3,197,30.0,480,600,6.566666666666666
46685_2,videos_squat/46685_2.mp4,test,squat,knees_inward,False,True,[],"[[1.61, 2.21]]",1,84,30.0,480,480,2.8
46701_1,videos_squat/46701_1.mp4,train,squat,multiple_annotated_errors,True,True,"[[1.4, 3.69]]","[[2.75, 3.63]]",2,119,30.0,480,480,3.966666666666667
46706_1,videos_squat/46706_1.mp4,train,squat,knees_inward,False,True,[],"[[3.34, 4.44]]",1,157,30.0,480,480,5.233333333333333
46709_1,videos_squat/46709_1.mp4,train,squat,knees_forward,True,False,"[[2.81, 3.55]]",[],1,112,30.0,480,480,3.7333333333333334
46714_1,videos_squat/46714_1.mp4,train,squat,no_annotated_error,False,False,[],[],0,80,30.0,480,360,2.6666666666666665
46723_2,videos_squat/46723_2.mp4,val,squat,no_annotated_error,False,False,[],[],0,405,30.0,480,600,13.5
46724_5,videos_squat/46724_5.mp4,train,squat,knees_forward,True,False,"[[1.88, 2.53]]",[],1,121,30.0,480,600,4.033333333333333
46725_1,videos_squat/46725_1.mp4,val,squat,knees_forward,True,False,"[[1.0, 2.85]]",[],1,117,30.0,480,600,3.9
46726_4,videos_squat/46726_4.mp4,train,squat,no_annotated_error,False,False,[],[],0,90,30.0,480,600,3.0
46732_1,videos_squat/46732_1.mp4,train,squat,knees_forward,True,False,"[[0.49, 2.69]]",[],1,88,30.0,480,600,2.933333333333333
46734_1,videos_squat/46734_1.mp4,train,squat,knees_forward,True,False,"[[2.15, 2.98]]",[],1,101,30.0,480,480,3.3666666666666667
46745_2,videos_squat/46745_2.mp4,val,squat,knees_forward,True,False,"[[0.91, 1.32]]",[],1,59,30.0,480,480,1.9666666666666666
46749_4,videos_squat/46749_4.mp4,train,squat,knees_forward,True,False,"[[1.02, 2.66]]",[],1,85,30.0,480,270,2.8333333333333335
46755_1,videos_squat/46755_1.mp4,train,squat,knees_forward,True,False,"[[2.83, 3.44]]",[],1,113,30.0,480,480,3.7666666666666666
46758_3,videos_squat/46758_3.mp4,val,squat,knees_forward,True,False,"[[2.27, 3.28]]",[],1,105,30.0,480,600,3.5
46762_2,videos_squat/46762_2.mp4,test,squat,knees_forward,True,False,"[[2.04, 3.55]]",[],1,112,30.0,480,480,3.7333333333333334
46772_1,videos_squat/46772_1.mp4,train,squat,knees_forward,True,False,"[[2.78, 6.78]]",[],1,264,30.0,480,592,8.8
46773_3,videos_squat/46773_3.mp4,train,squat,knees_forward,True,False,"[[1.16, 3.08]]",[],1,107,30.0,480,272,3.566666666666667
46774_8,videos_squat/46774_8.mp4,train,squat,knees_forward,True,False,"[[1.31, 2.71]]",[],1,104,30.0,480,600,3.466666666666667
46777_1,videos_squat/46777_1.mp4,train,squat,knees_forward,True,False,"[[1.55, 1.98]]",[],1,73,30.0,480,600,2.433333333333333
46779_4,videos_squat/46779_4.mp4,train,squat,multiple_annotated_errors,True,True,"[[0.76, 1.7]]","[[1.3, 1.9]]",2,76,30.0,480,600,2.533333333333333
46782_3,videos_squat/46782_3.mp4,val,squat,knees_forward,True,False,"[[2.17, 3.14]]",[],1,123,30.0,480,600,4.1
46787_1,videos_squat/46787_1.mp4,val,squat,knees_forward,True,False,"[[2.94, 3.86]]",[],1,117,30.0,480,480,3.9
46810_8,videos_squat/46810_8.mp4,train,squat,multiple_annotated_errors,True,True,"[[0.64, 2.45]]","[[1.4, 2.17]]",2,80,30.0,480,480,2.6666666666666665
46820_1,videos_squat/46820_1.mp4,val,squat,no_annotated_error,False,False,[],[],0,128,30.0,480,600,4.266666666666667
46827_5,videos_squat/46827_5.mp4,train,squat,knees_forward,True,False,"[[0.74, 1.9]]",[],1,66,30.0,480,480,2.2
46839_1,videos_squat/46839_1.mp4,train,squat,knees_forward,True,False,"[[2.77, 6.09]]",[],1,192,30.0,480,600,6.4
46850_1,videos_squat/46850_1.mp4,train,squat,no_annotated_error,False,False,[],[],0,110,30.0,480,600,3.6666666666666665
46856_1,videos_squat/46856_1.mp4,test,squat,knees_forward,True,False,"[[2.33, 4.27]]",[],1,133,30.0,480,480,4.433333333333334
46865_1,videos_squat/46865_1.mp4,train,squat,knees_forward,True,False,"[[0.72, 2.31]]",[],1,76,30.0,480,600,2.533333333333333
46868_1,videos_squat/46868_1.mp4,val,squat,knees_forward,True,False,"[[0.8, 1.71]]",[],1,76,30.0,480,480,2.533333333333333
46869_2,videos_squat/46869_2.mp4,train,squat,no_annotated_error,False,False,[],[],0,100,30.0,480,324,3.3333333333333335
46876_1,videos_squat/46876_1.mp4,train,squat,knees_forward,True,False,"[[0.87, 2.09]]",[],1,82,30.0,480,600,2.7333333333333334
46877_1,videos_squat/46877_1.mp4,train,squat,no_annotated_error,False,False,[],[],0,147,30.0,480,480,4.9
46881_1,videos_squat/46881_1.mp4,train,squat,no_annotated_error,False,False,[],[],0,150,30.0,480,480,5.0
46889_5,videos_squat/46889_5.mp4,train,squat,no_annotated_error,False,False,[],[],0,100,30.0,480,600,3.3333333333333335
46895_1,videos_squat/46895_1.mp4,train,squat,knees_forward,True,False,"[[3.36, 4.29]]",[],1,135,30.0,480,480,4.5
46896_3,videos_squat/46896_3.mp4,train,squat,no_annotated_error,False,False,[],[],0,99,30.0,480,346,3.3
46900_3,videos_squat/46900_3.mp4,test,squat,knees_forward,True,False,"[[0.73, 2.38]]",[],1,85,30.0,480,480,2.8333333333333335
46904_6,videos_squat/46904_6.mp4,train,squat,knees_forward,True,False,"[[2.35, 4.14]]",[],1,128,30.0,480,480,4.266666666666667
46909_6,videos_squat/46909_6.mp4,train,squat,knees_forward,True,False,"[[1.0, 2.03]]",[],1,83,30.0,480,270,2.7666666666666666
46914_2,videos_squat/46914_2.mp4,train,squat,knees_forward,True,False,"[[0.61, 2.53]]",[],1,82,30.0,480,600,2.7333333333333334
46916_1,videos_squat/46916_1.mp4,train,squat,knees_forward,True,False,"[[0.73, 1.84]]",[],1,100,30.0,480,480,3.3333333333333335
46920_16,videos_squat/46920_16.mp4,train,squat,no_annotated_error,False,False,[],[],0,49,30.0,480,600,1.6333333333333333
46921_1,videos_squat/46921_1.mp4,train,squat,knees_forward,True,False,"[[4.14, 7.11]]",[],1,216,30.0,480,480,7.2
46923_2,videos_squat/46923_2.mp4,train,squat,no_annotated_error,False,False,[],[],0,66,30.0,480,600,2.2
46939_1,videos_squat/46939_1.mp4,train,squat,no_annotated_error,False,False,[],[],0,63,30.0,480,600,2.1
46946_5,videos_squat/46946_5.mp4,val,squat,knees_forward,True,False,"[[1.36, 2.76]]",[],1,99,30.0,480,600,3.3
46958_6,videos_squat/46958_6.mp4,val,squat,multiple_annotated_errors,True,True,"[[1.47, 2.07]]","[[1.17, 1.91]]",2,65,30.0,480,480,2.1666666666666665
46984_2,videos_squat/46984_2.mp4,val,squat,knees_forward,True,False,"[[7.07, 11.23]]",[],1,362,30.0,480,600,12.066666666666666
46986_2,videos_squat/46986_2.mp4,train,squat,multiple_annotated_errors,True,True,"[[2.92, 4.14]]","[[2.26, 3.82]]",2,130,30.0,480,270,4.333333333333333
47003_5,videos_squat/47003_5.mp4,train,squat,knees_forward,True,False,"[[0.82, 1.83]]",[],1,94,30.0,480,270,3.1333333333333333
47004_1,videos_squat/47004_1.mp4,train,squat,knees_forward,True,False,"[[6.76, 7.88]]",[],1,239,30.0,480,600,7.966666666666667
47014_4,videos_squat/47014_4.mp4,train,squat,knees_forward,True,False,"[[1.97, 2.63]]",[],1,87,30.0,480,600,2.9
47017_1,videos_squat/47017_1.mp4,val,squat,knees_forward,True,False,"[[0.96, 2.29]]",[],1,95,30.0,480,600,3.1666666666666665
47018_1,videos_squat/47018_1.mp4,val,squat,knees_forward,True,False,"[[1.92, 3.53]]",[],1,116,30.0,480,600,3.8666666666666667
47019_1,videos_squat/47019_1.mp4,train,squat,knees_forward,True,False,"[[0.79, 2.81]]",[],1,90,30.0,480,480,3.0
47020_1,videos_squat/47020_1.mp4,test,squat,knees_forward,True,False,"[[3.06, 3.78]]",[],1,120,30.0,480,600,4.0
47021_2,videos_squat/47021_2.mp4,train,squat,multiple_annotated_errors,True,True,"[[2.3, 3.65]]","[[1.84, 3.49]]",2,118,30.0,480,480,3.933333333333333
47022_2,videos_squat/47022_2.mp4,train,squat,knees_forward,True,False,"[[0.74, 2.42]]",[],1,83,30.0,480,600,2.7666666666666666
47048_1,videos_squat/47048_1.mp4,test,squat,knees_forward,True,False,"[[3.24, 5.38]]",[],1,165,30.0,480,600,5.5
47049_2,videos_squat/47049_2.mp4,train,squat,no_annotated_error,False,False,[],[],0,58,30.0,480,600,1.9333333333333333
47050_2,videos_squat/47050_2.mp4,train,squat,no_annotated_error,False,False,[],[],0,73,30.0,480,270,2.433333333333333
47054_1,videos_squat/47054_1.mp4,train,squat,multiple_annotated_errors,True,True,"[[1.14, 4.41]]","[[2.19, 3.53]]",2,139,30.0,480,480,4.633333333333334
47057_1,videos_squat/47057_1.mp4,train,squat,multiple_annotated_errors,True,True,"[[1.1, 4.34]]","[[2.16, 4.06]]",2,181,30.0,480,600,6.033333333333333
47080_2,videos_squat/47080_2.mp4,val,squat,knees_forward,True,False,"[[2.48, 2.95]]",[],1,103,30.0,480,480,3.433333333333333
47093_1,videos_squat/47093_1.mp4,train,squat,knees_forward,True,False,"[[0.73, 2.27]]",[],1,77,30.0,480,600,2.566666666666667
47099_1,videos_squat/47099_1.mp4,train,squat,knees_inward,False,True,[],"[[1.59, 2.53]]",1,88,30.0,480,600,2.933333333333333
47107_1,videos_squat/47107_1.mp4,train,squat,knees_forward,True,False,"[[3.48, 7.07]]",[],1,230,30.0,480,270,7.666666666666667
47112_3,videos_squat/47112_3.mp4,train,squat,knees_forward,True,False,"[[0.65, 1.82]]",[],1,63,30.0,480,852,2.1
47117_1,videos_squat/47117_1.mp4,test,squat,no_annotated_error,False,False,[],[],0,104,30.0,480,480,3.466666666666667
47124_2,videos_squat/47124_2.mp4,test,squat,no_annotated_error,False,False,[],[],0,83,30.0,480,480,2.7666666666666666
47128_1,videos_squat/47128_1.mp4,val,squat,multiple_annotated_errors,True,True,"[[2.66, 4.18]]","[[1.8, 3.72]]",2,131,30.0,480,270,4.366666666666666
47130_1,videos_squat/47130_1.mp4,train,squat,no_annotated_error,False,False,[],[],0,115,30.0,480,480,3.8333333333333335
47134_8,videos_squat/47134_8.mp4,train,squat,knees_forward,True,False,"[[0.93, 2.92]]",[],1,102,30.0,480,480,3.4
47138_2,videos_squat/47138_2.mp4,train,squat,knees_forward,True,False,"[[3.14, 4.33]]",[],1,135,30.0,480,480,4.5
47140_1,videos_squat/47140_1.mp4,train,squat,knees_forward,True,False,"[[4.29, 5.03]]",[],1,204,30.0,480,480,6.8
47145_1,videos_squat/47145_1.mp4,train,squat,multiple_annotated_errors,True,True,"[[2.38, 3.88]]","[[1.96, 3.37]]",2,122,30.0,480,600,4.066666666666666
47151_2,videos_squat/47151_2.mp4,train,squat,knees_forward,True,False,"[[2.19, 2.77]]",[],1,87,30.0,480,480,2.9
47153_3,videos_squat/47153_3.mp4,train,squat,knees_forward,True,False,"[[2.18, 4.54]]",[],1,146,30.0,480,480,4.866666666666666
47168_5,videos_squat/47168_5.mp4,train,squat,knees_forward,True,False,"[[1.61, 2.4]]",[],1,75,30.0,480,600,2.5
47186_5,videos_squat/47186_5.mp4,train,squat,no_annotated_error,False,False,[],[],0,60,30.0,480,600,2.0
47193_2,videos_squat/47193_2.mp4,val,squat,no_annotated_error,False,False,[],[],0,122,30.0,480,480,4.066666666666666
47194_1,videos_squat/47194_1.mp4,train,squat,multiple_annotated_errors,True,True,"[[1.38, 3.31]]","[[1.52, 3.02]]",2,110,30.0,480,480,3.6666666666666665
47199_1,videos_squat/47199_1.mp4,train,squat,knees_forward,True,False,"[[1.24, 2.2]]",[],1,84,30.0,480,600,2.8
47205_2,videos_squat/47205_2.mp4,train,squat,knees_forward,True,False,"[[2.4, 3.38]]",[],1,105,30.0,480,600,3.5
47209_2,videos_squat/47209_2.mp4,train,squat,knees_forward,True,False,"[[1.88, 3.04]]",[],1,107,30.0,480,270,3.566666666666667
47223_1,videos_squat/47223_1.mp4,train,squat,multiple_annotated_errors,True,True,"[[4.16, 5.02]]","[[3.04, 4.54]]",2,156,30.0,480,600,5.2
47224_2,videos_squat/47224_2.mp4,test,squat,knees_forward,True,False,"[[1.59, 3.16]]",[],1,101,30.0,480,480,3.3666666666666667
47227_5,videos_squat/47227_5.mp4,train,squat,no_annotated_error,False,False,[],[],0,107,30.0,480,600,3.566666666666667
47234_2,videos_squat/47234_2.mp4,val,squat,knees_forward,True,False,"[[6.93, 9.18]]",[],1,281,30.0,480,480,9.366666666666667
47239_1,videos_squat/47239_1.mp4,train,squat,multiple_annotated_errors,True,True,"[[0.87, 2.19], [2.26, 3.39]]","[[1.84, 3.25]]",3,106,30.0,480,480,3.533333333333333
47243_15,videos_squat/47243_15.mp4,test,squat,no_annotated_error,False,False,[],[],0,70,30.0,480,480,2.3333333333333335
47248_1,videos_squat/47248_1.mp4,train,squat,no_annotated_error,False,False,[],[],0,161,30.0,480,600,5.366666666666666
47251_1,videos_squat/47251_1.mp4,train,squat,knees_forward,True,False,"[[2.34, 3.04]]",[],1,95,30.0,480,600,3.1666666666666665
47257_5,videos_squat/47257_5.mp4,train,squat,knees_forward,True,False,"[[0.96, 2.11]]",[],1,74,30.0,480,600,2.466666666666667
47258_4,videos_squat/47258_4.mp4,train,squat,no_annotated_error,False,False,[],[],0,55,30.0,480,480,1.8333333333333333
47272_4,videos_squat/47272_4.mp4,train,squat,no_annotated_error,False,False,[],[],0,107,30.0,480,600,3.566666666666667
47274_1,videos_squat/47274_1.mp4,train,squat,knees_forward,True,False,"[[1.17, 4.49]]",[],1,145,30.0,480,600,4.833333333333333
47276_4,videos_squat/47276_4.mp4,train,squat,no_annotated_error,False,False,[],[],0,250,30.0,480,480,8.333333333333334
47277_5,videos_squat/47277_5.mp4,train,squat,knees_forward,True,False,"[[0.77, 1.69]]",[],1,77,30.0,480,480,2.566666666666667
47278_3,videos_squat/47278_3.mp4,train,squat,knees_inward,False,True,[],"[[2.18, 3.17]]",1,111,30.0,480,600,3.7
47279_1,videos_squat/47279_1.mp4,train,squat,knees_forward,True,False,"[[2.22, 4.16]]",[],1,132,30.0,480,270,4.4
47287_3,videos_squat/47287_3.mp4,train,squat,knees_forward,True,False,"[[2.29, 4.68]]",[],1,143,30.0,480,600,4.766666666666667
47288_2,videos_squat/47288_2.mp4,test,squat,knees_forward,True,False,"[[2.19, 3.31]]",[],1,151,30.0,480,480,5.033333333333333
47295_5,videos_squat/47295_5.mp4,test,squat,no_annotated_error,False,False,[],[],0,63,30.0,480,480,2.1
47300_4,videos_squat/47300_4.mp4,train,squat,knees_inward,False,True,[],"[[1.58, 3.32]]",1,125,30.0,480,600,4.166666666666667
47305_1,videos_squat/47305_1.mp4,train,squat,knees_forward,True,False,"[[4.28, 5.47]]",[],1,172,30.0,480,600,5.733333333333333
47315_4,videos_squat/47315_4.mp4,train,squat,knees_forward,True,False,"[[3.71, 4.71]]",[],1,149,30.0,480,480,4.966666666666667
47316_1,videos_squat/47316_1.mp4,train,squat,knees_forward,True,False,"[[0.47, 1.59]]",[],1,58,30.0,480,270,1.9333333333333333
47320_6,videos_squat/47320_6.mp4,test,squat,knees_forward,True,False,"[[1.54, 2.96]]",[],1,107,30.0,480,600,3.566666666666667
47321_4,videos_squat/47321_4.mp4,val,squat,no_annotated_error,False,False,[],[],0,86,30.0,480,480,2.8666666666666667
47326_5,videos_squat/47326_5.mp4,train,squat,no_annotated_error,False,False,[],[],0,90,30.0,480,600,3.0
47327_1,videos_squat/47327_1.mp4,val,squat,no_annotated_error,False,False,[],[],0,64,30.0,480,480,2.1333333333333333
47341_1,videos_squat/47341_1.mp4,train,squat,knees_forward,True,False,"[[0.85, 2.73]]",[],1,138,30.0,480,480,4.6
47346_1,videos_squat/47346_1.mp4,train,squat,knees_forward,True,False,"[[2.21, 4.74]]",[],1,149,30.0,480,480,4.966666666666667
47347_3,videos_squat/47347_3.mp4,test,squat,no_annotated_error,False,False,[],[],0,118,30.0,480,600,3.933333333333333
47351_5,videos_squat/47351_5.mp4,val,squat,no_annotated_error,False,False,[],[],0,111,30.0,480,480,3.7
47352_1,videos_squat/47352_1.mp4,train,squat,knees_forward,True,False,"[[2.12, 4.04]]",[],1,127,30.0,480,480,4.233333333333333
47370_1,videos_squat/47370_1.mp4,train,squat,knees_forward,True,False,"[[1.76, 2.36]]",[],1,77,30.0,480,600,2.566666666666667
47372_7,videos_squat/47372_7.mp4,train,squat,knees_forward,True,False,"[[2.16, 3.38]]",[],1,124,30.0,480,600,4.133333333333334
47376_13,videos_squat/47376_13.mp4,test,squat,knees_forward,True,False,"[[1.69, 2.52]]",[],1,82,30.0,480,480,2.7333333333333334
47396_1,videos_squat/47396_1.mp4,train,squat,multiple_annotated_errors,True,True,"[[2.45, 3.22]]","[[1.82, 3.04]]",2,102,30.0,480,600,3.4
47403_2,videos_squat/47403_2.mp4,val,squat,knees_forward,True,False,"[[3.28, 3.72]]",[],1,120,30.0,480,600,4.0
47415_3,videos_squat/47415_3.mp4,train,squat,knees_forward,True,False,"[[2.74, 3.53]]",[],1,151,30.0,480,600,5.033333333333333
47419_1,videos_squat/47419_1.mp4,train,squat,multiple_annotated_errors,True,True,"[[2.22, 4.02]]","[[1.67, 3.65]]",2,137,30.0,480,600,4.566666666666666
47423_1,videos_squat/47423_1.mp4,val,squat,multiple_annotated_errors,True,True,"[[0.69, 3.82]]","[[1.55, 3.41]]",2,122,30.0,480,480,4.066666666666666
47427_1,videos_squat/47427_1.mp4,train,squat,knees_forward,True,False,"[[1.1, 2.84]]",[],1,95,30.0,480,600,3.1666666666666665
47436_4,videos_squat/47436_4.mp4,train,squat,knees_forward,True,False,"[[1.13, 2.36]]",[],1,78,30.0,480,600,2.6
47437_4,videos_squat/47437_4.mp4,train,squat,no_annotated_error,False,False,[],[],0,95,30.0,480,480,3.1666666666666665
47438_1,videos_squat/47438_1.mp4,train,squat,knees_forward,True,False,"[[0.99, 1.85]]",[],1,84,30.0,480,480,2.8
47453_1,videos_squat/47453_1.mp4,train,squat,no_annotated_error,False,False,[],[],0,126,30.0,480,270,4.2
47458_9,videos_squat/47458_9.mp4,train,squat,no_annotated_error,False,False,[],[],0,79,30.0,480,480,2.6333333333333333
47459_1,videos_squat/47459_1.mp4,train,squat,no_annotated_error,False,False,[],[],0,90,30.0,480,480,3.0
47466_1,videos_squat/47466_1.mp4,train,squat,knees_forward,True,False,"[[0.77, 1.56], [2.14, 2.73]]",[],2,92,30.0,480,600,3.066666666666667
47476_4,videos_squat/47476_4.mp4,train,squat,knees_forward,True,False,"[[0.64, 2.91]]",[],1,103,30.0,480,600,3.433333333333333
47478_7,videos_squat/47478_7.mp4,test,squat,no_annotated_error,False,False,[],[],0,68,30.0,480,480,2.2666666666666666
47479_6,videos_squat/47479_6.mp4,val,squat,no_annotated_error,False,False,[],[],0,82,30.0,480,600,2.7333333333333334
47483_1,videos_squat/47483_1.mp4,val,squat,no_annotated_error,False,False,[],[],0,118,30.0,480,480,3.933333333333333
47485_5,videos_squat/47485_5.mp4,train,squat,no_annotated_error,False,False,[],[],0,100,30.0,480,480,3.3333333333333335
47487_2,videos_squat/47487_2.mp4,train,squat,knees_forward,True,False,"[[1.21, 3.33]]",[],1,109,30.0,480,600,3.6333333333333333
47501_2,videos_squat/47501_2.mp4,train,squat,no_annotated_error,False,False,[],[],0,71,30.0,480,480,2.3666666666666667
47514_5,videos_squat/47514_5.mp4,train,squat,multiple_annotated_errors,True,True,"[[0.51, 1.41], [1.97, 4.4]]","[[1.57, 4.1]]",3,146,30.0,480,600,4.866666666666666
47519_1,videos_squat/47519_1.mp4,train,squat,knees_forward,True,False,"[[2.47, 4.04]]",[],1,204,30.0,480,264,6.8
47523_1,videos_squat/47523_1.mp4,train,squat,knees_forward,True,False,"[[1.82, 2.91]]",[],1,149,30.0,480,600,4.966666666666667
47525_3,videos_squat/47525_3.mp4,train,squat,knees_forward,True,False,"[[0.66, 1.82]]",[],1,61,30.0,480,480,2.033333333333333
47527_2,videos_squat/47527_2.mp4,train,squat,no_annotated_error,False,False,[],[],0,119,30.0,480,600,3.966666666666667
47531_5,videos_squat/47531_5.mp4,train,squat,knees_forward,True,False,"[[1.16, 3.27]]",[],1,103,30.0,480,480,3.433333333333333
47534_1,videos_squat/47534_1.mp4,train,squat,knees_forward,True,False,"[[0.55, 3.27]]",[],1,109,30.0,480,480,3.6333333333333333
47535_3,videos_squat/47535_3.mp4,train,squat,no_annotated_error,False,False,[],[],0,193,30.0,480,480,6.433333333333334
47537_2,videos_squat/47537_2.mp4,train,squat,multiple_annotated_errors,True,True,"[[3.01, 4.2]]","[[2.51, 4.02]]",2,126,30.0,480,270,4.2
47544_2,videos_squat/47544_2.mp4,train,squat,knees_forward,True,False,"[[1.56, 3.12]]",[],1,100,30.0,480,600,3.3333333333333335
47548_1,videos_squat/47548_1.mp4,train,squat,no_annotated_error,False,False,[],[],0,99,30.0,480,600,3.3
47559_3,videos_squat/47559_3.mp4,train,squat,no_annotated_error,False,False,[],[],0,109,30.0,480,480,3.6333333333333333
47565_1,videos_squat/47565_1.mp4,train,squat,no_annotated_error,False,False,[],[],0,129,30.0,480,600,4.3
47569_11,videos_squat/47569_11.mp4,test,squat,no_annotated_error,False,False,[],[],0,76,30.0,480,480,2.533333333333333
47570_1,videos_squat/47570_1.mp4,train,squat,multiple_annotated_errors,True,True,"[[2.68, 4.98]]","[[2.03, 4.38]]",2,156,30.0,480,600,5.2
47576_1,videos_squat/47576_1.mp4,train,squat,multiple_annotated_errors,True,True,"[[0.67, 2.73]]","[[1.66, 2.34]]",2,86,30.0,480,270,2.8666666666666667
47578_1,videos_squat/47578_1.mp4,train,squat,no_annotated_error,False,False,[],[],0,119,30.0,480,480,3.966666666666667
47582_8,videos_squat/47582_8.mp4,train,squat,knees_forward,True,False,"[[0.61, 1.97]]",[],1,71,30.0,480,480,2.3666666666666667
47587_2,videos_squat/47587_2.mp4,train,squat,knees_forward,True,False,"[[0.7, 3.41]]",[],1,106,30.0,480,600,3.533333333333333
47589_2,videos_squat/47589_2.mp4,train,squat,knees_forward,True,False,"[[0.64, 2.82]]",[],1,158,30.0,480,480,5.266666666666667
47591_2,videos_squat/47591_2.mp4,test,squat,knees_forward,True,False,"[[2.84, 3.5]]",[],1,137,30.0,480,480,4.566666666666666
47594_1,videos_squat/47594_1.mp4,train,squat,no_annotated_error,False,False,[],[],0,105,30.0,480,480,3.5
47599_1,videos_squat/47599_1.mp4,test,squat,multiple_annotated_errors,True,True,"[[2.12, 2.78]]","[[1.75, 2.77]]",2,137,30.0,480,600,4.566666666666666
47614_1,videos_squat/47614_1.mp4,test,squat,knees_inward,False,True,[],"[[2.44, 3.47]]",1,119,30.0,480,600,3.966666666666667
47619_1,videos_squat/47619_1.mp4,train,squat,no_annotated_error,False,False,[],[],0,87,30.0,480,270,2.9
47631_4,videos_squat/47631_4.mp4,train,squat,no_annotated_error,False,False,[],[],0,66,30.0,480,600,2.2
47636_1,videos_squat/47636_1.mp4,train,squat,multiple_annotated_errors,True,True,"[[0.58, 4.61]]","[[1.48, 3.4]]",2,157,30.0,480,480,5.233333333333333
47642_2,videos_squat/47642_2.mp4,val,squat,no_annotated_error,False,False,[],[],0,142,30.0,480,600,4.733333333333333
47645_5,videos_squat/47645_5.mp4,train,squat,no_annotated_error,False,False,[],[],0,80,30.0,480,270,2.6666666666666665
47646_1,videos_squat/47646_1.mp4,train,squat,no_annotated_error,False,False,[],[],0,79,30.0,480,600,2.6333333333333333
47649_1,videos_squat/47649_1.mp4,train,squat,no_annotated_error,False,False,[],[],0,157,30.0,480,600,5.233333333333333
47650_1,videos_squat/47650_1.mp4,val,squat,knees_forward,True,False,"[[5.9, 6.72]]",[],1,210,30.0,480,480,7.0
47658_6,videos_squat/47658_6.mp4,test,squat,multiple_annotated_errors,True,True,"[[0.94, 3.13]]","[[1.63, 2.82]]",2,118,30.0,480,600,3.933333333333333
47666_2,videos_squat/47666_2.mp4,test,squat,knees_forward,True,False,"[[1.06, 2.05], [2.46, 3.28]]",[],2,119,30.0,480,600,3.966666666666667
47672_4,videos_squat/47672_4.mp4,train,squat,knees_forward,True,False,"[[0.83, 2.13]]",[],1,74,30.0,480,600,2.466666666666667
47674_2,videos_squat/47674_2.mp4,train,squat,knees_forward,True,False,"[[0.85, 1.94]]",[],1,79,30.0,480,600,2.6333333333333333
47679_3,videos_squat/47679_3.mp4,val,squat,no_annotated_error,False,False,[],[],0,60,30.0,480,600,2.0
47681_1,videos_squat/47681_1.mp4,train,squat,knees_forward,True,False,"[[3.55, 4.96]]",[],1,158,30.0,480,480,5.266666666666667
47693_2,videos_squat/47693_2.mp4,test,squat,knees_forward,True,False,"[[1.97, 2.72]]",[],1,89,30.0,480,600,2.966666666666667
47695_4,videos_squat/47695_4.mp4,train,squat,knees_forward,True,False,"[[0.93, 2.53]]",[],1,83,30.0,480,600,2.7666666666666666
47703_2,videos_squat/47703_2.mp4,train,squat,no_annotated_error,False,False,[],[],0,98,30.0,480,480,3.2666666666666666
47716_1,videos_squat/47716_1.mp4,train,squat,knees_forward,True,False,"[[2.44, 4.43]]",[],1,143,30.0,480,270,4.766666666666667
47717_1,videos_squat/47717_1.mp4,val,squat,knees_forward,True,False,"[[1.3, 3.99]]",[],1,148,30.0,480,480,4.933333333333334
47719_1,videos_squat/47719_1.mp4,val,squat,knees_forward,True,False,"[[1.13, 4.53]]",[],1,143,30.0,480,480,4.766666666666667
47732_1,videos_squat/47732_1.mp4,train,squat,multiple_annotated_errors,True,True,"[[0.74, 1.81], [3.07, 3.76]]","[[1.89, 3.4]]",3,119,30.0,480,480,3.966666666666667
47733_3,videos_squat/47733_3.mp4,train,squat,knees_forward,True,False,"[[1.68, 2.15]]",[],1,69,30.0,480,600,2.3
47735_2,videos_squat/47735_2.mp4,train,squat,multiple_annotated_errors,True,True,"[[0.69, 1.83]]","[[1.38, 2.26]]",2,93,30.0,480,480,3.1
47739_3,videos_squat/47739_3.mp4,train,squat,knees_forward,True,False,"[[0.93, 1.66]]",[],1,76,30.0,480,600,2.533333333333333
47742_2,videos_squat/47742_2.mp4,train,squat,no_annotated_error,False,False,[],[],0,63,30.0,480,600,2.1
47744_1,videos_squat/47744_1.mp4,train,squat,knees_forward,True,False,"[[4.32, 7.15]]",[],1,219,30.0,480,600,7.3
47750_4,videos_squat/47750_4.mp4,train,squat,no_annotated_error,False,False,[],[],0,98,30.0,480,600,3.2666666666666666
47760_1,videos_squat/47760_1.mp4,train,squat,knees_forward,True,False,"[[2.33, 4.82]]",[],1,242,30.0,480,480,8.066666666666666
47779_3,videos_squat/47779_3.mp4,test,squat,knees_forward,True,False,"[[1.09, 3.25]]",[],1,106,30.0,480,480,3.533333333333333
47789_2,videos_squat/47789_2.mp4,test,squat,knees_forward,True,False,"[[0.63, 1.51]]",[],1,91,30.0,480,480,3.033333333333333
47790_1,videos_squat/47790_1.mp4,val,squat,knees_inward,False,True,[],"[[2.44, 4.08]]",1,128,30.0,480,480,4.266666666666667
47794_1,videos_squat/47794_1.mp4,train,squat,knees_forward,True,False,"[[1.16, 4.16]]",[],1,132,30.0,480,480,4.4
47795_3,videos_squat/47795_3.mp4,val,squat,knees_forward,True,False,"[[6.21, 6.9]]",[],1,213,30.0,480,480,7.1
47808_1,videos_squat/47808_1.mp4,val,squat,multiple_annotated_errors,True,True,"[[2.0, 3.91]]","[[1.48, 2.93]]",2,124,30.0,480,480,4.133333333333334
47811_1,videos_squat/47811_1.mp4,train,squat,knees_forward,True,False,"[[0.72, 1.59]]",[],1,64,30.0,480,852,2.1333333333333333
47814_1,videos_squat/47814_1.mp4,test,squat,multiple_annotated_errors,True,True,"[[2.36, 3.4]]","[[1.65, 2.99]]",2,107,30.0,480,600,3.566666666666667
47816_1,videos_squat/47816_1.mp4,train,squat,knees_forward,True,False,"[[1.98, 2.71]]",[],1,89,30.0,480,480,2.966666666666667
47818_3,videos_squat/47818_3.mp4,train,squat,no_annotated_error,False,False,[],[],0,72,30.0,480,600,2.4
47827_2,videos_squat/47827_2.mp4,train,squat,no_annotated_error,False,False,[],[],0,80,30.0,480,480,2.6666666666666665
47828_3,videos_squat/47828_3.mp4,train,squat,knees_forward,True,False,"[[1.1, 2.27]]",[],1,103,30.0,480,270,3.433333333333333
47829_1,videos_squat/47829_1.mp4,train,squat,knees_forward,True,False,"[[0.7, 1.95], [2.46, 3.1]]",[],2,123,30.0,480,480,4.1
47833_1,videos_squat/47833_1.mp4,test,squat,knees_forward,True,False,"[[1.16, 3.23]]",[],1,103,30.0,480,600,3.433333333333333
47839_8,videos_squat/47839_8.mp4,train,squat,multiple_annotated_errors,True,True,"[[0.68, 1.72]]","[[1.23, 2.08]]",2,71,30.0,480,480,2.3666666666666667
47861_2,videos_squat/47861_2.mp4,test,squat,no_annotated_error,False,False,[],[],0,70,30.0,480,272,2.3333333333333335
47862_1,videos_squat/47862_1.mp4,train,squat,no_annotated_error,False,False,[],[],0,72,30.0,480,600,2.4
47866_1,videos_squat/47866_1.mp4,val,squat,knees_forward,True,False,"[[0.81, 3.14]]",[],1,123,30.0,480,480,4.1
47869_3,videos_squat/47869_3.mp4,train,squat,no_annotated_error,False,False,[],[],0,122,30.0,480,480,4.066666666666666
47870_1,videos_squat/47870_1.mp4,val,squat,knees_forward,True,False,"[[2.03, 4.08]]",[],1,131,30.0,480,600,4.366666666666666
47871_1,videos_squat/47871_1.mp4,train,squat,knees_forward,True,False,"[[1.83, 3.38]]",[],1,114,30.0,480,600,3.8
47876_2,videos_squat/47876_2.mp4,train,squat,multiple_annotated_errors,True,True,"[[0.92, 3.43]]","[[1.68, 3.21]]",2,109,30.0,480,480,3.6333333333333333
47877_2,videos_squat/47877_2.mp4,train,squat,no_annotated_error,False,False,[],[],0,97,30.0,480,480,3.2333333333333334
47878_2,videos_squat/47878_2.mp4,val,squat,knees_inward,False,True,[],"[[2.69, 4.26]]",1,139,30.0,480,600,4.633333333333334
47880_2,videos_squat/47880_2.mp4,val,squat,no_annotated_error,False,False,[],[],0,91,30.0,480,480,3.033333333333333
47881_2,videos_squat/47881_2.mp4,val,squat,no_annotated_error,False,False,[],[],0,81,30.0,480,480,2.7
47886_2,videos_squat/47886_2.mp4,val,squat,no_annotated_error,False,False,[],[],0,124,30.0,480,600,4.133333333333334
47901_8,videos_squat/47901_8.mp4,train,squat,knees_forward,True,False,"[[2.6, 3.85]]",[],1,129,30.0,480,480,4.3
47909_3,videos_squat/47909_3.mp4,train,squat,no_annotated_error,False,False,[],[],0,77,30.0,480,480,2.566666666666667
47910_3,videos_squat/47910_3.mp4,train,squat,multiple_annotated_errors,True,True,"[[2.98, 3.69]]","[[2.62, 3.52]]",2,118,30.0,480,480,3.933333333333333
47919_1,videos_squat/47919_1.mp4,train,squat,knees_forward,True,False,"[[0.89, 2.09], [2.61, 3.48]]",[],2,126,30.0,480,600,4.2
47921_3,videos_squat/47921_3.mp4,train,squat,multiple_annotated_errors,True,True,"[[1.3, 5.37]]","[[2.86, 5.3]]",2,265,30.0,480,480,8.833333333333334
47922_3,videos_squat/47922_3.mp4,train,squat,no_annotated_error,False,False,[],[],0,76,30.0,480,600,2.533333333333333
47931_1,videos_squat/47931_1.mp4,train,squat,knees_forward,True,False,"[[3.42, 4.61]]",[],1,143,30.0,480,480,4.766666666666667
47935_1,videos_squat/47935_1.mp4,train,squat,no_annotated_error,False,False,[],[],0,94,30.0,480,600,3.1333333333333333
47939_1,videos_squat/47939_1.mp4,train,squat,knees_forward,True,False,"[[2.62, 5.73]]",[],1,181,30.0,480,272,6.033333333333333
47940_1,videos_squat/47940_1.mp4,test,squat,knees_forward,True,False,"[[3.21, 4.88]]",[],1,151,30.0,480,480,5.033333333333333
47942_2,videos_squat/47942_2.mp4,train,squat,knees_forward,True,False,"[[2.14, 3.76]]",[],1,118,30.0,480,480,3.933333333333333
47944_2,videos_squat/47944_2.mp4,test,squat,knees_forward,True,False,"[[2.74, 4.08]]",[],1,127,30.0,480,600,4.233333333333333
47946_1,videos_squat/47946_1.mp4,train,squat,knees_forward,True,False,"[[0.48, 1.88]]",[],1,78,30.0,480,600,2.6
47950_3,videos_squat/47950_3.mp4,train,squat,knees_forward,True,False,"[[1.08, 2.26]]",[],1,105,30.0,480,600,3.5
47959_1,videos_squat/47959_1.mp4,train,squat,knees_inward,False,True,[],"[[1.67, 3.28]]",1,159,30.0,480,480,5.3
47960_1,videos_squat/47960_1.mp4,train,squat,no_annotated_error,False,False,[],[],0,119,30.0,480,600,3.966666666666667
47966_1,videos_squat/47966_1.mp4,train,squat,multiple_annotated_errors,True,True,"[[1.19, 4.31]]","[[2.51, 4.22]]",2,138,30.0,480,600,4.6
47969_5,videos_squat/47969_5.mp4,train,squat,multiple_annotated_errors,True,True,"[[2.67, 6.71]]","[[3.38, 5.49]]",2,220,30.0,480,270,7.333333333333333
47977_1,videos_squat/47977_1.mp4,test,squat,knees_forward,True,False,"[[4.14, 5.78]]",[],1,179,30.0,480,480,5.966666666666667
47985_1,videos_squat/47985_1.mp4,test,squat,no_annotated_error,False,False,[],[],0,80,30.0,480,600,2.6666666666666665
47987_1,videos_squat/47987_1.mp4,train,squat,knees_forward,True,False,"[[1.19, 2.43]]",[],1,94,30.0,480,480,3.1333333333333333
47991_2,videos_squat/47991_2.mp4,train,squat,knees_forward,True,False,"[[1.88, 2.57]]",[],1,84,30.0,480,480,2.8
48001_1,videos_squat/48001_1.mp4,train,squat,knees_forward,True,False,"[[2.14, 3.59]]",[],1,182,30.0,480,600,6.066666666666666
48004_12,videos_squat/48004_12.mp4,train,squat,knees_forward,True,False,"[[0.46, 1.93]]",[],1,79,30.0,480,600,2.6333333333333333
48007_1,videos_squat/48007_1.mp4,train,squat,knees_forward,True,False,"[[3.28, 5.69]]",[],1,186,30.0,480,480,6.2
48019_2,videos_squat/48019_2.mp4,test,squat,knees_forward,True,False,"[[1.91, 3.55]]",[],1,118,30.0,480,480,3.933333333333333
48020_1,videos_squat/48020_1.mp4,train,squat,multiple_annotated_errors,True,True,"[[3.31, 5.27]]","[[2.35, 4.99]]",2,167,30.0,480,480,5.566666666666666
48023_6,videos_squat/48023_6.mp4,train,squat,knees_inward,False,True,[],"[[1.3, 3.09]]",1,111,30.0,480,480,3.7
48027_1,videos_squat/48027_1.mp4,train,squat,knees_forward,True,False,"[[0.97, 3.08]]",[],1,124,30.0,480,600,4.133333333333334
48030_3,videos_squat/48030_3.mp4,train,squat,knees_forward,True,False,"[[1.13, 3.09]]",[],1,105,30.0,480,264,3.5
48031_1,videos_squat/48031_1.mp4,train,squat,no_annotated_error,False,False,[],[],0,80,30.0,480,480,2.6666666666666665
48032_5,videos_squat/48032_5.mp4,train,squat,no_annotated_error,False,False,[],[],0,73,30.0,480,480,2.433333333333333
48033_1,videos_squat/48033_1.mp4,train,squat,knees_forward,True,False,"[[5.29, 6.43]]",[],1,206,30.0,480,480,6.866666666666666
48035_1,videos_squat/48035_1.mp4,train,squat,knees_forward,True,False,"[[0.99, 3.16]]",[],1,109,30.0,480,480,3.6333333333333333
48037_7,videos_squat/48037_7.mp4,train,squat,knees_forward,True,False,"[[2.05, 2.58]]",[],1,79,30.0,480,480,2.6333333333333333
48046_2,videos_squat/48046_2.mp4,val,squat,no_annotated_error,False,False,[],[],0,131,30.0,480,272,4.366666666666666
48047_1,videos_squat/48047_1.mp4,train,squat,no_annotated_error,False,False,[],[],0,169,30.0,480,600,5.633333333333334
48054_13,videos_squat/48054_13.mp4,train,squat,multiple_annotated_errors,True,True,"[[0.93, 2.41]]","[[1.68, 2.62]]",2,93,30.0,864,486,3.1
48059_1,videos_squat/48059_1.mp4,train,squat,knees_forward,True,False,"[[6.06, 7.89], [9.37, 11.11]]",[],2,343,30.0,480,600,11.433333333333334
48063_1,videos_squat/48063_1.mp4,train,squat,knees_forward,True,False,"[[0.52, 1.85]]",[],1,71,30.0,480,480,2.3666666666666667
48068_1,videos_squat/48068_1.mp4,val,squat,knees_forward,True,False,"[[1.63, 2.24]]",[],1,73,30.0,480,270,2.433333333333333
48074_1,videos_squat/48074_1.mp4,train,squat,knees_forward,True,False,"[[1.07, 2.96]]",[],1,150,30.0,480,600,5.0
48079_1,videos_squat/48079_1.mp4,train,squat,no_annotated_error,False,False,[],[],0,66,30.0,480,600,2.2
48081_1,videos_squat/48081_1.mp4,train,squat,no_annotated_error,False,False,[],[],0,80,30.0,480,270,2.6666666666666665
48092_1,videos_squat/48092_1.mp4,val,squat,knees_forward,True,False,"[[3.61, 4.21]]",[],1,139,30.0,480,270,4.633333333333334
48093_4,videos_squat/48093_4.mp4,test,squat,knees_forward,True,False,"[[0.72, 4.74]]",[],1,149,30.0,480,480,4.966666666666667
48101_8,videos_squat/48101_8.mp4,test,squat,no_annotated_error,False,False,[],[],0,111,30.0,480,480,3.7
48102_2,videos_squat/48102_2.mp4,train,squat,knees_forward,True,False,"[[1.08, 3.37]]",[],1,110,30.0,480,480,3.6666666666666665
48103_8,videos_squat/48103_8.mp4,train,squat,knees_forward,True,False,"[[2.1, 2.83]]",[],1,91,30.0,480,480,3.033333333333333
48104_1,videos_squat/48104_1.mp4,val,squat,multiple_annotated_errors,True,True,"[[2.7, 4.9]]","[[3.27, 4.32]]",2,151,30.0,480,480,5.033333333333333
48105_1,videos_squat/48105_1.mp4,train,squat,no_annotated_error,False,False,[],[],0,169,30.0,480,600,5.633333333333334
48106_2,videos_squat/48106_2.mp4,train,squat,multiple_annotated_errors,True,True,"[[1.02, 4.12]]","[[2.19, 4.01]]",2,137,30.0,480,600,4.566666666666666
48110_2,videos_squat/48110_2.mp4,test,squat,no_annotated_error,False,False,[],[],0,79,30.0,480,600,2.6333333333333333
48115_1,videos_squat/48115_1.mp4,val,squat,knees_forward,True,False,"[[0.87, 2.63]]",[],1,130,30.0,480,480,4.333333333333333
48121_1,videos_squat/48121_1.mp4,val,squat,knees_inward,False,True,[],"[[9.62, 10.47]]",1,331,30.0,480,600,11.033333333333333
48122_3,videos_squat/48122_3.mp4,train,squat,multiple_annotated_errors,True,True,"[[0.92, 2.12]]","[[1.15, 1.97]]",2,72,30.0,480,480,2.4
48135_3,videos_squat/48135_3.mp4,train,squat,no_annotated_error,False,False,[],[],0,127,30.0,480,852,4.233333333333333
48141_1,videos_squat/48141_1.mp4,train,squat,knees_forward,True,False,"[[3.32, 5.4]]",[],1,198,30.0,480,600,6.6
48143_1,videos_squat/48143_1.mp4,val,squat,no_annotated_error,False,False,[],[],0,83,30.0,480,600,2.7666666666666666
48144_3,videos_squat/48144_3.mp4,train,squat,no_annotated_error,False,False,[],[],0,76,30.0,480,600,2.533333333333333
48148_1,videos_squat/48148_1.mp4,val,squat,multiple_annotated_errors,True,True,"[[0.47, 2.09]]","[[1.36, 2.36]]",2,97,30.0,480,480,3.2333333333333334
48154_2,videos_squat/48154_2.mp4,train,squat,knees_forward,True,False,"[[0.91, 3.42]]",[],1,112,30.0,480,480,3.7333333333333334
48163_1,videos_squat/48163_1.mp4,test,squat,multiple_annotated_errors,True,True,"[[3.35, 4.55]]","[[3.1, 4.06]]",2,158,30.0,480,600,5.266666666666667
48175_2,videos_squat/48175_2.mp4,train,squat,multiple_annotated_errors,True,True,"[[0.71, 2.29]]","[[1.43, 2.68]]",2,100,30.0,480,480,3.3333333333333335
48176_1,videos_squat/48176_1.mp4,train,squat,knees_forward,True,False,"[[2.16, 5.61]]",[],1,261,30.0,480,480,8.7
48179_2,videos_squat/48179_2.mp4,train,squat,knees_forward,True,False,"[[2.03, 3.11]]",[],1,157,30.0,480,480,5.233333333333333
48181_4,videos_squat/48181_4.mp4,train,squat,knees_inward,False,True,[],"[[1.4, 2.31]]",1,76,30.0,480,600,2.533333333333333
48183_1,videos_squat/48183_1.mp4,train,squat,no_annotated_error,False,False,[],[],0,103,30.0,480,480,3.433333333333333
48187_3,videos_squat/48187_3.mp4,test,squat,knees_forward,True,False,"[[1.09, 2.19]]",[],1,83,30.0,480,600,2.7666666666666666
48208_3,videos_squat/48208_3.mp4,train,squat,knees_forward,True,False,"[[2.67, 4.12]]",[],1,129,30.0,480,600,4.3
48209_1,videos_squat/48209_1.mp4,train,squat,knees_forward,True,False,"[[0.77, 3.78]]",[],1,119,30.0,480,480,3.966666666666667
48225_8,videos_squat/48225_8.mp4,train,squat,knees_forward,True,False,"[[0.61, 1.49]]",[],1,65,30.0,480,480,2.1666666666666665
48233_1,videos_squat/48233_1.mp4,test,squat,no_annotated_error,False,False,[],[],0,58,30.0,480,480,1.9333333333333333
48238_3,videos_squat/48238_3.mp4,train,squat,no_annotated_error,False,False,[],[],0,124,30.0,480,480,4.133333333333334
48240_5,videos_squat/48240_5.mp4,train,squat,knees_inward,False,True,[],"[[1.98, 3.14]]",1,113,30.0,480,600,3.7666666666666666
48243_2,videos_squat/48243_2.mp4,train,squat,knees_forward,True,False,"[[0.59, 1.89]]",[],1,68,30.0,480,480,2.2666666666666666
48246_3,videos_squat/48246_3.mp4,train,squat,knees_forward,True,False,"[[1.67, 2.59]]",[],1,79,30.0,480,480,2.6333333333333333
48247_1,videos_squat/48247_1.mp4,train,squat,knees_inward,False,True,[],"[[1.59, 2.1]]",1,71,30.0,480,480,2.3666666666666667
48248_1,videos_squat/48248_1.mp4,train,squat,knees_forward,True,False,"[[1.81, 2.83]]",[],1,93,30.0,480,480,3.1
48250_2,videos_squat/48250_2.mp4,val,squat,no_annotated_error,False,False,[],[],0,118,30.0,480,600,3.933333333333333
48253_2,videos_squat/48253_2.mp4,train,squat,no_annotated_error,False,False,[],[],0,101,30.0,480,600,3.3666666666666667
48260_1,videos_squat/48260_1.mp4,train,squat,knees_forward,True,False,"[[1.03, 2.13]]",[],1,98,30.0,480,480,3.2666666666666666
48261_1,videos_squat/48261_1.mp4,train,squat,no_annotated_error,False,False,[],[],0,87,30.0,480,600,2.9
48263_10,videos_squat/48263_10.mp4,train,squat,knees_forward,True,False,"[[2.4, 3.68]]",[],1,126,30.0,480,600,4.2
48265_1,videos_squat/48265_1.mp4,test,squat,no_annotated_error,False,False,[],[],0,80,30.0,480,600,2.6666666666666665
48281_2,videos_squat/48281_2.mp4,test,squat,multiple_annotated_errors,True,True,"[[5.47, 9.66]]","[[6.06, 9.07]]",2,296,30.0,480,480,9.866666666666667
48282_4,videos_squat/48282_4.mp4,train,squat,knees_forward,True,False,"[[1.45, 2.51]]",[],1,82,30.0,480,600,2.7333333333333334
48292_3,videos_squat/48292_3.mp4,train,squat,knees_forward,True,False,"[[0.59, 2.24]]",[],1,74,30.0,480,600,2.466666666666667
48293_2,videos_squat/48293_2.mp4,train,squat,knees_forward,True,False,"[[2.38, 4.08]]",[],1,127,30.0,480,480,4.233333333333333
48294_3,videos_squat/48294_3.mp4,val,squat,no_annotated_error,False,False,[],[],0,74,30.0,480,480,2.466666666666667
48297_3,videos_squat/48297_3.mp4,test,squat,no_annotated_error,False,False,[],[],0,80,30.0,480,480,2.6666666666666665
48298_2,videos_squat/48298_2.mp4,train,squat,knees_forward,True,False,"[[1.0, 3.74]]",[],1,127,30.0,480,480,4.233333333333333
48301_1,videos_squat/48301_1.mp4,test,squat,no_annotated_error,False,False,[],[],0,83,30.0,480,480,2.7666666666666666
48302_2,videos_squat/48302_2.mp4,train,squat,knees_forward,True,False,"[[2.63, 3.51]]",[],1,111,30.0,480,480,3.7
48305_2,videos_squat/48305_2.mp4,train,squat,multiple_annotated_errors,True,True,"[[0.76, 2.0]]","[[1.31, 2.24]]",2,75,30.0,480,600,2.5
48311_1,videos_squat/48311_1.mp4,train,squat,no_annotated_error,False,False,[],[],0,122,30.0,480,600,4.066666666666666
48312_2,videos_squat/48312_2.mp4,train,squat,knees_forward,True,False,"[[1.06, 1.95], [3.2, 4.15]]",[],2,159,30.0,480,600,5.3
48314_5,videos_squat/48314_5.mp4,val,squat,no_annotated_error,False,False,[],[],0,65,30.0,480,270,2.1666666666666665
48323_3,videos_squat/48323_3.mp4,test,squat,knees_forward,True,False,"[[3.03, 4.03]]",[],1,121,30.0,480,480,4.033333333333333
48331_1,videos_squat/48331_1.mp4,test,squat,knees_forward,True,False,"[[0.59, 1.84], [2.65, 4.75]]",[],2,160,30.0,480,480,5.333333333333333
48343_4,videos_squat/48343_4.mp4,train,squat,no_annotated_error,False,False,[],[],0,161,30.0,480,480,5.366666666666666
48347_1,videos_squat/48347_1.mp4,test,squat,knees_forward,True,False,"[[3.97, 4.87]]",[],1,149,30.0,480,480,4.966666666666667
48360_2,videos_squat/48360_2.mp4,train,squat,no_annotated_error,False,False,[],[],0,79,30.0,480,480,2.6333333333333333
48361_1,videos_squat/48361_1.mp4,train,squat,knees_forward,True,False,"[[1.61, 3.06]]",[],1,116,30.0,480,480,3.8666666666666667
48367_1,videos_squat/48367_1.mp4,train,squat,no_annotated_error,False,False,[],[],0,315,30.0,480,480,10.5
48371_2,videos_squat/48371_2.mp4,train,squat,no_annotated_error,False,False,[],[],0,81,30.0,480,600,2.7
48372_1,videos_squat/48372_1.mp4,test,squat,no_annotated_error,False,False,[],[],0,145,30.0,480,600,4.833333333333333
48374_1,videos_squat/48374_1.mp4,train,squat,no_annotated_error,False,False,[],[],0,76,30.0,480,480,2.533333333333333
48375_3,videos_squat/48375_3.mp4,train,squat,knees_forward,True,False,"[[2.4, 3.27]]",[],1,103,30.0,480,270,3.433333333333333
48379_1,videos_squat/48379_1.mp4,test,squat,multiple_annotated_errors,True,True,"[[1.15, 2.36]]","[[1.63, 2.68]]",2,94,30.0,480,480,3.1333333333333333
48380_1,videos_squat/48380_1.mp4,train,squat,multiple_annotated_errors,True,True,"[[1.13, 2.48]]","[[1.91, 4.0]]",2,136,30.0,480,598,4.533333333333333
48382_4,videos_squat/48382_4.mp4,train,squat,no_annotated_error,False,False,[],[],0,131,30.0,480,600,4.366666666666666
48389_3,videos_squat/48389_3.mp4,train,squat,no_annotated_error,False,False,[],[],0,114,30.0,480,600,3.8
48394_1,videos_squat/48394_1.mp4,train,squat,no_annotated_error,False,False,[],[],0,97,30.0,480,480,3.2333333333333334
48397_1,videos_squat/48397_1.mp4,train,squat,knees_forward,True,False,"[[0.98, 3.29]]",[],1,112,30.0,480,600,3.7333333333333334
48401_5,videos_squat/48401_5.mp4,train,squat,knees_forward,True,False,"[[1.69, 2.21]]",[],1,88,30.0,480,598,2.933333333333333
48410_4,videos_squat/48410_4.mp4,train,squat,no_annotated_error,False,False,[],[],0,151,30.0,480,592,5.033333333333333
48414_1,videos_squat/48414_1.mp4,val,squat,knees_forward,True,False,"[[1.39, 3.02]]",[],1,97,30.0,480,600,3.2333333333333334
48427_9,videos_squat/48427_9.mp4,train,squat,knees_forward,True,False,"[[1.75, 2.28]]",[],1,75,30.0,480,480,2.5
48433_1,videos_squat/48433_1.mp4,train,squat,knees_forward,True,False,"[[1.94, 2.89]]",[],1,166,30.0,480,600,5.533333333333333
48437_6,videos_squat/48437_6.mp4,train,squat,knees_forward,True,False,"[[0.99, 2.75]]",[],1,89,30.0,480,480,2.966666666666667
48439_3,videos_squat/48439_3.mp4,val,squat,knees_forward,True,False,"[[0.72, 2.46]]",[],1,80,30.0,480,600,2.6666666666666665
48445_1,videos_squat/48445_1.mp4,train,squat,knees_forward,True,False,"[[0.69, 1.94]]",[],1,92,30.0,480,480,3.066666666666667
48451_1,videos_squat/48451_1.mp4,train,squat,knees_forward,True,False,"[[0.87, 4.78]]",[],1,150,30.0,480,480,5.0
48459_1,videos_squat/48459_1.mp4,test,squat,knees_forward,True,False,"[[2.58, 4.38]]",[],1,133,30.0,480,480,4.433333333333334
48460_5,videos_squat/48460_5.mp4,train,squat,knees_inward,False,True,[],"[[1.05, 1.99]]",1,108,30.0,480,480,3.6
48464_7,videos_squat/48464_7.mp4,test,squat,knees_inward,False,True,[],"[[1.47, 2.46]]",1,92,30.0,480,480,3.066666666666667
48465_3,videos_squat/48465_3.mp4,val,squat,knees_forward,True,False,"[[0.89, 1.95]]",[],1,104,30.0,480,480,3.466666666666667
48469_2,videos_squat/48469_2.mp4,train,squat,no_annotated_error,False,False,[],[],0,109,30.0,480,480,3.6333333333333333
48476_1,videos_squat/48476_1.mp4,train,squat,multiple_annotated_errors,True,True,"[[1.83, 2.47]]","[[1.6, 2.31]]",2,78,30.0,480,480,2.6
48483_2,videos_squat/48483_2.mp4,train,squat,knees_forward,True,False,"[[3.39, 11.62]]",[],1,354,30.0,480,480,11.8
48484_7,videos_squat/48484_7.mp4,train,squat,knees_forward,True,False,"[[2.18, 2.84]]",[],1,107,30.0,480,480,3.566666666666667
48493_2,videos_squat/48493_2.mp4,val,squat,no_annotated_error,False,False,[],[],0,64,30.0,480,318,2.1333333333333333
48494_3,videos_squat/48494_3.mp4,train,squat,knees_forward,True,False,"[[0.79, 1.84]]",[],1,76,30.0,480,600,2.533333333333333
48503_2,videos_squat/48503_2.mp4,val,squat,multiple_annotated_errors,True,True,"[[5.97, 7.36]]","[[5.55, 7.43]]",2,228,30.0,480,480,7.6
48504_1,videos_squat/48504_1.mp4,train,squat,knees_forward,True,False,"[[2.88, 5.58]]",[],1,169,30.0,480,270,5.633333333333334
48509_1,videos_squat/48509_1.mp4,train,squat,knees_inward,False,True,[],"[[2.96, 3.91]]",1,140,30.0,480,270,4.666666666666667
48510_5,videos_squat/48510_5.mp4,train,squat,no_annotated_error,False,False,[],[],0,154,30.0,480,480,5.133333333333334
48512_2,videos_squat/48512_2.mp4,train,squat,knees_inward,False,True,[],"[[4.38, 5.56]]",1,189,30.0,480,600,6.3
48514_2,videos_squat/48514_2.mp4,train,squat,no_annotated_error,False,False,[],[],0,153,30.0,480,480,5.1
48515_4,videos_squat/48515_4.mp4,test,squat,knees_forward,True,False,"[[0.55, 1.5]]",[],1,68,30.0,480,600,2.2666666666666666
48517_1,videos_squat/48517_1.mp4,val,squat,knees_forward,True,False,"[[2.66, 3.46]]",[],1,111,30.0,480,600,3.7
48524_7,videos_squat/48524_7.mp4,train,squat,no_annotated_error,False,False,[],[],0,79,30.0,480,600,2.6333333333333333
48537_1,videos_squat/48537_1.mp4,test,squat,knees_forward,True,False,"[[2.62, 4.58]]",[],1,142,30.0,480,480,4.733333333333333
48539_5,videos_squat/48539_5.mp4,test,squat,knees_forward,True,False,"[[1.95, 2.5]]",[],1,80,30.0,480,480,2.6666666666666665
48542_12,videos_squat/48542_12.mp4,train,squat,knees_inward,False,True,[],"[[1.18, 2.09]]",1,72,30.0,480,600,2.4
48547_6,videos_squat/48547_6.mp4,train,squat,no_annotated_error,False,False,[],[],0,95,30.0,480,600,3.1666666666666665
48548_2,videos_squat/48548_2.mp4,train,squat,no_annotated_error,False,False,[],[],0,72,30.0,480,930,2.4
48549_6,videos_squat/48549_6.mp4,train,squat,no_annotated_error,False,False,[],[],0,90,30.0,480,480,3.0
48563_1,videos_squat/48563_1.mp4,train,squat,knees_forward,True,False,"[[2.38, 3.88]]",[],1,159,30.0,480,600,5.3
48573_1,videos_squat/48573_1.mp4,val,squat,knees_forward,True,False,"[[5.67, 7.83]]",[],1,255,30.0,480,600,8.5
48575_1,videos_squat/48575_1.mp4,train,squat,no_annotated_error,False,False,[],[],0,158,30.0,480,600,5.266666666666667
48587_3,videos_squat/48587_3.mp4,train,squat,knees_forward,True,False,"[[1.19, 2.12]]",[],1,88,30.0,480,480,2.933333333333333
48593_4,videos_squat/48593_4.mp4,test,squat,no_annotated_error,False,False,[],[],0,85,30.0,480,600,2.8333333333333335
48601_3,videos_squat/48601_3.mp4,train,squat,knees_forward,True,False,"[[3.19, 5.25]]",[],1,170,30.0,480,480,5.666666666666667
48602_1,videos_squat/48602_1.mp4,train,squat,knees_forward,True,False,"[[2.75, 5.75]]",[],1,236,30.0,480,480,7.866666666666666
48608_10,videos_squat/48608_10.mp4,test,squat,no_annotated_error,False,False,[],[],0,81,30.0,480,600,2.7
48618_1,videos_squat/48618_1.mp4,test,squat,knees_forward,True,False,"[[4.31, 5.59]]",[],1,174,30.0,480,480,5.8
48621_2,videos_squat/48621_2.mp4,train,squat,knees_forward,True,False,"[[0.96, 2.85]]",[],1,106,30.0,480,480,3.533333333333333
48624_1,videos_squat/48624_1.mp4,val,squat,knees_forward,True,False,"[[3.28, 4.36]]",[],1,143,30.0,480,480,4.766666666666667
48628_6,videos_squat/48628_6.mp4,train,squat,knees_forward,True,False,"[[0.38, 1.2]]",[],1,47,30.0,480,480,1.5666666666666667
48635_1,videos_squat/48635_1.mp4,train,squat,no_annotated_error,False,False,[],[],0,82,30.0,480,480,2.7333333333333334
48638_2,videos_squat/48638_2.mp4,train,squat,knees_forward,True,False,"[[2.86, 4.95]]",[],1,154,30.0,480,600,5.133333333333334
48639_2,videos_squat/48639_2.mp4,train,squat,knees_forward,True,False,"[[4.53, 5.47]]",[],1,225,30.0,480,600,7.5
48642_10,videos_squat/48642_10.mp4,train,squat,multiple_annotated_errors,True,True,"[[0.43, 1.57]]","[[1.2, 1.81]]",2,70,30.0,480,480,2.3333333333333335
48646_1,videos_squat/48646_1.mp4,test,squat,knees_forward,True,False,"[[5.44, 6.12]]",[],1,196,30.0,480,600,6.533333333333333
48651_2,videos_squat/48651_2.mp4,train,squat,knees_forward,True,False,"[[4.15, 5.4]]",[],1,167,30.0,480,480,5.566666666666666
48652_3,videos_squat/48652_3.mp4,train,squat,knees_forward,True,False,"[[1.15, 2.78]]",[],1,105,30.0,480,600,3.5
48654_1,videos_squat/48654_1.mp4,train,squat,knees_forward,True,False,"[[1.2, 2.89]]",[],1,119,30.0,480,600,3.966666666666667
48658_1,videos_squat/48658_1.mp4,train,squat,no_annotated_error,False,False,[],[],0,72,30.0,480,480,2.4
48659_2,videos_squat/48659_2.mp4,train,squat,no_annotated_error,False,False,[],[],0,73,30.0,480,480,2.433333333333333
48660_8,videos_squat/48660_8.mp4,train,squat,knees_forward,True,False,"[[1.72, 2.1]]",[],1,79,30.0,480,480,2.6333333333333333
48669_1,videos_squat/48669_1.mp4,test,squat,knees_forward,True,False,"[[1.66, 2.55]]",[],1,81,30.0,480,600,2.7
48673_3,videos_squat/48673_3.mp4,val,squat,knees_forward,True,False,"[[1.89, 2.26]]",[],1,75,30.0,480,480,2.5
48676_4,videos_squat/48676_4.mp4,train,squat,no_annotated_error,False,False,[],[],0,73,30.0,480,480,2.433333333333333
48681_7,videos_squat/48681_7.mp4,train,squat,no_annotated_error,False,False,[],[],0,74,30.0,480,480,2.466666666666667
48683_1,videos_squat/48683_1.mp4,train,squat,knees_forward,True,False,"[[2.17, 3.21]]",[],1,104,30.0,480,480,3.466666666666667
48687_3,videos_squat/48687_3.mp4,train,squat,knees_forward,True,False,"[[1.49, 3.53]]",[],1,133,30.0,480,600,4.433333333333334
48695_7,videos_squat/48695_7.mp4,train,squat,knees_forward,True,False,"[[1.64, 2.62]]",[],1,86,30.0,864,486,2.8666666666666667
48697_2,videos_squat/48697_2.mp4,train,squat,knees_forward,True,False,"[[0.81, 4.17]]",[],1,129,30.0,480,600,4.3
48705_3,videos_squat/48705_3.mp4,test,squat,knees_forward,True,False,"[[1.7, 3.06]]",[],1,146,30.0,480,600,4.866666666666666
48713_1,videos_squat/48713_1.mp4,test,squat,no_annotated_error,False,False,[],[],0,97,30.0,480,600,3.2333333333333334
48718_4,videos_squat/48718_4.mp4,train,squat,knees_forward,True,False,"[[3.63, 4.96]]",[],1,151,30.0,480,600,5.033333333333333
48720_1,videos_squat/48720_1.mp4,train,squat,knees_forward,True,False,"[[3.47, 12.08]]",[],1,364,30.0,480,600,12.133333333333333
48724_2,videos_squat/48724_2.mp4,train,squat,knees_forward,True,False,"[[0.66, 2.25]]",[],1,74,30.0,480,480,2.466666666666667
48725_10,videos_squat/48725_10.mp4,test,squat,no_annotated_error,False,False,[],[],0,91,30.0,480,600,3.033333333333333
48727_8,videos_squat/48727_8.mp4,val,squat,knees_forward,True,False,"[[2.19, 2.86]]",[],1,92,30.0,480,480,3.066666666666667
48728_4,videos_squat/48728_4.mp4,val,squat,no_annotated_error,False,False,[],[],0,72,30.0,480,480,2.4
48733_5,videos_squat/48733_5.mp4,train,squat,knees_forward,True,False,"[[0.88, 2.46]]",[],1,91,30.0,480,480,3.033333333333333
48744_1,videos_squat/48744_1.mp4,train,squat,no_annotated_error,False,False,[],[],0,86,30.0,480,480,2.8666666666666667
48746_2,videos_squat/48746_2.mp4,train,squat,knees_forward,True,False,"[[1.48, 2.27]]",[],1,74,30.0,480,480,2.466666666666667
48754_4,videos_squat/48754_4.mp4,train,squat,no_annotated_error,False,False,[],[],0,112,30.0,480,270,3.7333333333333334
48762_1,videos_squat/48762_1.mp4,val,squat,knees_forward,True,False,"[[2.52, 3.94]]",[],1,126,30.0,480,480,4.2
48763_3,videos_squat/48763_3.mp4,train,squat,multiple_annotated_errors,True,True,"[[0.92, 1.77]]","[[1.36, 2.09]]",2,93,30.0,480,480,3.1
48769_2,videos_squat/48769_2.mp4,train,squat,knees_forward,True,False,"[[2.12, 2.9]]",[],1,102,30.0,480,600,3.4
48771_2,videos_squat/48771_2.mp4,val,squat,knees_forward,True,False,"[[1.62, 3.87]]",[],1,118,30.0,480,600,3.933333333333333
48783_3,videos_squat/48783_3.mp4,train,squat,no_annotated_error,False,False,[],[],0,78,30.0,480,480,2.6
48786_3,videos_squat/48786_3.mp4,train,squat,multiple_annotated_errors,True,True,"[[1.47, 3.56]]","[[2.25, 3.26]]",2,115,30.0,480,270,3.8333333333333335
48787_1,videos_squat/48787_1.mp4,train,squat,knees_forward,True,False,"[[3.76, 5.46]]",[],1,181,30.0,480,600,6.033333333333333
48802_1,videos_squat/48802_1.mp4,test,squat,knees_forward,True,False,"[[2.32, 3.29]]",[],1,103,30.0,480,600,3.433333333333333
48809_3,videos_squat/48809_3.mp4,test,squat,knees_forward,True,False,"[[0.95, 2.98]]",[],1,95,30.0,480,480,3.1666666666666665
48816_4,videos_squat/48816_4.mp4,train,squat,knees_forward,True,False,"[[1.78, 4.76]]",[],1,151,30.0,480,600,5.033333333333333
48817_5,videos_squat/48817_5.mp4,train,squat,no_annotated_error,False,False,[],[],0,158,30.0,480,480,5.266666666666667
48821_5,videos_squat/48821_5.mp4,train,squat,no_annotated_error,False,False,[],[],0,82,30.0,480,600,2.7333333333333334
48826_1,videos_squat/48826_1.mp4,train,squat,multiple_annotated_errors,True,True,"[[1.78, 3.56]]","[[3.07, 4.85]]",2,151,30.0,480,270,5.033333333333333
48834_2,videos_squat/48834_2.mp4,train,squat,knees_forward,True,False,"[[0.99, 1.87]]",[],1,87,30.0,480,600,2.9
48835_5,videos_squat/48835_5.mp4,train,squat,no_annotated_error,False,False,[],[],0,32,30.0,480,600,1.0666666666666667
48840_5,videos_squat/48840_5.mp4,train,squat,no_annotated_error,False,False,[],[],0,82,30.0,480,480,2.7333333333333334
48842_6,videos_squat/48842_6.mp4,train,squat,knees_forward,True,False,"[[3.78, 4.55]]",[],1,140,30.0,480,480,4.666666666666667
48844_1,videos_squat/48844_1.mp4,train,squat,knees_forward,True,False,"[[4.91, 6.59]]",[],1,249,30.0,480,480,8.3
48851_1,videos_squat/48851_1.mp4,test,squat,knees_forward,True,False,"[[1.28, 3.63]]",[],1,132,30.0,480,270,4.4
48852_1,videos_squat/48852_1.mp4,test,squat,no_annotated_error,False,False,[],[],0,148,30.0,480,480,4.933333333333334
48853_1,videos_squat/48853_1.mp4,train,squat,multiple_annotated_errors,True,True,"[[5.67, 6.85]]","[[5.12, 6.56]]",2,273,30.0,480,270,9.1
48858_1,videos_squat/48858_1.mp4,test,squat,knees_forward,True,False,"[[2.47, 3.16]]",[],1,115,30.0,480,480,3.8333333333333335
48859_3,videos_squat/48859_3.mp4,val,squat,knees_forward,True,False,"[[10.08, 11.23]]",[],1,346,30.0,480,480,11.533333333333333
48863_2,videos_squat/48863_2.mp4,train,squat,knees_forward,True,False,"[[1.11, 2.0]]",[],1,75,30.0,480,600,2.5
48867_2,videos_squat/48867_2.mp4,train,squat,no_annotated_error,False,False,[],[],0,99,30.0,480,480,3.3
48890_1,videos_squat/48890_1.mp4,train,squat,knees_forward,True,False,"[[2.21, 3.73]]",[],1,118,30.0,480,600,3.933333333333333
48911_7,videos_squat/48911_7.mp4,test,squat,knees_forward,True,False,"[[1.25, 2.1]]",[],1,84,30.0,480,480,2.8
48917_4,videos_squat/48917_4.mp4,test,squat,knees_forward,True,False,"[[4.19, 5.27]]",[],1,163,30.0,480,600,5.433333333333334
48933_2,videos_squat/48933_2.mp4,train,squat,knees_forward,True,False,"[[0.67, 2.1]]",[],1,76,30.0,480,600,2.533333333333333
48952_2,videos_squat/48952_2.mp4,val,squat,no_annotated_error,False,False,[],[],0,83,30.0,480,600,2.7666666666666666
48970_4,videos_squat/48970_4.mp4,val,squat,no_annotated_error,False,False,[],[],0,93,30.0,480,600,3.1
48973_5,videos_squat/48973_5.mp4,val,squat,no_annotated_error,False,False,[],[],0,271,30.0,480,480,9.033333333333333
48979_1,videos_squat/48979_1.mp4,train,squat,knees_forward,True,False,"[[2.46, 3.51]]",[],1,110,30.0,480,584,3.6666666666666665
48980_4,videos_squat/48980_4.mp4,train,squat,knees_forward,True,False,"[[0.52, 2.05]]",[],1,70,30.0,480,600,2.3333333333333335
48986_4,videos_squat/48986_4.mp4,train,squat,knees_forward,True,False,"[[2.09, 3.01]]",[],1,98,30.0,480,852,3.2666666666666666
48992_1,videos_squat/48992_1.mp4,val,squat,no_annotated_error,False,False,[],[],0,77,30.0,480,480,2.566666666666667
48993_1,videos_squat/48993_1.mp4,train,squat,knees_forward,True,False,"[[1.49, 2.86]]",[],1,96,30.0,480,600,3.2
49000_8,videos_squat/49000_8.mp4,test,squat,knees_forward,True,False,"[[2.3, 3.05]]",[],1,96,30.0,480,600,3.2
49001_5,videos_squat/49001_5.mp4,train,squat,no_annotated_error,False,False,[],[],0,87,30.0,480,482,2.9
49006_2,videos_squat/49006_2.mp4,test,squat,knees_forward,True,False,"[[2.18, 2.96]]",[],1,99,30.0,480,600,3.3
49017_2,videos_squat/49017_2.mp4,test,squat,no_annotated_error,False,False,[],[],0,105,30.0,480,534,3.5
49042_1,videos_squat/49042_1.mp4,train,squat,multiple_annotated_errors,True,True,"[[3.48, 4.93]]","[[2.17, 4.41]]",2,153,30.0,480,600,5.1
49045_2,videos_squat/49045_2.mp4,train,squat,multiple_annotated_errors,True,True,"[[1.74, 3.84]]","[[1.22, 2.76]]",2,122,30.0,480,600,4.066666666666666
49048_3,videos_squat/49048_3.mp4,train,squat,multiple_annotated_errors,True,True,"[[0.99, 2.46]]","[[1.56, 2.16]]",2,80,30.0,480,480,2.6666666666666665
49052_1,videos_squat/49052_1.mp4,train,squat,knees_forward,True,False,"[[3.96, 6.57]]",[],1,280,30.0,480,600,9.333333333333334
49053_3,videos_squat/49053_3.mp4,train,squat,knees_forward,True,False,"[[0.45, 2.32]]",[],1,81,30.0,480,480,2.7
49055_4,videos_squat/49055_4.mp4,train,squat,no_annotated_error,False,False,[],[],0,186,30.0,480,600,6.2
49060_1,videos_squat/49060_1.mp4,train,squat,knees_forward,True,False,"[[0.73, 1.9]]",[],1,65,30.0,480,480,2.1666666666666665
49066_5,videos_squat/49066_5.mp4,val,squat,no_annotated_error,False,False,[],[],0,112,30.0,480,270,3.7333333333333334
49067_9,videos_squat/49067_9.mp4,train,squat,no_annotated_error,False,False,[],[],0,77,30.0,480,600,2.566666666666667
49070_2,videos_squat/49070_2.mp4,train,squat,knees_forward,True,False,"[[1.62, 3.8]]",[],1,122,30.0,480,480,4.066666666666666
49073_1,videos_squat/49073_1.mp4,train,squat,knees_forward,True,False,"[[1.66, 3.03]]",[],1,99,30.0,480,480,3.3
49085_1,videos_squat/49085_1.mp4,test,squat,knees_forward,True,False,"[[3.3, 4.62]]",[],1,144,30.0,480,600,4.8
49091_1,videos_squat/49091_1.mp4,val,squat,knees_forward,True,False,"[[1.57, 2.56]]",[],1,105,30.0,480,480,3.5
49098_4,videos_squat/49098_4.mp4,train,squat,multiple_annotated_errors,True,True,"[[0.84, 2.45]]","[[1.19, 2.05]]",2,80,30.0,480,600,2.6666666666666665
49101_2,videos_squat/49101_2.mp4,train,squat,knees_forward,True,False,"[[1.96, 2.72]]",[],1,89,30.0,480,480,2.966666666666667
49106_6,videos_squat/49106_6.mp4,test,squat,no_annotated_error,False,False,[],[],0,82,30.0,480,480,2.7333333333333334
49107_3,videos_squat/49107_3.mp4,val,squat,knees_forward,True,False,"[[2.95, 4.72]]",[],1,149,30.0,480,600,4.966666666666667
49123_5,videos_squat/49123_5.mp4,train,squat,knees_forward,True,False,"[[2.05, 3.22]]",[],1,103,30.0,480,600,3.433333333333333
49124_2,videos_squat/49124_2.mp4,train,squat,knees_forward,True,False,"[[2.18, 2.91]]",[],1,96,30.0,480,480,3.2
49125_1,videos_squat/49125_1.mp4,train,squat,knees_forward,True,False,"[[5.18, 6.15]]",[],1,193,30.0,480,480,6.433333333333334
49126_3,videos_squat/49126_3.mp4,train,squat,no_annotated_error,False,False,[],[],0,106,30.0,480,600,3.533333333333333
49127_2,videos_squat/49127_2.mp4,val,squat,no_annotated_error,False,False,[],[],0,105,30.0,480,480,3.5
49132_1,videos_squat/49132_1.mp4,train,squat,knees_forward,True,False,"[[1.06, 2.54]]",[],1,99,30.0,480,600,3.3
49133_2,videos_squat/49133_2.mp4,train,squat,knees_forward,True,False,"[[2.87, 4.18]]",[],1,131,30.0,480,480,4.366666666666666
49138_2,videos_squat/49138_2.mp4,train,squat,knees_forward,True,False,"[[1.58, 2.55]]",[],1,79,30.0,480,600,2.6333333333333333
49140_4,videos_squat/49140_4.mp4,test,squat,knees_forward,True,False,"[[2.29, 3.25]]",[],1,103,30.0,480,480,3.433333333333333
49143_1,videos_squat/49143_1.mp4,train,squat,no_annotated_error,False,False,[],[],0,138,30.0,480,600,4.6
49144_1,videos_squat/49144_1.mp4,train,squat,knees_forward,True,False,"[[0.73, 1.86]]",[],1,61,30.0,480,480,2.033333333333333
49147_3,videos_squat/49147_3.mp4,train,squat,knees_forward,True,False,"[[1.1, 3.71]]",[],1,118,30.0,480,600,3.933333333333333
49150_2,videos_squat/49150_2.mp4,val,squat,multiple_annotated_errors,True,True,"[[2.09, 2.6]]","[[1.31, 2.54]]",2,82,30.0,480,600,2.7333333333333334
49155_2,videos_squat/49155_2.mp4,val,squat,knees_forward,True,False,"[[2.29, 3.21]]",[],1,106,30.0,480,480,3.533333333333333
49160_1,videos_squat/49160_1.mp4,train,squat,multiple_annotated_errors,True,True,"[[1.72, 2.95]]","[[2.58, 3.47]]",2,130,30.0,480,600,4.333333333333333
49161_1,videos_squat/49161_1.mp4,train,squat,knees_forward,True,False,"[[0.65, 3.11]]",[],1,100,30.0,480,480,3.3333333333333335
49165_2,videos_squat/49165_2.mp4,val,squat,no_annotated_error,False,False,[],[],0,73,30.0,480,272,2.433333333333333
49167_7,videos_squat/49167_7.mp4,train,squat,knees_forward,True,False,"[[0.69, 2.06]]",[],1,70,30.0,480,600,2.3333333333333335
49168_9,videos_squat/49168_9.mp4,test,squat,knees_forward,True,False,"[[0.53, 1.28]]",[],1,54,30.0,480,276,1.8
49174_3,videos_squat/49174_3.mp4,train,squat,knees_forward,True,False,"[[0.79, 2.23]]",[],1,87,30.0,480,480,2.9
49175_1,videos_squat/49175_1.mp4,val,squat,knees_forward,True,False,"[[2.83, 5.33]]",[],1,170,30.0,480,480,5.666666666666667
49176_5,videos_squat/49176_5.mp4,val,squat,no_annotated_error,False,False,[],[],0,69,30.0,480,600,2.3
49177_4,videos_squat/49177_4.mp4,train,squat,knees_forward,True,False,"[[1.02, 2.33]]",[],1,77,30.0,480,600,2.566666666666667
49178_11,videos_squat/49178_11.mp4,train,squat,no_annotated_error,False,False,[],[],0,71,30.0,480,600,2.3666666666666667
49182_4,videos_squat/49182_4.mp4,val,squat,multiple_annotated_errors,True,True,"[[1.2, 3.45]]","[[1.93, 3.43]]",2,110,30.0,480,480,3.6666666666666665
49191_4,videos_squat/49191_4.mp4,val,squat,knees_forward,True,False,"[[2.58, 3.28]]",[],1,100,30.0,480,270,3.3333333333333335
49195_1,videos_squat/49195_1.mp4,test,squat,no_annotated_error,False,False,[],[],0,92,30.0,480,600,3.066666666666667
49197_1,videos_squat/49197_1.mp4,train,squat,no_annotated_error,False,False,[],[],0,119,30.0,480,480,3.966666666666667
49203_1,videos_squat/49203_1.mp4,test,squat,multiple_annotated_errors,True,True,"[[3.53, 4.56]]","[[3.03, 4.23]]",2,141,30.0,480,600,4.7
49204_2,videos_squat/49204_2.mp4,train,squat,no_annotated_error,False,False,[],[],0,83,30.0,480,480,2.7666666666666666
49205_1,videos_squat/49205_1.mp4,train,squat,knees_forward,True,False,"[[1.56, 3.08]]",[],1,114,30.0,480,600,3.8
49211_6,videos_squat/49211_6.mp4,train,squat,no_annotated_error,False,False,[],[],0,112,30.0,480,600,3.7333333333333334
49221_1,videos_squat/49221_1.mp4,val,squat,multiple_annotated_errors,True,True,"[[3.35, 4.41]]","[[2.73, 4.03]]",2,139,30.0,480,480,4.633333333333334
49224_5,videos_squat/49224_5.mp4,val,squat,multiple_annotated_errors,True,True,"[[2.37, 3.18]]","[[1.78, 2.66]]",2,97,30.0,480,600,3.2333333333333334
49228_4,videos_squat/49228_4.mp4,train,squat,no_annotated_error,False,False,[],[],0,87,30.0,480,480,2.9
49229_2,videos_squat/49229_2.mp4,val,squat,no_annotated_error,False,False,[],[],0,106,30.0,480,480,3.533333333333333
49233_2,videos_squat/49233_2.mp4,train,squat,knees_forward,True,False,"[[2.24, 4.32]]",[],1,135,30.0,480,480,4.5
49234_2,videos_squat/49234_2.mp4,val,squat,no_annotated_error,False,False,[],[],0,147,30.0,480,600,4.9
49236_1,videos_squat/49236_1.mp4,train,squat,knees_forward,True,False,"[[1.11, 3.76]]",[],1,119,30.0,480,600,3.966666666666667
49240_14,videos_squat/49240_14.mp4,test,squat,no_annotated_error,False,False,[],[],0,73,30.0,480,270,2.433333333333333
49245_3,videos_squat/49245_3.mp4,train,squat,multiple_annotated_errors,True,True,"[[0.47, 2.46]]","[[1.22, 2.74]]",2,111,30.0,480,480,3.7
49250_4,videos_squat/49250_4.mp4,test,squat,multiple_annotated_errors,True,True,"[[3.1, 4.44], [5.04, 6.17]]","[[3.72, 5.12]]",3,188,30.0,480,480,6.266666666666667
49254_8,videos_squat/49254_8.mp4,train,squat,no_annotated_error,False,False,[],[],0,62,30.0,480,480,2.066666666666667
49255_7,videos_squat/49255_7.mp4,train,squat,knees_forward,True,False,"[[0.46, 1.43]]",[],1,61,30.0,480,600,2.033333333333333
49268_1,videos_squat/49268_1.mp4,train,squat,knees_forward,True,False,"[[2.94, 4.06]]",[],1,128,30.0,480,480,4.266666666666667
49269_2,videos_squat/49269_2.mp4,train,squat,knees_forward,True,False,"[[2.48, 3.57]]",[],1,137,30.0,480,600,4.566666666666666
49286_1,videos_squat/49286_1.mp4,train,squat,knees_forward,True,False,"[[0.79, 1.68], [1.88, 3.03]]",[],2,96,30.0,480,480,3.2
49289_3,videos_squat/49289_3.mp4,train,squat,multiple_annotated_errors,True,True,"[[1.84, 3.09], [3.62, 4.08]]","[[2.54, 3.91]]",3,130,30.0,480,600,4.333333333333333
49291_1,videos_squat/49291_1.mp4,train,squat,knees_forward,True,False,"[[1.12, 2.1]]",[],1,79,30.0,480,600,2.6333333333333333
49293_4,videos_squat/49293_4.mp4,train,squat,knees_forward,True,False,"[[0.79, 1.69]]",[],1,64,30.0,480,600,2.1333333333333333
49294_3,videos_squat/49294_3.mp4,train,squat,knees_forward,True,False,"[[1.79, 2.69]]",[],1,113,30.0,480,600,3.7666666666666666
49295_2,videos_squat/49295_2.mp4,val,squat,no_annotated_error,False,False,[],[],0,103,30.0,480,270,3.433333333333333
49309_1,videos_squat/49309_1.mp4,test,squat,knees_forward,True,False,"[[2.74, 3.87]]",[],1,123,30.0,480,480,4.1
49318_4,videos_squat/49318_4.mp4,train,squat,no_annotated_error,False,False,[],[],0,75,30.0,480,600,2.5
49321_5,videos_squat/49321_5.mp4,train,squat,no_annotated_error,False,False,[],[],0,74,30.0,480,480,2.466666666666667
49322_1,videos_squat/49322_1.mp4,train,squat,knees_inward,False,True,[],"[[1.43, 2.36]]",1,80,30.0,480,600,2.6666666666666665
49325_1,videos_squat/49325_1.mp4,train,squat,knees_forward,True,False,"[[0.64, 1.97], [2.76, 3.42]]",[],2,105,30.0,480,600,3.5
49337_7,videos_squat/49337_7.mp4,test,squat,no_annotated_error,False,False,[],[],0,247,30.0,480,480,8.233333333333333
49338_1,videos_squat/49338_1.mp4,val,squat,knees_forward,True,False,"[[7.67, 8.32]]",[],1,256,30.0,480,480,8.533333333333333
49342_1,videos_squat/49342_1.mp4,train,squat,knees_forward,True,False,"[[0.24, 1.31]]",[],1,68,30.0,480,270,2.2666666666666666
49343_4,videos_squat/49343_4.mp4,val,squat,knees_inward,False,True,[],"[[1.81, 2.77]]",1,96,30.0,480,480,3.2
49351_1,videos_squat/49351_1.mp4,train,squat,no_annotated_error,False,False,[],[],0,138,30.0,480,480,4.6
49353_1,videos_squat/49353_1.mp4,train,squat,knees_forward,True,False,"[[1.86, 5.09]]",[],1,164,30.0,480,600,5.466666666666667
49355_1,videos_squat/49355_1.mp4,train,squat,knees_forward,True,False,"[[1.28, 4.01]]",[],1,150,30.0,480,600,5.0
49359_3,videos_squat/49359_3.mp4,train,squat,knees_forward,True,False,"[[2.45, 3.17]]",[],1,131,30.0,480,600,4.366666666666666
49363_1,videos_squat/49363_1.mp4,train,squat,no_annotated_error,False,False,[],[],0,76,30.0,480,480,2.533333333333333
49364_3,videos_squat/49364_3.mp4,train,squat,multiple_annotated_errors,True,True,"[[0.77, 2.27]]","[[1.31, 2.05]]",2,73,30.0,480,480,2.433333333333333
49372_10,videos_squat/49372_10.mp4,train,squat,knees_forward,True,False,"[[1.36, 2.46]]",[],1,80,30.0,480,600,2.6666666666666665
49377_2,videos_squat/49377_2.mp4,val,squat,no_annotated_error,False,False,[],[],0,78,30.0,480,270,2.6
49382_2,videos_squat/49382_2.mp4,train,squat,knees_forward,True,False,"[[0.96, 1.57]]",[],1,82,30.0,480,600,2.7333333333333334
49385_1,videos_squat/49385_1.mp4,train,squat,knees_forward,True,False,"[[1.91, 3.13]]",[],1,100,30.0,480,480,3.3333333333333335
49387_1,videos_squat/49387_1.mp4,train,squat,knees_forward,True,False,"[[3.17, 6.68]]",[],1,212,30.0,480,600,7.066666666666666
49399_1,videos_squat/49399_1.mp4,test,squat,multiple_annotated_errors,True,True,"[[0.61, 1.8]]","[[1.44, 2.24]]",2,116,30.0,480,600,3.8666666666666667
49402_2,videos_squat/49402_2.mp4,val,squat,multiple_annotated_errors,True,True,"[[4.39, 5.47]]","[[3.37, 5.03]]",2,172,30.0,480,600,5.733333333333333
49406_2,videos_squat/49406_2.mp4,test,squat,knees_forward,True,False,"[[1.09, 3.15]]",[],1,105,30.0,480,480,3.5
49408_1,videos_squat/49408_1.mp4,train,squat,knees_forward,True,False,"[[1.26, 2.79]]",[],1,102,30.0,480,480,3.4
49425_1,videos_squat/49425_1.mp4,train,squat,knees_forward,True,False,"[[0.47, 1.57]]",[],1,58,30.0,480,480,1.9333333333333333
49431_1,videos_squat/49431_1.mp4,val,squat,no_annotated_error,False,False,[],[],0,74,30.0,480,480,2.466666666666667
49435_4,videos_squat/49435_4.mp4,train,squat,knees_forward,True,False,"[[2.34, 3.19]]",[],1,104,30.0,480,270,3.466666666666667
49436_5,videos_squat/49436_5.mp4,train,squat,no_annotated_error,False,False,[],[],0,104,30.0,480,600,3.466666666666667
49437_3,videos_squat/49437_3.mp4,test,squat,no_annotated_error,False,False,[],[],0,52,30.0,480,480,1.7333333333333334
49444_5,videos_squat/49444_5.mp4,train,squat,knees_forward,True,False,"[[1.93, 2.68]]",[],1,85,30.0,480,480,2.8333333333333335
49456_4,videos_squat/49456_4.mp4,val,squat,knees_forward,True,False,"[[2.03, 3.26]]",[],1,114,30.0,480,852,3.8
49474_1,videos_squat/49474_1.mp4,train,squat,knees_forward,True,False,"[[1.33, 3.25]]",[],1,193,30.0,480,600,6.433333333333334
49478_1,videos_squat/49478_1.mp4,train,squat,knees_forward,True,False,"[[1.93, 5.46]]",[],1,165,30.0,480,600,5.5
49484_4,videos_squat/49484_4.mp4,val,squat,knees_forward,True,False,"[[0.94, 1.69], [2.1, 2.78]]",[],2,89,30.0,480,600,2.966666666666667
49489_2,videos_squat/49489_2.mp4,train,squat,knees_forward,True,False,"[[0.67, 2.33]]",[],1,79,30.0,480,480,2.6333333333333333
49490_5,videos_squat/49490_5.mp4,train,squat,knees_forward,True,False,"[[0.79, 2.85]]",[],1,113,30.0,480,600,3.7666666666666666
49493_12,videos_squat/49493_12.mp4,train,squat,knees_forward,True,False,"[[0.83, 1.73]]",[],1,70,30.0,480,270,2.3333333333333335
49509_2,videos_squat/49509_2.mp4,train,squat,no_annotated_error,False,False,[],[],0,83,30.0,480,480,2.7666666666666666
49515_5,videos_squat/49515_5.mp4,val,squat,knees_forward,True,False,"[[1.63, 3.35]]",[],1,187,30.0,480,480,6.233333333333333
49516_1,videos_squat/49516_1.mp4,test,squat,knees_forward,True,False,"[[0.58, 3.09]]",[],1,153,30.0,480,480,5.1
49520_2,videos_squat/49520_2.mp4,train,squat,knees_forward,True,False,"[[0.83, 2.44]]",[],1,88,30.0,480,480,2.933333333333333
49523_1,videos_squat/49523_1.mp4,train,squat,knees_forward,True,False,"[[0.74, 3.28]]",[],1,104,30.0,480,480,3.466666666666667
49526_1,videos_squat/49526_1.mp4,train,squat,knees_forward,True,False,"[[1.11, 2.31]]",[],1,86,30.0,480,480,2.8666666666666667
49527_2,videos_squat/49527_2.mp4,train,squat,knees_forward,True,False,"[[0.68, 2.49]]",[],1,86,30.0,480,480,2.8666666666666667
49532_1,videos_squat/49532_1.mp4,test,squat,multiple_annotated_errors,True,True,"[[2.98, 4.01]]","[[2.05, 3.37]]",2,181,30.0,480,600,6.033333333333333
49534_1,videos_squat/49534_1.mp4,train,squat,no_annotated_error,False,False,[],[],0,140,30.0,480,600,4.666666666666667
49536_6,videos_squat/49536_6.mp4,train,squat,no_annotated_error,False,False,[],[],0,102,30.0,480,480,3.4
49539_2,videos_squat/49539_2.mp4,train,squat,multiple_annotated_errors,True,True,"[[1.35, 3.31]]","[[2.22, 3.21]]",2,109,30.0,480,480,3.6333333333333333
49543_1,videos_squat/49543_1.mp4,train,squat,knees_forward,True,False,"[[2.62, 3.65]]",[],1,116,30.0,480,270,3.8666666666666667
49547_5,videos_squat/49547_5.mp4,train,squat,multiple_annotated_errors,True,True,"[[0.85, 1.96], [2.46, 3.16]]","[[1.68, 2.84]]",3,102,30.0,480,600,3.4
49548_1,videos_squat/49548_1.mp4,train,squat,multiple_annotated_errors,True,True,"[[0.67, 1.7], [2.22, 4.28]]","[[1.51, 3.7]]",3,134,30.0,480,600,4.466666666666667
49557_1,videos_squat/49557_1.mp4,train,squat,knees_forward,True,False,"[[0.75, 3.27]]",[],1,111,30.0,640,800,3.7
49563_8,videos_squat/49563_8.mp4,train,squat,multiple_annotated_errors,True,True,"[[2.31, 3.64]]","[[2.08, 3.38]]",2,187,30.0,480,480,6.233333333333333
49565_5,videos_squat/49565_5.mp4,test,squat,no_annotated_error,False,False,[],[],0,98,30.0,480,600,3.2666666666666666
49567_2,videos_squat/49567_2.mp4,train,squat,knees_forward,True,False,"[[2.22, 3.03]]",[],1,97,30.0,480,600,3.2333333333333334
49569_5,videos_squat/49569_5.mp4,train,squat,knees_forward,True,False,"[[3.54, 5.19]]",[],1,172,30.0,480,270,5.733333333333333
49575_2,videos_squat/49575_2.mp4,train,squat,knees_forward,True,False,"[[2.01, 2.93]]",[],1,88,30.0,480,600,2.933333333333333
49577_3,videos_squat/49577_3.mp4,train,squat,no_annotated_error,False,False,[],[],0,65,30.0,480,480,2.1666666666666665
49586_3,videos_squat/49586_3.mp4,train,squat,no_annotated_error,False,False,[],[],0,89,30.0,480,600,2.966666666666667
49594_1,videos_squat/49594_1.mp4,val,squat,knees_forward,True,False,"[[2.27, 3.06]]",[],1,96,30.0,480,600,3.2
49596_1,videos_squat/49596_1.mp4,test,squat,multiple_annotated_errors,True,True,"[[3.25, 4.31]]","[[2.73, 3.92]]",2,135,30.0,480,600,4.5
49599_1,videos_squat/49599_1.mp4,train,squat,knees_forward,True,False,"[[2.42, 3.26]]",[],1,101,30.0,480,600,3.3666666666666667
49600_2,videos_squat/49600_2.mp4,train,squat,knees_forward,True,False,"[[2.32, 3.18]]",[],1,103,30.0,480,600,3.433333333333333
49609_2,videos_squat/49609_2.mp4,train,squat,knees_forward,True,False,"[[0.84, 1.92]]",[],1,78,30.0,480,480,2.6
49618_2,videos_squat/49618_2.mp4,train,squat,no_annotated_error,False,False,[],[],0,150,30.0,480,600,5.0
49623_7,videos_squat/49623_7.mp4,train,squat,no_annotated_error,False,False,[],[],0,81,30.0,480,480,2.7
49626_1,videos_squat/49626_1.mp4,test,squat,knees_forward,True,False,"[[1.07, 3.95]]",[],1,130,30.0,480,480,4.333333333333333
49628_3,videos_squat/49628_3.mp4,test,squat,knees_forward,True,False,"[[1.07, 2.37]]",[],1,85,30.0,480,600,2.8333333333333335
49629_6,videos_squat/49629_6.mp4,train,squat,no_annotated_error,False,False,[],[],0,64,30.0,480,270,2.1333333333333333
49631_1,videos_squat/49631_1.mp4,test,squat,multiple_annotated_errors,True,True,"[[2.87, 3.87]]","[[2.33, 3.76]]",2,120,30.0,480,600,4.0
49637_3,videos_squat/49637_3.mp4,train,squat,knees_forward,True,False,"[[0.61, 2.03]]",[],1,78,30.0,480,600,2.6
49642_3,videos_squat/49642_3.mp4,train,squat,knees_forward,True,False,"[[2.28, 3.31]]",[],1,112,30.0,480,600,3.7333333333333334
49646_5,videos_squat/49646_5.mp4,train,squat,knees_forward,True,False,"[[1.93, 2.7]]",[],1,93,30.0,480,480,3.1
49655_1,videos_squat/49655_1.mp4,train,squat,knees_forward,True,False,"[[1.18, 2.62]]",[],1,96,30.0,480,600,3.2
49661_1,videos_squat/49661_1.mp4,train,squat,no_annotated_error,False,False,[],[],0,84,30.0,480,480,2.8
49663_1,videos_squat/49663_1.mp4,test,squat,knees_forward,True,False,"[[0.99, 2.88]]",[],1,95,30.0,480,480,3.1666666666666665
49669_1,videos_squat/49669_1.mp4,test,squat,knees_forward,True,False,"[[1.1, 2.26]]",[],1,96,30.0,480,270,3.2
49670_5,videos_squat/49670_5.mp4,test,squat,knees_forward,True,False,"[[0.41, 2.27]]",[],1,72,30.0,480,600,2.4
49694_2,videos_squat/49694_2.mp4,train,squat,knees_forward,True,False,"[[1.26, 1.77], [2.11, 3.19]]",[],2,110,30.0,480,600,3.6666666666666665
49704_2,videos_squat/49704_2.mp4,train,squat,no_annotated_error,False,False,[],[],0,72,30.0,480,480,2.4
49705_2,videos_squat/49705_2.mp4,train,squat,knees_forward,True,False,"[[2.23, 4.0]]",[],1,128,30.0,480,270,4.266666666666667
49708_1,videos_squat/49708_1.mp4,train,squat,multiple_annotated_errors,True,True,"[[1.39, 2.37], [2.86, 4.34]]","[[1.93, 3.78]]",3,136,30.0,480,600,4.533333333333333
49712_1,videos_squat/49712_1.mp4,train,squat,no_annotated_error,False,False,[],[],0,118,30.0,480,270,3.933333333333333
49715_1,videos_squat/49715_1.mp4,train,squat,knees_inward,False,True,[],"[[1.98, 2.63]]",1,98,30.0,480,600,3.2666666666666666
49716_1,videos_squat/49716_1.mp4,train,squat,no_annotated_error,False,False,[],[],0,112,30.0,480,600,3.7333333333333334
49722_1,videos_squat/49722_1.mp4,train,squat,knees_forward,True,False,"[[0.6, 2.39]]",[],1,75,30.0,480,480,2.5
49724_2,videos_squat/49724_2.mp4,train,squat,knees_forward,True,False,"[[0.98, 3.88]]",[],1,139,30.0,480,480,4.633333333333334
49733_1,videos_squat/49733_1.mp4,train,squat,knees_forward,True,False,"[[0.78, 3.39]]",[],1,110,30.0,480,600,3.6666666666666665
49734_4,videos_squat/49734_4.mp4,val,squat,no_annotated_error,False,False,[],[],0,62,30.0,480,480,2.066666666666667
49736_1,videos_squat/49736_1.mp4,val,squat,knees_forward,True,False,"[[4.04, 5.71]]",[],1,175,30.0,480,480,5.833333333333333
49746_5,videos_squat/49746_5.mp4,train,squat,multiple_annotated_errors,True,True,"[[2.06, 3.31]]","[[1.64, 3.01]]",2,109,30.0,480,600,3.6333333333333333
49769_1,videos_squat/49769_1.mp4,train,squat,knees_forward,True,False,"[[2.72, 3.89]]",[],1,124,30.0,480,480,4.133333333333334
49770_1,videos_squat/49770_1.mp4,train,squat,knees_forward,True,False,"[[1.38, 4.31]]",[],1,131,30.0,480,480,4.366666666666666
49789_8,videos_squat/49789_8.mp4,train,squat,no_annotated_error,False,False,[],[],0,86,30.0,480,270,2.8666666666666667
49802_1,videos_squat/49802_1.mp4,train,squat,knees_forward,True,False,"[[3.82, 5.65]]",[],1,175,30.0,480,600,5.833333333333333
49807_1,videos_squat/49807_1.mp4,val,squat,knees_forward,True,False,"[[4.77, 5.6]]",[],1,265,30.0,480,600,8.833333333333334
49813_4,videos_squat/49813_4.mp4,val,squat,no_annotated_error,False,False,[],[],0,68,30.0,480,480,2.2666666666666666
49817_1,videos_squat/49817_1.mp4,train,squat,knees_forward,True,False,"[[3.96, 4.96]]",[],1,154,30.0,480,480,5.133333333333334
49832_4,videos_squat/49832_4.mp4,val,squat,knees_forward,True,False,"[[0.81, 2.08]]",[],1,75,30.0,480,600,2.5
49833_11,videos_squat/49833_11.mp4,train,squat,no_annotated_error,False,False,[],[],0,66,30.0,480,480,2.2
49834_2,videos_squat/49834_2.mp4,train,squat,knees_forward,True,False,"[[3.17, 4.79]]",[],1,146,30.0,480,480,4.866666666666666
49837_1,videos_squat/49837_1.mp4,train,squat,no_annotated_error,False,False,[],[],0,332,30.0,480,600,11.066666666666666
49848_1,videos_squat/49848_1.mp4,train,squat,knees_inward,False,True,[],"[[1.7, 2.53]]",1,87,30.0,480,600,2.9
49857_1,videos_squat/49857_1.mp4,train,squat,multiple_annotated_errors,True,True,"[[1.67, 3.27]]","[[1.48, 2.92]]",2,167,30.0,480,600,5.566666666666666
49859_1,videos_squat/49859_1.mp4,test,squat,knees_forward,True,False,"[[0.79, 2.67]]",[],1,112,30.0,480,480,3.7333333333333334
49863_1,videos_squat/49863_1.mp4,val,squat,knees_forward,True,False,"[[2.47, 3.18]]",[],1,97,30.0,480,480,3.2333333333333334
49864_2,videos_squat/49864_2.mp4,train,squat,no_annotated_error,False,False,[],[],0,71,30.0,480,600,2.3666666666666667
49868_1,videos_squat/49868_1.mp4,test,squat,knees_forward,True,False,"[[1.6, 2.73]]",[],1,162,30.0,480,480,5.4
49874_4,videos_squat/49874_4.mp4,test,squat,knees_forward,True,False,"[[0.53, 1.23]]",[],1,50,30.0,480,480,1.6666666666666667
49881_2,videos_squat/49881_2.mp4,train,squat,no_annotated_error,False,False,[],[],0,91,30.0,480,600,3.033333333333333
49891_1,videos_squat/49891_1.mp4,test,squat,multiple_annotated_errors,True,True,"[[0.55, 1.41], [1.91, 2.97]]","[[1.58, 2.53]]",3,94,30.0,480,480,3.1333333333333333
49892_1,videos_squat/49892_1.mp4,val,squat,multiple_annotated_errors,True,True,"[[4.33, 6.44]]","[[3.48, 5.73]]",2,210,30.0,480,600,7.0
49897_1,videos_squat/49897_1.mp4,train,squat,multiple_annotated_errors,True,True,"[[2.62, 3.86]]","[[1.52, 3.4]]",2,118,30.0,480,480,3.933333333333333
49900_2,videos_squat/49900_2.mp4,train,squat,no_annotated_error,False,False,[],[],0,215,30.0,480,480,7.166666666666667
49908_1,videos_squat/49908_1.mp4,test,squat,multiple_annotated_errors,True,True,"[[0.87, 4.01]]","[[2.95, 4.06]]",2,131,30.0,480,270,4.366666666666666
49918_1,videos_squat/49918_1.mp4,train,squat,knees_forward,True,False,"[[3.72, 4.98]]",[],1,157,30.0,480,600,5.233333333333333
49921_3,videos_squat/49921_3.mp4,val,squat,multiple_annotated_errors,True,True,"[[2.46, 2.98]]","[[1.83, 2.77]]",2,98,30.0,480,270,3.2666666666666666
49926_2,videos_squat/49926_2.mp4,test,squat,no_annotated_error,False,False,[],[],0,142,30.0,480,480,4.733333333333333
49929_4,videos_squat/49929_4.mp4,train,squat,multiple_annotated_errors,True,True,"[[0.6, 1.14], [2.02, 2.71]]","[[1.26, 2.24]]",3,87,30.0,480,600,2.9
49932_8,videos_squat/49932_8.mp4,train,squat,knees_forward,True,False,"[[2.58, 3.59]]",[],1,119,30.0,480,480,3.966666666666667
49943_2,videos_squat/49943_2.mp4,test,squat,multiple_annotated_errors,True,True,"[[3.46, 4.14]]","[[2.67, 3.94]]",2,131,30.0,480,250,4.366666666666666
49945_1,videos_squat/49945_1.mp4,train,squat,multiple_annotated_errors,True,True,"[[2.55, 4.93]]","[[2.95, 4.49]]",2,155,30.0,480,600,5.166666666666667
49947_1,videos_squat/49947_1.mp4,train,squat,multiple_annotated_errors,True,True,"[[3.17, 5.74]]","[[2.39, 4.72]]",2,207,30.0,480,270,6.9
49949_2,videos_squat/49949_2.mp4,test,squat,no_annotated_error,False,False,[],[],0,114,30.0,480,600,3.8
49951_5,videos_squat/49951_5.mp4,train,squat,multiple_annotated_errors,True,True,"[[1.47, 5.14]]","[[2.84, 4.69]]",2,162,30.0,480,270,5.4
49954_1,videos_squat/49954_1.mp4,train,squat,knees_forward,True,False,"[[4.36, 4.65]]",[],1,143,30.0,480,270,4.766666666666667
49956_1,videos_squat/49956_1.mp4,test,squat,no_annotated_error,False,False,[],[],0,134,30.0,480,600,4.466666666666667
49957_1,videos_squat/49957_1.mp4,train,squat,multiple_annotated_errors,True,True,"[[2.37, 2.88], [3.49, 4.68]]","[[3.05, 4.42]]",3,146,30.0,480,480,4.866666666666666
49968_1,videos_squat/49968_1.mp4,train,squat,knees_forward,True,False,"[[3.34, 4.26]]",[],1,136,30.0,480,270,4.533333333333333
49971_1,videos_squat/49971_1.mp4,train,squat,no_annotated_error,False,False,[],[],0,114,30.0,480,600,3.8
49975_2,videos_squat/49975_2.mp4,test,squat,multiple_annotated_errors,True,True,"[[5.76, 8.97]]","[[5.02, 6.82]]",2,283,30.0,480,480,9.433333333333334
49977_1,videos_squat/49977_1.mp4,train,squat,no_annotated_error,False,False,[],[],0,196,30.0,480,600,6.533333333333333
49980_1,videos_squat/49980_1.mp4,val,squat,knees_forward,True,False,"[[4.24, 5.34]]",[],1,170,30.0,480,480,5.666666666666667
49986_4,videos_squat/49986_4.mp4,train,squat,no_annotated_error,False,False,[],[],0,194,30.0,480,270,6.466666666666667
49989_2,videos_squat/49989_2.mp4,train,squat,knees_forward,True,False,"[[0.47, 1.48]]",[],1,51,30.0,480,600,1.7
49998_5,videos_squat/49998_5.mp4,train,squat,knees_inward,False,True,[],"[[2.04, 2.63]]",1,91,30.0,480,480,3.033333333333333
50001_7,videos_squat/50001_7.mp4,train,squat,no_annotated_error,False,False,[],[],0,74,30.0,480,480,2.466666666666667
50002_2,videos_squat/50002_2.mp4,train,squat,knees_forward,True,False,"[[2.35, 3.43]]",[],1,109,30.0,480,600,3.6333333333333333
50004_4,videos_squat/50004_4.mp4,train,squat,no_annotated_error,False,False,[],[],0,60,30.0,480,480,2.0
50008_1,videos_squat/50008_1.mp4,train,squat,no_annotated_error,False,False,[],[],0,95,30.0,480,480,3.1666666666666665
50024_2,videos_squat/50024_2.mp4,train,squat,knees_forward,True,False,"[[2.04, 2.76]]",[],1,129,30.0,480,480,4.3
50026_6,videos_squat/50026_6.mp4,val,squat,no_annotated_error,False,False,[],[],0,58,30.0,480,600,1.9333333333333333
50027_5,videos_squat/50027_5.mp4,train,squat,knees_forward,True,False,"[[0.89, 3.52]]",[],1,122,30.0,480,480,4.066666666666666
50032_1,videos_squat/50032_1.mp4,val,squat,multiple_annotated_errors,True,True,"[[0.72, 1.82]]","[[1.55, 2.78]]",2,95,30.0,480,600,3.1666666666666665
50033_2,videos_squat/50033_2.mp4,test,squat,knees_forward,True,False,"[[2.52, 3.32]]",[],1,104,30.0,480,480,3.466666666666667
50035_2,videos_squat/50035_2.mp4,train,squat,no_annotated_error,False,False,[],[],0,78,30.0,480,480,2.6
50037_3,videos_squat/50037_3.mp4,train,squat,knees_forward,True,False,"[[2.16, 4.07]]",[],1,133,30.0,480,600,4.433333333333334
50041_3,videos_squat/50041_3.mp4,train,squat,no_annotated_error,False,False,[],[],0,105,30.0,480,270,3.5
50044_2,videos_squat/50044_2.mp4,train,squat,knees_forward,True,False,"[[0.91, 1.91]]",[],1,81,30.0,480,480,2.7
50048_6,videos_squat/50048_6.mp4,test,squat,multiple_annotated_errors,True,True,"[[2.22, 2.82]]","[[1.77, 2.6]]",2,92,30.0,480,600,3.066666666666667
50049_1,videos_squat/50049_1.mp4,train,squat,no_annotated_error,False,False,[],[],0,99,30.0,480,600,3.3
50051_4,videos_squat/50051_4.mp4,val,squat,multiple_annotated_errors,True,True,"[[3.06, 3.62]]","[[2.45, 3.42]]",2,114,30.0,480,600,3.8
50060_2,videos_squat/50060_2.mp4,train,squat,knees_forward,True,False,"[[2.35, 3.02]]",[],1,116,30.0,480,600,3.8666666666666667
50063_2,videos_squat/50063_2.mp4,val,squat,no_annotated_error,False,False,[],[],0,87,30.0,480,600,2.9
50071_2,videos_squat/50071_2.mp4,train,squat,no_annotated_error,False,False,[],[],0,141,30.0,480,480,4.7
50073_4,videos_squat/50073_4.mp4,train,squat,knees_forward,True,False,"[[1.03, 3.23]]",[],1,106,30.0,480,600,3.533333333333333
50081_2,videos_squat/50081_2.mp4,train,squat,knees_forward,True,False,"[[0.59, 1.81]]",[],1,62,30.0,480,480,2.066666666666667
50091_1,videos_squat/50091_1.mp4,val,squat,knees_forward,True,False,"[[0.71, 1.73]]",[],1,86,30.0,480,480,2.8666666666666667
50099_1,videos_squat/50099_1.mp4,train,squat,no_annotated_error,False,False,[],[],0,112,30.0,480,480,3.7333333333333334
50111_9,videos_squat/50111_9.mp4,val,squat,knees_forward,True,False,"[[1.99, 2.81]]",[],1,88,30.0,480,270,2.933333333333333
50113_1,videos_squat/50113_1.mp4,train,squat,no_annotated_error,False,False,[],[],0,93,30.0,480,600,3.1
50114_6,videos_squat/50114_6.mp4,train,squat,no_annotated_error,False,False,[],[],0,63,30.0,480,480,2.1
50115_5,videos_squat/50115_5.mp4,train,squat,no_annotated_error,False,False,[],[],0,116,30.0,480,480,3.8666666666666667
50118_3,videos_squat/50118_3.mp4,train,squat,knees_inward,False,True,[],"[[2.07, 3.35]]",1,111,30.0,480,600,3.7
50121_1,videos_squat/50121_1.mp4,train,squat,multiple_annotated_errors,True,True,"[[1.23, 3.78]]","[[2.14, 3.52]]",2,124,30.0,480,600,4.133333333333334
50122_2,videos_squat/50122_2.mp4,test,squat,knees_forward,True,False,"[[2.28, 3.03]]",[],1,99,30.0,480,600,3.3
50131_2,videos_squat/50131_2.mp4,train,squat,multiple_annotated_errors,True,True,"[[2.15, 3.06]]","[[1.6, 2.76]]",2,96,30.0,480,600,3.2
50134_7,videos_squat/50134_7.mp4,train,squat,knees_forward,True,False,"[[0.64, 1.58]]",[],1,66,30.0,480,600,2.2
50135_2,videos_squat/50135_2.mp4,train,squat,no_annotated_error,False,False,[],[],0,61,30.0,480,600,2.033333333333333
50137_1,videos_squat/50137_1.mp4,train,squat,knees_forward,True,False,"[[1.68, 3.16]]",[],1,106,30.0,480,600,3.533333333333333
50171_4,videos_squat/50171_4.mp4,test,squat,knees_forward,True,False,"[[0.5, 2.6]]",[],1,86,30.0,480,600,2.8666666666666667
50172_2,videos_squat/50172_2.mp4,test,squat,no_annotated_error,False,False,[],[],0,180,30.0,480,480,6.0
50174_1,videos_squat/50174_1.mp4,train,squat,knees_forward,True,False,"[[2.19, 3.7]]",[],1,120,30.0,480,480,4.0
50176_1,videos_squat/50176_1.mp4,train,squat,knees_forward,True,False,"[[1.17, 4.06]]",[],1,129,30.0,480,480,4.3
50185_2,videos_squat/50185_2.mp4,train,squat,multiple_annotated_errors,True,True,"[[0.77, 3.15]]","[[1.56, 2.74]]",2,176,30.0,480,480,5.866666666666666
50192_2,videos_squat/50192_2.mp4,test,squat,knees_forward,True,False,"[[0.51, 1.58]]",[],1,57,30.0,480,480,1.9
50198_1,videos_squat/50198_1.mp4,train,squat,knees_forward,True,False,"[[2.65, 3.63]]",[],1,176,30.0,480,480,5.866666666666666
50201_1,videos_squat/50201_1.mp4,train,squat,knees_forward,True,False,"[[1.96, 4.56]]",[],1,167,30.0,480,600,5.566666666666666
50202_1,videos_squat/50202_1.mp4,train,squat,knees_forward,True,False,"[[2.21, 3.51]]",[],1,114,30.0,480,480,3.8
50204_1,videos_squat/50204_1.mp4,train,squat,knees_forward,True,False,"[[2.95, 3.7]]",[],1,115,30.0,480,480,3.8333333333333335
50205_4,videos_squat/50205_4.mp4,train,squat,knees_forward,True,False,"[[1.27, 2.13], [2.94, 4.08]]",[],2,129,30.0,480,480,4.3
50210_1,videos_squat/50210_1.mp4,test,squat,multiple_annotated_errors,True,True,"[[2.11, 3.85]]","[[1.54, 2.71]]",2,120,30.0,480,600,4.0
50214_1,videos_squat/50214_1.mp4,test,squat,knees_forward,True,False,"[[3.06, 3.64]]",[],1,114,30.0,480,600,3.8
50215_21,videos_squat/50215_21.mp4,train,squat,knees_forward,True,False,"[[3.28, 4.21]]",[],1,169,30.0,864,486,5.633333333333334
50218_1,videos_squat/50218_1.mp4,train,squat,multiple_annotated_errors,True,True,"[[5.58, 7.14]]","[[4.97, 6.56]]",2,224,30.0,480,480,7.466666666666667
50222_3,videos_squat/50222_3.mp4,train,squat,no_annotated_error,False,False,[],[],0,139,30.0,480,600,4.633333333333334
50224_1,videos_squat/50224_1.mp4,train,squat,multiple_annotated_errors,True,True,"[[4.16, 5.85]]","[[3.69, 5.31]]",2,247,30.0,480,600,8.233333333333333
50229_3,videos_squat/50229_3.mp4,val,squat,knees_forward,True,False,"[[5.36, 6.06]]",[],1,185,30.0,480,480,6.166666666666667
50238_1,videos_squat/50238_1.mp4,val,squat,knees_forward,True,False,"[[1.05, 1.93]]",[],1,77,30.0,480,600,2.566666666666667
50241_4,videos_squat/50241_4.mp4,train,squat,knees_forward,True,False,"[[1.89, 2.41]]",[],1,82,30.0,480,600,2.7333333333333334
50242_3,videos_squat/50242_3.mp4,train,squat,multiple_annotated_errors,True,True,"[[4.38, 5.33]]","[[3.8, 5.09]]",2,169,30.0,480,600,5.633333333333334
50258_5,videos_squat/50258_5.mp4,train,squat,no_annotated_error,False,False,[],[],0,97,30.0,480,480,3.2333333333333334
50262_4,videos_squat/50262_4.mp4,train,squat,knees_forward,True,False,"[[3.27, 3.83]]",[],1,161,30.0,480,600,5.366666666666666
50264_2,videos_squat/50264_2.mp4,train,squat,knees_forward,True,False,"[[2.63, 3.57]]",[],1,160,30.0,480,480,5.333333333333333
50278_1,videos_squat/50278_1.mp4,test,squat,no_annotated_error,False,False,[],[],0,75,30.0,480,600,2.5
50279_1,videos_squat/50279_1.mp4,train,squat,no_annotated_error,False,False,[],[],0,82,30.0,480,600,2.7333333333333334
50280_3,videos_squat/50280_3.mp4,test,squat,knees_forward,True,False,"[[2.03, 2.88]]",[],1,157,30.0,480,480,5.233333333333333
50282_4,videos_squat/50282_4.mp4,train,squat,no_annotated_error,False,False,[],[],0,87,30.0,480,600,2.9
50284_1,videos_squat/50284_1.mp4,train,squat,multiple_annotated_errors,True,True,"[[2.33, 3.24]]","[[1.81, 2.96]]",2,103,30.0,480,600,3.433333333333333
50300_2,videos_squat/50300_2.mp4,train,squat,knees_forward,True,False,"[[1.94, 2.89]]",[],1,120,30.0,480,480,4.0
50309_4,videos_squat/50309_4.mp4,train,squat,knees_forward,True,False,"[[1.05, 2.74]]",[],1,87,30.0,480,480,2.9
50312_3,videos_squat/50312_3.mp4,train,squat,knees_forward,True,False,"[[2.0, 4.58]]",[],1,142,30.0,480,480,4.733333333333333
50320_1,videos_squat/50320_1.mp4,train,squat,knees_forward,True,False,"[[3.5, 4.6]]",[],1,145,30.0,480,270,4.833333333333333
50325_1,videos_squat/50325_1.mp4,train,squat,knees_forward,True,False,"[[0.79, 3.47]]",[],1,109,30.0,480,598,3.6333333333333333
50326_1,videos_squat/50326_1.mp4,train,squat,knees_forward,True,False,"[[2.75, 4.03]]",[],1,125,30.0,480,600,4.166666666666667
50327_12,videos_squat/50327_12.mp4,val,squat,no_annotated_error,False,False,[],[],0,66,30.0,480,600,2.2
50331_4,videos_squat/50331_4.mp4,test,squat,multiple_annotated_errors,True,True,"[[4.22, 4.95]]","[[2.51, 4.86]]",2,156,30.0,480,480,5.2
50334_12,videos_squat/50334_12.mp4,test,squat,no_annotated_error,False,False,[],[],0,46,30.0,480,270,1.5333333333333334
50335_2,videos_squat/50335_2.mp4,train,squat,no_annotated_error,False,False,[],[],0,98,30.0,480,600,3.2666666666666666
50342_3,videos_squat/50342_3.mp4,val,squat,multiple_annotated_errors,True,True,"[[2.74, 3.96]]","[[1.88, 3.71]]",2,126,30.0,480,600,4.2
50343_1,videos_squat/50343_1.mp4,train,squat,knees_forward,True,False,"[[0.94, 5.57]]",[],1,173,30.0,480,600,5.766666666666667
50352_2,videos_squat/50352_2.mp4,train,squat,multiple_annotated_errors,True,True,"[[0.9, 2.92]]","[[1.84, 2.92]]",2,104,30.0,480,480,3.466666666666667
50357_1,videos_squat/50357_1.mp4,train,squat,no_annotated_error,False,False,[],[],0,102,30.0,480,600,3.4
50359_2,videos_squat/50359_2.mp4,test,squat,no_annotated_error,False,False,[],[],0,109,30.0,480,480,3.6333333333333333
50360_2,videos_squat/50360_2.mp4,train,squat,knees_forward,True,False,"[[0.91, 1.82]]",[],1,71,30.0,480,480,2.3666666666666667
50367_4,videos_squat/50367_4.mp4,test,squat,no_annotated_error,False,False,[],[],0,77,30.0,480,480,2.566666666666667
50370_3,videos_squat/50370_3.mp4,train,squat,knees_forward,True,False,"[[0.74, 2.88]]",[],1,98,30.0,480,480,3.2666666666666666
50373_5,videos_squat/50373_5.mp4,train,squat,knees_forward,True,False,"[[2.18, 2.62]]",[],1,86,30.0,480,600,2.8666666666666667
50395_2,videos_squat/50395_2.mp4,val,squat,multiple_annotated_errors,True,True,"[[2.74, 3.53]]","[[2.4, 3.27]]",2,112,30.0,480,480,3.7333333333333334
50400_2,videos_squat/50400_2.mp4,val,squat,knees_forward,True,False,"[[2.63, 3.57]]",[],1,143,30.0,480,480,4.766666666666667
50406_1,videos_squat/50406_1.mp4,train,squat,knees_forward,True,False,"[[0.57, 3.16]]",[],1,132,30.0,480,480,4.4
50414_1,videos_squat/50414_1.mp4,train,squat,no_annotated_error,False,False,[],[],0,133,30.0,480,480,4.433333333333334
50418_1,videos_squat/50418_1.mp4,train,squat,no_annotated_error,False,False,[],[],0,120,30.0,480,600,4.0
50423_5,videos_squat/50423_5.mp4,test,squat,knees_forward,True,False,"[[0.93, 3.1]]",[],1,100,30.0,480,600,3.3333333333333335
50427_1,videos_squat/50427_1.mp4,train,squat,no_annotated_error,False,False,[],[],0,95,30.0,480,480,3.1666666666666665
50428_1,videos_squat/50428_1.mp4,train,squat,multiple_annotated_errors,True,True,"[[0.94, 4.36]]","[[2.96, 4.27]]",2,138,30.0,480,600,4.6
50435_1,videos_squat/50435_1.mp4,test,squat,knees_forward,True,False,"[[2.75, 3.85]]",[],1,155,30.0,480,600,5.166666666666667
50436_1,videos_squat/50436_1.mp4,train,squat,knees_forward,True,False,"[[1.59, 3.76]]",[],1,119,30.0,480,480,3.966666666666667
50438_3,videos_squat/50438_3.mp4,test,squat,knees_forward,True,False,"[[0.65, 1.94]]",[],1,69,30.0,480,480,2.3
50440_1,videos_squat/50440_1.mp4,train,squat,no_annotated_error,False,False,[],[],0,166,30.0,480,480,5.533333333333333
50462_7,videos_squat/50462_7.mp4,train,squat,no_annotated_error,False,False,[],[],0,96,30.0,480,600,3.2
50471_3,videos_squat/50471_3.mp4,train,squat,multiple_annotated_errors,True,True,"[[2.21, 3.24]]","[[1.91, 3.0]]",2,104,30.0,480,600,3.466666666666667
50477_3,videos_squat/50477_3.mp4,train,squat,multiple_annotated_errors,True,True,"[[2.1, 3.5]]","[[1.63, 3.27]]",2,111,30.0,480,600,3.7
50481_9,videos_squat/50481_9.mp4,val,squat,no_annotated_error,False,False,[],[],0,75,30.0,480,480,2.5
50489_2,videos_squat/50489_2.mp4,train,squat,multiple_annotated_errors,True,True,"[[3.4, 4.01]]","[[2.76, 3.75]]",2,130,30.0,480,600,4.333333333333333
50492_2,videos_squat/50492_2.mp4,train,squat,knees_forward,True,False,"[[0.8, 1.73]]",[],1,60,30.0,480,270,2.0
50499_1,videos_squat/50499_1.mp4,train,squat,knees_forward,True,False,"[[2.99, 4.24]]",[],1,203,30.0,480,480,6.766666666666667
50501_2,videos_squat/50501_2.mp4,train,squat,no_annotated_error,False,False,[],[],0,139,30.0,480,480,4.633333333333334
50504_8,videos_squat/50504_8.mp4,train,squat,knees_forward,True,False,"[[2.58, 3.41]]",[],1,108,30.0,480,480,3.6
50505_2,videos_squat/50505_2.mp4,train,squat,knees_forward,True,False,"[[1.65, 2.55]]",[],1,88,30.0,480,270,2.933333333333333
50512_1,videos_squat/50512_1.mp4,val,squat,knees_forward,True,False,"[[0.75, 2.37]]",[],1,90,30.0,480,600,3.0
50515_2,videos_squat/50515_2.mp4,train,squat,knees_forward,True,False,"[[0.78, 1.97]]",[],1,72,30.0,480,600,2.4
50520_5,videos_squat/50520_5.mp4,val,squat,knees_forward,True,False,"[[0.83, 2.23]]",[],1,101,30.0,480,600,3.3666666666666667
50522_4,videos_squat/50522_4.mp4,train,squat,no_annotated_error,False,False,[],[],0,75,30.0,480,600,2.5
50530_1,videos_squat/50530_1.mp4,train,squat,multiple_annotated_errors,True,True,"[[6.36, 7.18]]","[[3.51, 7.04]]",2,249,30.0,480,600,8.3
50534_16,videos_squat/50534_16.mp4,val,squat,knees_forward,True,False,"[[0.63, 1.46]]",[],1,61,30.0,480,480,2.033333333333333
50544_3,videos_squat/50544_3.mp4,train,squat,multiple_annotated_errors,True,True,"[[2.06, 2.97]]","[[1.43, 2.7]]",2,111,30.0,480,480,3.7
50550_1,videos_squat/50550_1.mp4,train,squat,knees_forward,True,False,"[[1.05, 2.05]]",[],1,81,30.0,480,600,2.7
50551_10,videos_squat/50551_10.mp4,train,squat,no_annotated_error,False,False,[],[],0,157,30.0,480,480,5.233333333333333
50559_2,videos_squat/50559_2.mp4,val,squat,no_annotated_error,False,False,[],[],0,143,30.0,480,600,4.766666666666667
50561_1,videos_squat/50561_1.mp4,train,squat,knees_forward,True,False,"[[2.47, 3.3]]",[],1,106,30.0,480,480,3.533333333333333
50571_4,videos_squat/50571_4.mp4,val,squat,knees_forward,True,False,"[[0.88, 2.01]]",[],1,75,30.0,480,480,2.5
50575_2,videos_squat/50575_2.mp4,test,squat,knees_forward,True,False,"[[1.52, 8.3]]",[],1,281,30.0,480,600,9.366666666666667
50578_5,videos_squat/50578_5.mp4,train,squat,knees_forward,True,False,"[[1.88, 3.87]]",[],1,149,30.0,480,600,4.966666666666667
50579_2,videos_squat/50579_2.mp4,val,squat,no_annotated_error,False,False,[],[],0,68,30.0,480,600,2.2666666666666666
50581_2,videos_squat/50581_2.mp4,train,squat,no_annotated_error,False,False,[],[],0,82,30.0,480,600,2.7333333333333334
50582_2,videos_squat/50582_2.mp4,train,squat,knees_forward,True,False,"[[0.7, 2.76]]",[],1,90,30.0,480,600,3.0
50583_5,videos_squat/50583_5.mp4,train,squat,knees_forward,True,False,"[[2.52, 3.33]]",[],1,105,30.0,480,480,3.5
50588_2,videos_squat/50588_2.mp4,train,squat,no_annotated_error,False,False,[],[],0,63,30.0,480,600,2.1
50590_2,videos_squat/50590_2.mp4,train,squat,multiple_annotated_errors,True,True,"[[2.97, 3.73]]","[[1.94, 3.73]]",2,118,30.0,480,600,3.933333333333333
50591_1,videos_squat/50591_1.mp4,train,squat,knees_forward,True,False,"[[2.06, 6.73]]",[],1,208,30.0,480,480,6.933333333333334
50599_3,videos_squat/50599_3.mp4,val,squat,multiple_annotated_errors,True,True,"[[2.08, 3.44]]","[[1.86, 3.11]]",2,130,30.0,480,600,4.333333333333333
50601_2,videos_squat/50601_2.mp4,train,squat,multiple_annotated_errors,True,True,"[[2.59, 3.82]]","[[2.21, 3.38]]",2,132,30.0,480,480,4.4
50606_1,videos_squat/50606_1.mp4,train,squat,knees_forward,True,False,"[[2.12, 3.19]]",[],1,110,30.0,480,480,3.6666666666666665
50610_3,videos_squat/50610_3.mp4,test,squat,no_annotated_error,False,False,[],[],0,192,30.0,480,600,6.4
50611_3,videos_squat/50611_3.mp4,train,squat,no_annotated_error,False,False,[],[],0,70,30.0,480,480,2.3333333333333335
50617_2,videos_squat/50617_2.mp4,train,squat,multiple_annotated_errors,True,True,"[[2.99, 5.5]]","[[3.9, 5.17]]",2,229,30.0,480,600,7.633333333333334
50619_4,videos_squat/50619_4.mp4,train,squat,knees_forward,True,False,"[[1.19, 3.54]]",[],1,140,30.0,480,480,4.666666666666667
50622_1,videos_squat/50622_1.mp4,train,squat,no_annotated_error,False,False,[],[],0,71,30.0,480,480,2.3666666666666667
50624_5,videos_squat/50624_5.mp4,test,squat,no_annotated_error,False,False,[],[],0,77,30.0,480,480,2.566666666666667
50631_2,videos_squat/50631_2.mp4,train,squat,knees_forward,True,False,"[[2.91, 4.7]]",[],1,176,30.0,480,480,5.866666666666666
50633_1,videos_squat/50633_1.mp4,train,squat,knees_inward,False,True,[],"[[1.42, 2.14]]",1,76,30.0,480,600,2.533333333333333
50635_1,videos_squat/50635_1.mp4,val,squat,knees_forward,True,False,"[[0.47, 2.81]]",[],1,93,30.0,480,480,3.1
50636_2,videos_squat/50636_2.mp4,train,squat,knees_forward,True,False,"[[0.75, 3.36]]",[],1,110,30.0,480,480,3.6666666666666665
50651_4,videos_squat/50651_4.mp4,train,squat,knees_forward,True,False,"[[0.78, 2.05]]",[],1,80,30.0,480,600,2.6666666666666665
50653_1,videos_squat/50653_1.mp4,test,squat,no_annotated_error,False,False,[],[],0,133,30.0,480,270,4.433333333333334
50655_5,videos_squat/50655_5.mp4,train,squat,no_annotated_error,False,False,[],[],0,68,30.0,480,270,2.2666666666666666
50705_1,videos_squat/50705_1.mp4,test,squat,no_annotated_error,False,False,[],[],0,83,30.0,480,480,2.7666666666666666
50706_1,videos_squat/50706_1.mp4,train,squat,knees_forward,True,False,"[[1.92, 2.78]]",[],1,103,30.0,480,270,3.433333333333333
50709_3,videos_squat/50709_3.mp4,train,squat,knees_forward,True,False,"[[0.58, 2.18]]",[],1,110,30.0,480,480,3.6666666666666665
50717_1,videos_squat/50717_1.mp4,train,squat,knees_forward,True,False,"[[0.93, 4.21]]",[],1,133,30.0,480,600,4.433333333333334
50739_1,videos_squat/50739_1.mp4,test,squat,knees_forward,True,False,"[[0.95, 1.81]]",[],1,86,30.0,480,270,2.8666666666666667
50743_4,videos_squat/50743_4.mp4,train,squat,knees_forward,True,False,"[[2.22, 2.74]]",[],1,90,30.0,480,600,3.0
50745_1,videos_squat/50745_1.mp4,train,squat,knees_forward,True,False,"[[0.89, 3.42]]",[],1,136,30.0,480,480,4.533333333333333
50749_4,videos_squat/50749_4.mp4,train,squat,no_annotated_error,False,False,[],[],0,89,30.0,480,600,2.966666666666667
50750_1,videos_squat/50750_1.mp4,train,squat,knees_forward,True,False,"[[5.42, 7.09]]",[],1,309,30.0,480,600,10.3
50751_1,videos_squat/50751_1.mp4,val,squat,no_annotated_error,False,False,[],[],0,86,30.0,480,600,2.8666666666666667
50758_1,videos_squat/50758_1.mp4,train,squat,no_annotated_error,False,False,[],[],0,236,30.0,480,270,7.866666666666666
50762_2,videos_squat/50762_2.mp4,test,squat,knees_forward,True,False,"[[2.69, 4.46]]",[],1,141,30.0,480,480,4.7
50772_5,videos_squat/50772_5.mp4,train,squat,knees_forward,True,False,"[[0.53, 1.48]]",[],1,63,30.0,480,600,2.1
50787_4,videos_squat/50787_4.mp4,train,squat,no_annotated_error,False,False,[],[],0,123,30.0,480,270,4.1
50790_1,videos_squat/50790_1.mp4,train,squat,knees_forward,True,False,"[[0.63, 3.44]]",[],1,113,30.0,480,600,3.7666666666666666
50796_3,videos_squat/50796_3.mp4,train,squat,no_annotated_error,False,False,[],[],0,100,30.0,480,600,3.3333333333333335
50805_1,videos_squat/50805_1.mp4,train,squat,knees_forward,True,False,"[[2.5, 5.67]]",[],1,174,30.0,480,600,5.8
50807_3,videos_squat/50807_3.mp4,val,squat,no_annotated_error,False,False,[],[],0,97,30.0,480,600,3.2333333333333334
50810_1,videos_squat/50810_1.mp4,train,squat,knees_forward,True,False,"[[2.09, 2.77]]",[],1,89,30.0,480,600,2.966666666666667
50813_1,videos_squat/50813_1.mp4,train,squat,no_annotated_error,False,False,[],[],0,141,30.0,480,480,4.7
50816_3,videos_squat/50816_3.mp4,val,squat,knees_forward,True,False,"[[1.24, 3.09]]",[],1,170,30.0,480,600,5.666666666666667
50818_5,videos_squat/50818_5.mp4,test,squat,knees_forward,True,False,"[[1.48, 2.75]]",[],1,94,30.0,480,480,3.1333333333333333
50822_1,videos_squat/50822_1.mp4,unassigned,squat,no_annotated_error,False,False,[],[],0,106,30.0,480,480,3.533333333333333
50823_1,videos_squat/50823_1.mp4,unassigned,squat,no_annotated_error,False,False,[],[],0,77,30.0,480,480,2.566666666666667
50824_2,videos_squat/50824_2.mp4,unassigned,squat,no_annotated_error,False,False,[],[],0,127,30.0,480,480,4.233333333333333
50825_1,videos_squat/50825_1.mp4,unassigned,squat,no_annotated_error,False,False,[],[],0,107,30.0,480,600,3.566666666666667
50826_1,videos_squat/50826_1.mp4,unassigned,squat,no_annotated_error,False,False,[],[],0,187,30.0,480,480,6.233333333333333
50827_1,videos_squat/50827_1.mp4,unassigned,squat,no_annotated_error,False,False,[],[],0,87,30.0,480,270,2.9
50828_3,videos_squat/50828_3.mp4,unassigned,squat,no_annotated_error,False,False,[],[],0,114,30.0,480,600,3.8
50829_11,videos_squat/50829_11.mp4,unassigned,squat,no_annotated_error,False,False,[],[],0,66,30.0,480,480,2.2
50830_1,videos_squat/50830_1.mp4,unassigned,squat,no_annotated_error,False,False,[],[],0,141,30.0,480,480,4.7
50831_3,videos_squat/50831_3.mp4,unassigned,squat,no_annotated_error,False,False,[],[],0,139,30.0,480,600,4.633333333333334
50832_1,videos_squat/50832_1.mp4,unassigned,squat,no_annotated_error,False,False,[],[],0,347,30.0,480,600,11.566666666666666
50833_2,videos_squat/50833_2.mp4,unassigned,squat,no_annotated_error,False,False,[],[],0,103,30.0,480,480,3.433333333333333
50834_1,videos_squat/50834_1.mp4,unassigned,squat,no_annotated_error,False,False,[],[],0,110,30.0,480,584,3.6666666666666665
50835_1,videos_squat/50835_1.mp4,unassigned,squat,no_annotated_error,False,False,[],[],0,404,30.0,480,480,13.466666666666667
50836_4,videos_squat/50836_4.mp4,unassigned,squat,no_annotated_error,False,False,[],[],0,106,30.0,480,600,3.533333333333333
50837_3,videos_squat/50837_3.mp4,unassigned,squat,no_annotated_error,False,False,[],[],0,104,30.0,480,480,3.466666666666667
50838_1,videos_squat/50838_1.mp4,unassigned,squat,no_annotated_error,False,False,[],[],0,135,30.0,480,480,4.5
50839_3,videos_squat/50839_3.mp4,unassigned,squat,no_annotated_error,False,False,[],[],0,76,30.0,480,600,2.533333333333333
50840_1,videos_squat/50840_1.mp4,unassigned,squat,no_annotated_error,False,False,[],[],0,133,30.0,480,600,4.433333333333334
50841_2,videos_squat/50841_2.mp4,unassigned,squat,no_annotated_error,False,False,[],[],0,135,30.0,480,480,4.5
50842_1,videos_squat/50842_1.mp4,unassigned,squat,no_annotated_error,False,False,[],[],0,256,30.0,480,480,8.533333333333333
50843_1,videos_squat/50843_1.mp4,unassigned,squat,no_annotated_error,False,False,[],[],0,119,30.0,480,480,3.966666666666667
50844_1,videos_squat/50844_1.mp4,unassigned,squat,no_annotated_error,False,False,[],[],0,82,30.0,480,600,2.7333333333333334
50845_6,videos_squat/50845_6.mp4,unassigned,squat,no_annotated_error,False,False,[],[],0,82,30.0,480,600,2.7333333333333334
50846_2,videos_squat/50846_2.mp4,unassigned,squat,no_annotated_error,False,False,[],[],0,57,30.0,480,480,1.9
50847_2,videos_squat/50847_2.mp4,unassigned,squat,no_annotated_error,False,False,[],[],0,70,30.0,480,600,2.3333333333333335
50848_1,videos_squat/50848_1.mp4,unassigned,squat,no_annotated_error,False,False,[],[],0,119,30.0,480,600,3.966666666666667
50849_1,videos_squat/50849_1.mp4,unassigned,squat,no_annotated_error,False,False,[],[],0,76,30.0,480,480,2.533333333333333
50850_4,videos_squat/50850_4.mp4,unassigned,squat,no_annotated_error,False,False,[],[],0,93,30.0,480,600,3.1
50851_1,videos_squat/50851_1.mp4,unassigned,squat,no_annotated_error,False,False,[],[],0,164,30.0,480,600,5.466666666666667
50852_1,videos_squat/50852_1.mp4,unassigned,squat,no_annotated_error,False,False,[],[],0,230,30.0,480,480,7.666666666666667
50853_1,videos_squat/50853_1.mp4,unassigned,squat,no_annotated_error,False,False,[],[],0,129,30.0,480,480,4.3
50854_1,videos_squat/50854_1.mp4,unassigned,squat,no_annotated_error,False,False,[],[],0,110,30.0,480,480,3.6666666666666665
50855_2,videos_squat/50855_2.mp4,unassigned,squat,no_annotated_error,False,False,[],[],0,115,30.0,480,480,3.8333333333333335
50856_1,videos_squat/50856_1.mp4,unassigned,squat,no_annotated_error,False,False,[],[],0,128,30.0,480,600,4.266666666666667
50857_1,videos_squat/50857_1.mp4,unassigned,squat,no_annotated_error,False,False,[],[],0,132,30.0,480,480,4.4
50858_2,videos_squat/50858_2.mp4,unassigned,squat,no_annotated_error,False,False,[],[],0,105,30.0,480,534,3.5
50859_1,videos_squat/50859_1.mp4,unassigned,squat,no_annotated_error,False,False,[],[],0,236,30.0,480,480,7.866666666666666
50860_2,videos_squat/50860_2.mp4,unassigned,squat,no_annotated_error,False,False,[],[],0,118,30.0,480,600,3.933333333333333
50861_5,videos_squat/50861_5.mp4,unassigned,squat,no_annotated_error,False,False,[],[],0,108,30.0,480,480,3.6
50862_1,videos_squat/50862_1.mp4,unassigned,squat,no_annotated_error,False,False,[],[],0,97,30.0,480,480,3.2333333333333334
50863_2,videos_squat/50863_2.mp4,unassigned,squat,no_annotated_error,False,False,[],[],0,106,30.0,480,600,3.533333333333333
50864_1,videos_squat/50864_1.mp4,unassigned,squat,no_annotated_error,False,False,[],[],0,217,30.0,480,600,7.233333333333333
50865_2,videos_squat/50865_2.mp4,unassigned,squat,no_annotated_error,False,False,[],[],0,131,30.0,480,250,4.366666666666666
50866_1,videos_squat/50866_1.mp4,unassigned,squat,no_annotated_error,False,False,[],[],0,79,30.0,480,480,2.6333333333333333
50867_1,videos_squat/50867_1.mp4,unassigned,squat,no_annotated_error,False,False,[],[],0,130,30.0,480,480,4.333333333333333
50868_2,videos_squat/50868_2.mp4,unassigned,squat,no_annotated_error,False,False,[],[],0,104,30.0,480,480,3.466666666666667
50869_5,videos_squat/50869_5.mp4,unassigned,squat,no_annotated_error,False,False,[],[],0,98,30.0,480,600,3.2666666666666666
50870_2,videos_squat/50870_2.mp4,unassigned,squat,no_annotated_error,False,False,[],[],0,81,30.0,480,480,2.7
50871_2,videos_squat/50871_2.mp4,unassigned,squat,no_annotated_error,False,False,[],[],0,119,30.0,480,600,3.966666666666667
