clip_id,video_id,clip_num,split,has_knees_inward,has_knees_forward,knees_inward_duration,knees_forward_duration,total_error_duration,error_count,quality_score,has_nan_trajectory,exercise_type
32903_8,32903,8,val,False,False,0.0,0.0,0.0,0,1.0,False,BackSquat
32907_3,32907,3,train,True,True,1.92,1.6,3.52,2,0.06878306878306872,False,BackSquat
32939_2,32939,2,test,False,False,0.0,0.0,0.0,0,1.0,False,BackSquat
32964_1,32964,1,val,False,True,0.0,1.3599999999999999,1.3599999999999999,1,0.6402116402116402,False,BackSquat
32971_2,32971,2,val,False,True,0.0,1.94,1.94,1,0.48677248677248675,False,BackSquat
32975_6,32975,6,train,False,False,0.0,0.0,0.0,0,1.0,False,BackSquat
32977_1,32977,1,val,False,True,0.0,1.44,1.44,1,0.6190476190476191,False,BackSquat
32979_1,32979,1,train,False,True,0.0,1.84,1.84,1,0.5132275132275133,False,BackSquat
32987_5,32987,5,train,False,True,0.0,1.4700000000000002,1.4700000000000002,1,0.611111111111111,False,BackSquat
32990_6,32990,6,train,False,True,0.0,0.9600000000000002,0.9600000000000002,1,0.746031746031746,False,BackSquat
32991_2,32991,2,train,False,True,0.0,1.5499999999999998,1.5499999999999998,1,0.58994708994709,False,BackSquat
32995_3,32995,3,train,False,True,0.0,2.83,2.83,1,0.2513227513227513,False,BackSquat
32996_2,32996,2,train,False,False,0.0,0.0,0.0,0,1.0,False,BackSquat
33006_2,33006,2,train,False,True,0.0,1.8099999999999998,1.8099999999999998,1,0.5211640211640212,False,BackSquat
33010_3,33010,3,train,False,True,0.0,1.17,1.17,1,0.6904761904761905,False,BackSquat
33018_1,33018,1,train,True,True,2.1799999999999997,1.94,4.119999999999999,2,0.0,False,BackSquat
33024_2,33024,2,val,True,True,1.7199999999999998,1.98,3.6999999999999997,2,0.021164021164021163,False,BackSquat
33025_2,33025,2,train,False,True,0.0,1.9500000000000002,1.9500000000000002,1,0.4841269841269841,False,BackSquat
33028_2,33028,2,val,False,True,0.0,1.97,1.97,1,0.47883597883597884,False,BackSquat
33029_1,33029,1,val,False,False,0.0,0.0,0.0,0,1.0,False,BackSquat
33031_2,33031,2,train,False,False,0.0,0.0,0.0,0,1.0,False,BackSquat
33035_4,33035,4,train,False,False,0.0,0.0,0.0,0,1.0,False,BackSquat
33036_2,33036,2,train,False,True,0.0,1.8399999999999999,1.8399999999999999,1,0.5132275132275133,False,BackSquat
33044_11,33044,11,train,False,True,0.0,1.0699999999999998,1.0699999999999998,1,0.716931216931217,False,BackSquat
33045_1,33045,1,train,False,True,0.0,1.6599999999999997,1.6599999999999997,1,0.5608465608465609,False,BackSquat
33048_1,33048,1,test,False,False,0.0,0.0,0.0,0,1.0,False,BackSquat
33051_1,33051,1,train,False,True,0.0,3.7600000000000002,3.7600000000000002,1,0.005291005291005124,False,BackSquat
33052_1,33052,1,test,False,True,0.0,1.9100000000000001,1.9100000000000001,1,0.49470899470899465,False,BackSquat
33053_1,33053,1,test,True,True,1.96,2.54,4.5,2,0.0,False,BackSquat
33058_3,33058,3,val,False,True,0.0,0.8400000000000001,0.8400000000000001,1,0.7777777777777777,False,BackSquat
33063_6,33063,6,val,True,False,2.9100000000000006,0.0,2.9100000000000006,1,0.23015873015873,False,BackSquat
33071_1,33071,1,train,False,True,0.0,0.9599999999999999,0.9599999999999999,1,0.746031746031746,False,BackSquat
33072_1,33072,1,train,False,True,0.0,3.11,3.11,1,0.1772486772486772,False,BackSquat
33073_2,33073,2,test,False,True,0.0,2.85,2.85,1,0.24603174603174593,False,BackSquat
33082_1,33082,1,train,False,True,0.0,1.2499999999999998,1.2499999999999998,1,0.6693121693121693,False,BackSquat
33088_1,33088,1,train,False,True,0.0,1.94,1.94,1,0.48677248677248675,False,BackSquat
33090_7,33090,7,train,False,False,0.0,0.0,0.0,0,1.0,False,BackSquat
33095_3,33095,3,train,False,True,0.0,1.8800000000000001,1.8800000000000001,1,0.5026455026455026,False,BackSquat
33096_3,33096,3,val,False,False,0.0,0.0,0.0,0,1.0,False,BackSquat
33103_2,33103,2,train,False,False,0.0,0.0,0.0,0,1.0,False,BackSquat
33104_4,33104,4,train,False,False,0.0,0.0,0.0,0,1.0,False,BackSquat
33117_1,33117,1,train,False,True,0.0,1.0799999999999998,1.0799999999999998,1,0.7142857142857143,False,BackSquat
33124_2,33124,2,train,False,True,0.0,1.79,1.79,1,0.5264550264550264,False,BackSquat
33127_2,33127,2,train,False,True,0.0,1.73,1.73,1,0.5423280423280423,False,BackSquat
33133_3,33133,3,test,False,True,0.0,1.95,1.95,1,0.4841269841269841,False,BackSquat
33146_1,33146,1,train,False,True,0.0,2.9899999999999998,2.9899999999999998,1,0.20899470899470907,False,BackSquat
33151_1,33151,1,test,False,False,0.0,0.0,0.0,0,1.0,False,BackSquat
33153_4,33153,4,train,False,True,0.0,1.5099999999999998,1.5099999999999998,1,0.6005291005291006,False,BackSquat
33154_1,33154,1,train,False,False,0.0,0.0,0.0,0,1.0,False,BackSquat
33159_5,33159,5,train,False,False,0.0,0.0,0.0,0,1.0,False,BackSquat
33166_1,33166,1,train,False,True,0.0,1.3399999999999999,1.3399999999999999,1,0.6455026455026456,False,BackSquat
33170_1,33170,1,train,True,True,0.8800000000000001,1.47,2.35,2,0.37830687830687826,False,BackSquat
33171_1,33171,1,train,False,True,0.0,3.3499999999999996,3.3499999999999996,1,0.11375661375661383,False,BackSquat
33172_4,33172,4,train,False,False,0.0,0.0,0.0,0,1.0,False,BackSquat
33176_3,33176,3,test,True,True,2.16,1.5500000000000003,3.7100000000000004,2,0.01851851851851838,False,BackSquat
33194_1,33194,1,train,False,True,0.0,1.01,1.01,1,0.7328042328042328,False,BackSquat
33203_1,33203,1,val,False,True,0.0,2.8600000000000003,2.8600000000000003,1,0.24338624338624326,False,BackSquat
33205_1,33205,1,train,False,True,0.0,1.5899999999999999,1.5899999999999999,1,0.5793650793650793,False,BackSquat
33207_1,33207,1,train,True,False,2.74,0.0,2.74,1,0.275132275132275,False,BackSquat
33218_2,33218,2,train,False,True,0.0,2.5,2.5,1,0.3386243386243386,False,BackSquat
33223_1,33223,1,train,True,True,1.02,1.5099999999999998,2.53,2,0.3306878306878307,False,BackSquat
33229_2,33229,2,train,False,True,0.0,2.2699999999999996,2.2699999999999996,1,0.39947089947089953,False,BackSquat
33233_1,33233,1,train,False,True,0.0,2.7599999999999993,2.7599999999999993,1,0.26984126984127,False,BackSquat
33234_1,33234,1,train,True,True,1.8900000000000001,1.77,3.66,2,0.03174603174603163,False,BackSquat
33235_2,33235,2,val,False,True,0.0,1.2399999999999998,1.2399999999999998,1,0.671957671957672,False,BackSquat
33236_3,33236,3,train,False,True,0.0,1.6,1.6,1,0.5767195767195767,False,BackSquat
33238_3,33238,3,train,False,True,0.0,1.81,1.81,1,0.5211640211640212,False,BackSquat
33245_2,33245,2,test,False,False,0.0,0.0,0.0,0,1.0,False,BackSquat
33248_3,33248,3,train,False,False,0.0,0.0,0.0,0,1.0,False,BackSquat
33253_2,33253,2,train,False,True,0.0,2.69,2.69,1,0.28835978835978837,False,BackSquat
33254_1,33254,1,train,False,True,0.0,2.1799999999999997,2.1799999999999997,1,0.42328042328042337,False,BackSquat
33273_1,33273,1,train,False,True,0.0,1.3,1.3,1,0.656084656084656,False,BackSquat
33277_10,33277,10,val,False,True,0.0,1.9499999999999997,1.9499999999999997,1,0.4841269841269842,False,BackSquat
33279_1,33279,1,val,True,True,1.92,3.2699999999999996,5.1899999999999995,2,0.0,False,BackSquat
33284_1,33284,1,test,False,True,0.0,1.73,1.73,1,0.5423280423280423,False,BackSquat
33289_4,33289,4,train,False,True,0.0,2.4899999999999998,2.4899999999999998,1,0.3412698412698413,False,BackSquat
33290_1,33290,1,train,False,False,0.0,0.0,0.0,0,1.0,False,BackSquat
33297_2,33297,2,val,False,False,0.0,0.0,0.0,0,1.0,False,BackSquat
33300_1,33300,1,train,False,True,0.0,3.2199999999999998,3.2199999999999998,1,0.14814814814814814,False,BackSquat
33301_1,33301,1,test,True,True,1.74,3.03,4.77,2,0.0,False,BackSquat
33303_1,33303,1,test,False,True,0.0,4.47,4.47,1,0.0,False,BackSquat
33305_8,33305,8,train,False,False,0.0,0.0,0.0,0,1.0,False,BackSquat
33316_1,33316,1,test,False,True,0.0,0.2200000000000002,0.2200000000000002,1,0.9417989417989417,False,BackSquat
33322_3,33322,3,val,False,True,0.0,2.42,2.42,1,0.35978835978835977,False,BackSquat
33329_5,33329,5,val,True,False,1.0400000000000003,0.0,1.0400000000000003,1,0.7248677248677248,False,BackSquat
33330_3,33330,3,train,False,False,0.0,0.0,0.0,0,1.0,False,BackSquat
33334_2,33334,2,val,False,True,0.0,1.27,1.27,1,0.664021164021164,False,BackSquat
33345_1,33345,1,train,False,False,0.0,0.0,0.0,0,1.0,False,BackSquat
33348_2,33348,2,train,False,True,0.0,1.17,1.17,1,0.6904761904761905,False,BackSquat
33357_2,33357,2,train,False,True,0.0,2.5400000000000005,2.5400000000000005,1,0.3280423280423279,False,BackSquat
33364_2,33364,2,train,False,True,0.0,1.6900000000000002,1.6900000000000002,1,0.5529100529100528,False,BackSquat
33367_1,33367,1,train,False,True,0.0,2.63,2.63,1,0.3042328042328042,False,BackSquat
33373_5,33373,5,test,True,True,1.05,1.0699999999999998,2.12,2,0.4391534391534391,False,BackSquat
33374_2,33374,2,val,False,True,0.0,0.88,0.88,1,0.7671957671957672,False,BackSquat
33375_5,33375,5,train,True,True,3.0,3.72,6.720000000000001,2,0.0,False,BackSquat
33384_1,33384,1,val,False,True,0.0,2.6799999999999997,2.6799999999999997,1,0.29100529100529104,False,BackSquat
33387_1,33387,1,train,True,False,1.2799999999999998,0.0,1.2799999999999998,1,0.6613756613756614,False,BackSquat
33388_4,33388,4,train,False,False,0.0,0.0,0.0,0,1.0,False,BackSquat
33406_8,33406,8,val,False,True,0.0,1.83,1.83,1,0.5158730158730158,False,BackSquat
33417_1,33417,1,train,False,True,0.0,1.27,1.27,1,0.664021164021164,False,BackSquat
33419_4,33419,4,train,False,True,0.0,0.9099999999999999,0.9099999999999999,1,0.7592592592592593,False,BackSquat
33425_1,33425,1,train,False,True,0.0,3.32,3.32,1,0.12169312169312174,False,BackSquat
33427_1,33427,1,val,False,True,0.0,1.6399999999999997,1.6399999999999997,1,0.5661375661375663,False,BackSquat
33430_2,33430,2,train,False,True,0.0,2.56,2.56,1,0.3227513227513227,False,BackSquat
33432_2,33432,2,train,True,True,1.17,2.0,3.17,2,0.1613756613756614,False,BackSquat
33433_2,33433,2,train,False,True,0.0,1.75,1.75,1,0.537037037037037,False,BackSquat
33434_1,33434,1,train,False,True,0.0,1.08,1.08,1,0.7142857142857142,False,BackSquat
33440_2,33440,2,train,False,False,0.0,0.0,0.0,0,1.0,False,BackSquat
33454_1,33454,1,train,False,False,0.0,0.0,0.0,0,1.0,False,BackSquat
33461_2,33461,2,train,False,True,0.0,1.58,1.58,1,0.582010582010582,False,BackSquat
33466_5,33466,5,train,False,True,0.0,1.9499999999999997,1.9499999999999997,1,0.4841269841269842,False,BackSquat
33468_2,33468,2,train,False,True,0.0,0.7299999999999995,0.7299999999999995,1,0.806878306878307,False,BackSquat
33483_2,33483,2,train,False,False,0.0,0.0,0.0,0,1.0,False,BackSquat
33485_2,33485,2,train,False,True,0.0,1.32,1.32,1,0.6507936507936507,False,BackSquat
33491_1,33491,1,train,False,True,0.0,2.22,2.22,1,0.41269841269841256,False,BackSquat
33497_1,33497,1,train,False,False,0.0,0.0,0.0,0,1.0,False,BackSquat
33499_1,33499,1,train,False,False,0.0,0.0,0.0,0,1.0,False,BackSquat
33500_3,33500,3,train,False,True,0.0,2.02,2.02,1,0.4656084656084656,False,BackSquat
33503_2,33503,2,test,False,True,0.0,3.16,3.16,1,0.16402116402116396,False,BackSquat
33511_1,33511,1,train,False,False,0.0,0.0,0.0,0,1.0,False,BackSquat
33513_1,33513,1,train,False,False,0.0,0.0,0.0,0,1.0,False,BackSquat
33532_1,33532,1,train,False,True,0.0,5.23,5.23,1,0.0,False,BackSquat
33540_2,33540,2,train,False,True,0.0,1.54,1.54,1,0.5925925925925926,False,BackSquat
33547_1,33547,1,train,False,False,0.0,0.0,0.0,0,1.0,False,BackSquat
33552_4,33552,4,train,False,False,0.0,0.0,0.0,0,1.0,False,BackSquat
33554_3,33554,3,test,False,False,0.0,0.0,0.0,0,1.0,False,BackSquat
33555_5,33555,5,train,False,True,0.0,1.53,1.53,1,0.5952380952380952,False,BackSquat
33561_3,33561,3,test,False,True,0.0,1.3,1.3,1,0.656084656084656,False,BackSquat
33565_1,33565,1,test,False,True,0.0,1.3499999999999999,1.3499999999999999,1,0.6428571428571428,False,BackSquat
33576_2,33576,2,train,True,True,6.9,4.93,11.83,2,0.0,False,BackSquat
33577_1,33577,1,val,False,False,0.0,0.0,0.0,0,1.0,False,BackSquat
33584_1,33584,1,train,False,False,0.0,0.0,0.0,0,1.0,False,BackSquat
33591_1,33591,1,train,True,True,2.34,2.06,4.4,2,0.0,False,BackSquat
33594_1,33594,1,train,True,True,0.97,0.7200000000000002,1.6900000000000002,2,0.5529100529100528,False,BackSquat
33596_1,33596,1,val,False,True,0.0,4.0600000000000005,4.0600000000000005,1,0.0,False,BackSquat
33599_4,33599,4,val,False,True,0.0,1.6900000000000002,1.6900000000000002,1,0.5529100529100528,False,BackSquat
33601_2,33601,2,train,False,True,0.0,1.6500000000000001,1.6500000000000001,1,0.5634920634920635,False,BackSquat
33603_1,33603,1,train,False,True,0.0,2.3200000000000003,2.3200000000000003,1,0.38624338624338617,False,BackSquat
33608_4,33608,4,train,False,True,0.0,2.1500000000000004,2.1500000000000004,1,0.43121693121693105,False,BackSquat
33620_4,33620,4,train,True,True,2.36,1.28,3.6399999999999997,2,0.03703703703703709,False,BackSquat
33626_1,33626,1,train,False,True,0.0,1.99,1.99,1,0.4735449735449735,False,BackSquat
33628_4,33628,4,test,False,True,0.0,0.5300000000000002,0.5300000000000002,1,0.8597883597883598,False,BackSquat
33630_2,33630,2,train,False,True,0.0,1.75,1.75,1,0.537037037037037,False,BackSquat
33634_10,33634,10,test,False,False,0.0,0.0,0.0,0,1.0,False,BackSquat
33641_3,33641,3,train,False,True,0.0,1.4500000000000002,1.4500000000000002,1,0.6164021164021163,False,BackSquat
33643_1,33643,1,val,False,True,0.0,0.7799999999999998,0.7799999999999998,1,0.7936507936507937,False,BackSquat
33648_1,33648,1,train,False,True,0.0,3.3400000000000003,3.3400000000000003,1,0.11640211640211628,False,BackSquat
33652_1,33652,1,test,False,False,0.0,0.0,0.0,0,1.0,False,BackSquat
33654_3,33654,3,train,False,True,0.0,1.25,1.25,1,0.6693121693121693,False,BackSquat
33658_1,33658,1,train,True,True,2.6900000000000004,2.21,4.9,2,0.0,False,BackSquat
33659_3,33659,3,train,False,False,0.0,0.0,0.0,0,1.0,False,BackSquat
33660_8,33660,8,test,False,False,0.0,0.0,0.0,0,1.0,False,BackSquat
33663_3,33663,3,train,False,True,0.0,3.5699999999999994,3.5699999999999994,1,0.05555555555555569,False,BackSquat
33666_7,33666,7,train,False,False,0.0,0.0,0.0,0,1.0,False,BackSquat
33667_1,33667,1,train,False,True,0.0,1.83,1.83,1,0.5158730158730158,False,BackSquat
33671_1,33671,1,train,False,True,0.0,1.1999999999999997,1.1999999999999997,1,0.6825396825396826,False,BackSquat
33675_1,33675,1,train,False,True,0.0,2.4299999999999997,2.4299999999999997,1,0.3571428571428572,False,BackSquat
33676_1,33676,1,train,False,True,0.0,3.1,3.1,1,0.17989417989417977,False,BackSquat
33691_4,33691,4,train,False,True,0.0,1.5699999999999998,1.5699999999999998,1,0.5846560846560847,False,BackSquat
33725_2,33725,2,train,False,True,0.0,1.65,1.65,1,0.5634920634920635,False,BackSquat
33726_5,33726,5,train,False,False,0.0,0.0,0.0,0,1.0,False,BackSquat
33729_4,33729,4,test,False,True,0.0,1.03,1.03,1,0.7275132275132274,False,BackSquat
33735_8,33735,8,train,False,False,0.0,0.0,0.0,0,1.0,False,BackSquat
33736_1,33736,1,train,False,True,0.0,1.1499999999999997,1.1499999999999997,1,0.6957671957671958,False,BackSquat
33742_1,33742,1,test,False,True,0.0,1.61,1.61,1,0.574074074074074,False,BackSquat
33743_1,33743,1,val,False,False,0.0,0.0,0.0,0,1.0,False,BackSquat
33747_2,33747,2,val,False,True,0.0,1.92,1.92,1,0.4920634920634921,False,BackSquat
33752_3,33752,3,train,False,False,0.0,0.0,0.0,0,1.0,False,BackSquat
33758_1,33758,1,test,False,True,0.0,2.8499999999999996,2.8499999999999996,1,0.24603174603174605,False,BackSquat
33765_1,33765,1,train,False,False,0.0,0.0,0.0,0,1.0,False,BackSquat
33775_3,33775,3,val,True,True,0.9600000000000002,1.95,2.91,2,0.23015873015873012,False,BackSquat
33777_8,33777,8,val,False,True,0.0,1.34,1.34,1,0.6455026455026455,False,BackSquat
33786_6,33786,6,train,False,True,0.0,1.1300000000000008,1.1300000000000008,1,0.7010582010582008,False,BackSquat
33791_3,33791,3,val,False,True,0.0,1.87,1.87,1,0.5052910052910052,False,BackSquat
33793_6,33793,6,train,False,False,0.0,0.0,0.0,0,1.0,False,BackSquat
33805_1,33805,1,train,False,True,0.0,1.04,1.04,1,0.7248677248677249,False,BackSquat
33809_1,33809,1,train,False,True,0.0,1.41,1.41,1,0.626984126984127,False,BackSquat
33816_1,33816,1,train,False,True,0.0,0.9999999999999999,0.9999999999999999,1,0.7354497354497355,False,BackSquat
33819_1,33819,1,val,False,True,0.0,0.98,0.98,1,0.7407407407407407,False,BackSquat
33824_4,33824,4,train,False,True,0.0,1.8599999999999999,1.8599999999999999,1,0.5079365079365079,False,BackSquat
33827_1,33827,1,train,False,True,0.0,2.59,2.59,1,0.31481481481481477,False,BackSquat
33838_3,33838,3,train,False,True,0.0,2.19,2.19,1,0.4206349206349206,False,BackSquat
33839_1,33839,1,train,False,True,0.0,1.0100000000000002,1.0100000000000002,1,0.7328042328042328,False,BackSquat
33843_1,33843,1,test,False,True,0.0,0.9299999999999999,0.9299999999999999,1,0.753968253968254,False,BackSquat
33844_2,33844,2,train,False,False,0.0,0.0,0.0,0,1.0,False,BackSquat
33845_1,33845,1,train,False,True,0.0,1.24,1.24,1,0.6719576719576719,False,BackSquat
33847_2,33847,2,test,False,True,0.0,1.31,1.31,1,0.6534391534391535,False,BackSquat
33850_1,33850,1,test,False,True,0.0,1.6500000000000004,1.6500000000000004,1,0.5634920634920634,False,BackSquat
33860_3,33860,3,train,False,False,0.0,0.0,0.0,0,1.0,False,BackSquat
33868_1,33868,1,train,False,True,0.0,1.53,1.53,1,0.5952380952380952,False,BackSquat
33876_9,33876,9,train,False,False,0.0,0.0,0.0,0,1.0,False,BackSquat
33877_2,33877,2,test,False,True,0.0,1.02,1.02,1,0.7301587301587301,False,BackSquat
33881_2,33881,2,train,False,True,0.0,1.1099999999999999,1.1099999999999999,1,0.7063492063492064,False,BackSquat
33882_2,33882,2,train,False,True,0.0,1.08,1.08,1,0.7142857142857142,False,BackSquat
33883_3,33883,3,test,False,True,0.0,2.45,2.45,1,0.35185185185185175,False,BackSquat
33884_1,33884,1,train,False,False,0.0,0.0,0.0,0,1.0,False,BackSquat
33891_1,33891,1,train,False,True,0.0,1.7499999999999998,1.7499999999999998,1,0.5370370370370371,False,BackSquat
36015_1,36015,1,train,False,False,0.0,0.0,0.0,0,1.0,False,BackSquat
36021_1,36021,1,train,False,True,0.0,2.2100000000000004,2.2100000000000004,1,0.41534391534391524,False,BackSquat
36025_1,36025,1,train,False,False,0.0,0.0,0.0,0,1.0,False,BackSquat
36035_2,36035,2,val,False,True,0.0,0.9700000000000002,0.9700000000000002,1,0.7433862433862433,False,BackSquat
36037_2,36037,2,train,False,True,0.0,1.2200000000000002,1.2200000000000002,1,0.6772486772486772,False,BackSquat
36041_6,36041,6,test,False,True,0.0,2.18,2.18,1,0.42328042328042326,False,BackSquat
36043_3,36043,3,val,False,False,0.0,0.0,0.0,0,1.0,False,BackSquat
36046_4,36046,4,train,False,True,0.0,1.13,1.13,1,0.701058201058201,False,BackSquat
36049_2,36049,2,val,False,True,0.0,2.25,2.25,1,0.40476190476190477,False,BackSquat
36058_3,36058,3,test,False,False,0.0,0.0,0.0,0,1.0,False,BackSquat
36077_1,36077,1,test,False,True,0.0,1.35,1.35,1,0.6428571428571428,False,BackSquat
36081_3,36081,3,train,False,False,0.0,0.0,0.0,0,1.0,False,BackSquat
36083_1,36083,1,train,False,True,0.0,1.41,1.41,1,0.626984126984127,False,BackSquat
36085_1,36085,1,train,False,False,0.0,0.0,0.0,0,1.0,False,BackSquat
36088_1,36088,1,train,False,True,0.0,2.0200000000000005,2.0200000000000005,1,0.46560846560846547,False,BackSquat
36091_2,36091,2,train,False,True,0.0,1.85,1.85,1,0.5105820105820105,False,BackSquat
36092_3,36092,3,train,False,True,0.0,2.9699999999999998,2.9699999999999998,1,0.2142857142857143,False,BackSquat
36093_1,36093,1,val,False,True,0.0,3.74,3.74,1,0.01058201058201047,False,BackSquat
36107_1,36107,1,train,False,True,0.0,0.9800000000000001,0.9800000000000001,1,0.7407407407407407,False,BackSquat
36110_8,36110,8,train,False,False,0.0,0.0,0.0,0,1.0,False,BackSquat
36113_1,36113,1,train,False,False,0.0,0.0,0.0,0,1.0,False,BackSquat
36124_1,36124,1,train,False,True,0.0,2.27,2.27,1,0.3994708994708994,False,BackSquat
36129_2,36129,2,train,False,True,0.0,2.1799999999999997,2.1799999999999997,1,0.42328042328042337,False,BackSquat
36131_1,36131,1,train,False,True,0.0,1.29,1.29,1,0.6587301587301587,False,BackSquat
36133_2,36133,2,train,False,True,0.0,1.04,1.04,1,0.7248677248677249,False,BackSquat
36138_3,36138,3,val,False,True,0.0,2.62,2.62,1,0.30687830687830686,False,BackSquat
36143_1,36143,1,test,True,True,1.8399999999999999,3.8200000000000003,5.66,2,0.0,False,BackSquat
36145_1,36145,1,train,False,False,0.0,0.0,0.0,0,1.0,False,BackSquat
36150_1,36150,1,train,False,True,0.0,1.7400000000000002,1.7400000000000002,1,0.5396825396825395,False,BackSquat
36154_3,36154,3,train,False,True,0.0,1.6999999999999997,1.6999999999999997,1,0.5502645502645502,False,BackSquat
36155_3,36155,3,train,False,True,0.0,2.04,2.04,1,0.46031746031746024,False,BackSquat
36158_2,36158,2,train,False,True,0.0,2.09,2.09,1,0.4470899470899471,False,BackSquat
36165_1,36165,1,train,False,True,0.0,1.3,1.3,1,0.656084656084656,False,BackSquat
36166_1,36166,1,train,False,False,0.0,0.0,0.0,0,1.0,False,BackSquat
36170_1,36170,1,train,True,True,3.74,3.8499999999999996,7.59,2,0.0,False,BackSquat
36186_3,36186,3,train,False,True,0.0,1.3599999999999999,1.3599999999999999,1,0.6402116402116402,False,BackSquat
36190_2,36190,2,train,False,True,0.0,1.4200000000000002,1.4200000000000002,1,0.6243386243386243,False,BackSquat
36206_2,36206,2,train,False,False,0.0,0.0,0.0,0,1.0,False,BackSquat
36212_3,36212,3,val,False,False,0.0,0.0,0.0,0,1.0,False,BackSquat
36221_1,36221,1,test,False,False,0.0,0.0,0.0,0,1.0,False,BackSquat
36222_1,36222,1,test,False,False,0.0,0.0,0.0,0,1.0,False,BackSquat
36224_1,36224,1,train,False,False,0.0,0.0,0.0,0,1.0,False,BackSquat
36233_1,36233,1,test,False,True,0.0,2.3199999999999994,2.3199999999999994,1,0.3862433862433864,False,BackSquat
36236_2,36236,2,test,False,False,0.0,0.0,0.0,0,1.0,False,BackSquat
36238_5,36238,5,train,False,True,0.0,1.4100000000000001,1.4100000000000001,1,0.626984126984127,False,BackSquat
36240_1,36240,1,train,True,True,1.6399999999999997,1.69,3.3299999999999996,2,0.11904761904761907,False,BackSquat
36243_3,36243,3,val,False,True,0.0,1.27,1.27,1,0.664021164021164,False,BackSquat
36249_1,36249,1,train,False,True,0.0,1.7999999999999998,1.7999999999999998,1,0.5238095238095238,False,BackSquat
36254_3,36254,3,test,False,False,0.0,0.0,0.0,0,1.0,False,BackSquat
36257_1,36257,1,train,True,True,1.2999999999999998,0.8700000000000001,2.17,2,0.42592592592592593,False,BackSquat
36258_1,36258,1,train,False,True,0.0,1.5699999999999998,1.5699999999999998,1,0.5846560846560847,False,BackSquat
36261_1,36261,1,train,False,True,0.0,4.869999999999999,4.869999999999999,1,0.0,False,BackSquat
36264_2,36264,2,train,False,True,0.0,2.03,2.03,1,0.462962962962963,False,BackSquat
36267_1,36267,1,train,False,True,0.0,1.21,1.21,1,0.6798941798941799,False,BackSquat
36269_1,36269,1,train,True,True,1.1700000000000002,1.5300000000000002,2.7,2,0.2857142857142856,False,BackSquat
36271_3,36271,3,train,False,True,0.0,1.4500000000000002,1.4500000000000002,1,0.6164021164021163,False,BackSquat
36275_2,36275,2,test,False,False,0.0,0.0,0.0,0,1.0,False,BackSquat
36276_4,36276,4,test,False,True,0.0,1.4100000000000001,1.4100000000000001,1,0.626984126984127,False,BackSquat
36288_3,36288,3,test,True,True,0.6599999999999999,0.5099999999999998,1.1699999999999997,2,0.6904761904761905,False,BackSquat
36289_4,36289,4,train,False,True,0.0,1.54,1.54,1,0.5925925925925926,False,BackSquat
36292_2,36292,2,train,False,True,0.0,1.7999999999999998,1.7999999999999998,1,0.5238095238095238,False,BackSquat
36295_1,36295,1,train,False,False,0.0,0.0,0.0,0,1.0,False,BackSquat
36308_2,36308,2,train,False,True,0.0,1.12,1.12,1,0.7037037037037037,False,BackSquat
36309_3,36309,3,train,False,True,0.0,1.4400000000000002,1.4400000000000002,1,0.619047619047619,False,BackSquat
36318_5,36318,5,train,False,False,0.0,0.0,0.0,0,1.0,False,BackSquat
36324_1,36324,1,train,False,False,0.0,0.0,0.0,0,1.0,False,BackSquat
36325_1,36325,1,train,True,True,2.51,3.1100000000000003,5.62,2,0.0,False,BackSquat
36329_2,36329,2,train,False,True,0.0,2.4000000000000004,2.4000000000000004,1,0.365079365079365,False,BackSquat
36345_3,36345,3,val,False,True,0.0,1.97,1.97,1,0.47883597883597884,False,BackSquat
36350_4,36350,4,test,False,True,0.0,0.9900000000000001,0.9900000000000001,1,0.7380952380952381,False,BackSquat
36351_11,36351,11,val,True,True,0.3999999999999999,0.69,1.0899999999999999,2,0.7116402116402116,False,BackSquat
36354_2,36354,2,train,False,True,0.0,1.4,1.4,1,0.6296296296296297,False,BackSquat
36358_1,36358,1,train,False,True,0.0,5.0600000000000005,5.0600000000000005,1,0.0,False,BackSquat
36359_3,36359,3,train,False,False,0.0,0.0,0.0,0,1.0,False,BackSquat
36360_2,36360,2,val,False,True,0.0,0.96,0.96,1,0.746031746031746,False,BackSquat
36362_6,36362,6,train,False,True,0.0,1.0799999999999998,1.0799999999999998,1,0.7142857142857143,False,BackSquat
36365_3,36365,3,val,False,True,0.0,2.41,2.41,1,0.36243386243386233,False,BackSquat
36371_2,36371,2,train,False,True,0.0,3.4400000000000004,3.4400000000000004,1,0.08994708994708978,False,BackSquat
36373_1,36373,1,train,False,True,0.0,1.6300000000000001,1.6300000000000001,1,0.5687830687830687,False,BackSquat
36375_1,36375,1,val,False,True,0.0,2.73,2.73,1,0.2777777777777778,False,BackSquat
36389_4,36389,4,train,False,True,0.0,1.44,1.44,1,0.6190476190476191,False,BackSquat
36399_1,36399,1,train,False,True,0.0,1.98,1.98,1,0.47619047619047616,False,BackSquat
36408_2,36408,2,train,False,True,0.0,1.65,1.65,1,0.5634920634920635,False,BackSquat
36431_1,36431,1,train,False,True,0.0,4.47,4.47,1,0.0,False,BackSquat
36434_2,36434,2,train,False,False,0.0,0.0,0.0,0,1.0,False,BackSquat
36449_2,36449,2,train,False,True,0.0,3.3699999999999997,3.3699999999999997,1,0.10846560846560849,False,BackSquat
36450_1,36450,1,val,False,False,0.0,0.0,0.0,0,1.0,False,BackSquat
36453_3,36453,3,train,False,True,0.0,0.7999999999999999,0.7999999999999999,1,0.7883597883597884,False,BackSquat
36464_2,36464,2,test,True,True,2.16,1.19,3.35,2,0.11375661375661372,False,BackSquat
36471_2,36471,2,test,False,True,0.0,2.5500000000000003,2.5500000000000003,1,0.32539682539682524,False,BackSquat
36474_2,36474,2,train,False,True,0.0,1.67,1.67,1,0.5582010582010581,False,BackSquat
36475_5,36475,5,train,False,False,0.0,0.0,0.0,0,1.0,False,BackSquat
36477_2,36477,2,train,False,True,0.0,1.41,1.41,1,0.626984126984127,False,BackSquat
36478_7,36478,7,train,False,True,0.0,1.14,1.14,1,0.6984126984126984,False,BackSquat
36493_2,36493,2,test,False,True,0.0,0.8899999999999999,0.8899999999999999,1,0.7645502645502645,False,BackSquat
36497_2,36497,2,train,False,False,0.0,0.0,0.0,0,1.0,False,BackSquat
36499_1,36499,1,train,False,True,0.0,0.8000000000000003,0.8000000000000003,1,0.7883597883597883,False,BackSquat
36501_1,36501,1,train,False,True,0.0,0.9499999999999997,0.9499999999999997,1,0.7486772486772487,False,BackSquat
36502_2,36502,2,train,False,True,0.0,3.8299999999999996,3.8299999999999996,1,0.0,False,BackSquat
36504_1,36504,1,train,False,True,0.0,1.36,1.36,1,0.6402116402116402,False,BackSquat
36506_1,36506,1,train,False,True,0.0,1.15,1.15,1,0.6957671957671958,False,BackSquat
36511_1,36511,1,train,False,True,0.0,1.3399999999999999,1.3399999999999999,1,0.6455026455026456,False,BackSquat
36533_5,36533,5,test,True,True,0.4099999999999999,1.15,1.5599999999999998,2,0.5873015873015873,False,BackSquat
36534_5,36534,5,test,False,True,0.0,1.1800000000000002,1.1800000000000002,1,0.6878306878306878,False,BackSquat
36544_1,36544,1,train,False,True,0.0,2.51,2.51,1,0.33597883597883604,False,BackSquat
36548_3,36548,3,train,True,True,0.77,1.7000000000000002,2.47,2,0.3465608465608465,False,BackSquat
36552_1,36552,1,val,False,True,0.0,0.96,0.96,1,0.746031746031746,False,BackSquat
36563_2,36563,2,train,False,False,0.0,0.0,0.0,0,1.0,False,BackSquat
36584_1,36584,1,train,False,True,0.0,1.33,1.33,1,0.6481481481481481,False,BackSquat
36585_1,36585,1,test,False,True,0.0,3.8499999999999996,3.8499999999999996,1,0.0,False,BackSquat
36586_1,36586,1,train,False,True,0.0,3.9699999999999993,3.9699999999999993,1,0.0,False,BackSquat
36598_10,36598,10,train,False,True,0.0,1.1,1.1,1,0.708994708994709,False,BackSquat
36599_2,36599,2,val,False,True,0.0,1.5100000000000002,1.5100000000000002,1,0.6005291005291005,False,BackSquat
36602_4,36602,4,train,False,True,0.0,2.6500000000000004,2.6500000000000004,1,0.29894179894179884,False,BackSquat
36613_2,36613,2,train,False,True,0.0,1.6199999999999999,1.6199999999999999,1,0.5714285714285714,False,BackSquat
36614_10,36614,10,train,False,True,0.0,1.58,1.58,1,0.582010582010582,False,BackSquat
36627_3,36627,3,train,False,False,0.0,0.0,0.0,0,1.0,False,BackSquat
36638_1,36638,1,test,False,True,0.0,1.5899999999999999,1.5899999999999999,1,0.5793650793650793,False,BackSquat
36640_1,36640,1,train,False,True,0.0,1.9,1.9,1,0.4973544973544973,False,BackSquat
36644_6,36644,6,val,False,True,0.0,1.02,1.02,1,0.7301587301587301,False,BackSquat
36653_2,36653,2,train,False,False,0.0,0.0,0.0,0,1.0,False,BackSquat
36654_1,36654,1,val,False,True,0.0,2.4099999999999997,2.4099999999999997,1,0.36243386243386244,False,BackSquat
36663_1,36663,1,val,True,True,3.62,4.28,7.9,2,0.0,False,BackSquat
36667_1,36667,1,train,False,False,0.0,0.0,0.0,0,1.0,False,BackSquat
36669_2,36669,2,train,False,False,0.0,0.0,0.0,0,1.0,False,BackSquat
36672_1,36672,1,val,False,False,0.0,0.0,0.0,0,1.0,False,BackSquat
36679_5,36679,5,train,True,False,1.1099999999999999,0.0,1.1099999999999999,1,0.7063492063492064,False,BackSquat
36680_12,36680,12,test,False,True,0.0,3.41,3.41,1,0.0978835978835978,False,BackSquat
36687_3,36687,3,train,False,False,0.0,0.0,0.0,0,1.0,False,BackSquat
36706_4,36706,4,train,False,False,0.0,0.0,0.0,0,1.0,False,BackSquat
36709_1,36709,1,val,False,True,0.0,1.7500000000000004,1.7500000000000004,1,0.5370370370370369,False,BackSquat
36718_4,36718,4,train,False,True,0.0,1.2399999999999998,1.2399999999999998,1,0.671957671957672,False,BackSquat
36730_1,36730,1,train,False,True,0.0,1.2800000000000002,1.2800000000000002,1,0.6613756613756613,False,BackSquat
36731_1,36731,1,train,True,True,1.88,3.27,5.15,2,0.0,False,BackSquat
36732_3,36732,3,test,False,True,0.0,2.29,2.29,1,0.3941798941798942,False,BackSquat
36738_3,36738,3,train,False,True,0.0,1.2200000000000002,1.2200000000000002,1,0.6772486772486772,False,BackSquat
36740_1,36740,1,train,False,True,0.0,1.6400000000000001,1.6400000000000001,1,0.566137566137566,False,BackSquat
36745_2,36745,2,train,False,True,0.0,3.65,3.65,1,0.03439153439153442,False,BackSquat
36746_1,36746,1,val,False,True,0.0,4.3,4.3,1,0.0,False,BackSquat
36748_2,36748,2,train,False,True,0.0,0.8899999999999999,0.8899999999999999,1,0.7645502645502645,False,BackSquat
36759_3,36759,3,train,True,True,2.96,2.75,5.71,2,0.0,False,BackSquat
36761_2,36761,2,train,False,False,0.0,0.0,0.0,0,1.0,False,BackSquat
36769_1,36769,1,val,False,False,0.0,0.0,0.0,0,1.0,False,BackSquat
36772_6,36772,6,train,False,True,0.0,0.89,0.89,1,0.7645502645502645,False,BackSquat
36777_4,36777,4,val,False,True,0.0,2.0700000000000003,2.0700000000000003,1,0.45238095238095233,False,BackSquat
36784_1,36784,1,train,False,True,0.0,3.05,3.05,1,0.19312169312169314,False,BackSquat
36788_2,36788,2,train,False,True,0.0,2.75,2.75,1,0.27248677248677244,False,BackSquat
36796_1,36796,1,train,False,True,0.0,1.15,1.15,1,0.6957671957671958,False,BackSquat
36808_1,36808,1,train,False,True,0.0,1.1099999999999999,1.1099999999999999,1,0.7063492063492064,False,BackSquat
36809_2,36809,2,test,False,True,0.0,2.0,2.0,1,0.4708994708994708,False,BackSquat
36810_1,36810,1,train,False,True,0.0,1.2399999999999998,1.2399999999999998,1,0.671957671957672,False,BackSquat
36819_6,36819,6,train,False,False,0.0,0.0,0.0,0,1.0,False,BackSquat
36821_3,36821,3,test,True,True,2.1999999999999997,2.4799999999999995,4.68,2,0.0,False,BackSquat
36823_7,36823,7,train,False,True,0.0,0.9600000000000001,0.9600000000000001,1,0.746031746031746,False,BackSquat
36828_1,36828,1,train,False,True,0.0,1.71,1.71,1,0.5476190476190477,False,BackSquat
36833_7,36833,7,train,False,True,0.0,1.02,1.02,1,0.7301587301587301,False,BackSquat
36835_1,36835,1,train,False,True,0.0,2.9,2.9,1,0.2328042328042328,False,BackSquat
36836_4,36836,4,train,False,False,0.0,0.0,0.0,0,1.0,False,BackSquat
36839_2,36839,2,train,False,True,0.0,2.79,2.79,1,0.26190476190476186,False,BackSquat
36848_1,36848,1,train,False,False,0.0,0.0,0.0,0,1.0,False,BackSquat
36858_1,36858,1,train,False,True,0.0,2.9000000000000004,2.9000000000000004,1,0.23280423280423268,False,BackSquat
36865_3,36865,3,test,False,True,0.0,1.57,1.57,1,0.5846560846560847,False,BackSquat
36873_2,36873,2,train,False,True,0.0,1.64,1.64,1,0.5661375661375662,False,BackSquat
36880_1,36880,1,train,True,True,1.3199999999999998,1.42,2.7399999999999998,2,0.2751322751322751,False,BackSquat
36885_2,36885,2,train,True,False,1.9700000000000002,0.0,1.9700000000000002,1,0.4788359788359787,False,BackSquat
36887_2,36887,2,train,True,True,3.2300000000000004,3.249999999999999,6.4799999999999995,2,0.0,False,BackSquat
36889_2,36889,2,train,False,True,0.0,3.3500000000000005,3.3500000000000005,1,0.11375661375661361,False,BackSquat
36893_1,36893,1,train,False,False,0.0,0.0,0.0,0,1.0,False,BackSquat
36897_1,36897,1,val,False,False,0.0,0.0,0.0,0,1.0,False,BackSquat
36898_6,36898,6,train,False,False,0.0,0.0,0.0,0,1.0,False,BackSquat
36899_1,36899,1,val,False,False,0.0,0.0,0.0,0,1.0,False,BackSquat
36900_2,36900,2,train,True,False,2.6300000000000003,0.0,2.6300000000000003,1,0.3042328042328041,False,BackSquat
36907_1,36907,1,test,False,True,0.0,2.96,2.96,1,0.21693121693121686,False,BackSquat
36910_1,36910,1,train,False,False,0.0,0.0,0.0,0,1.0,False,BackSquat
36911_2,36911,2,train,False,False,0.0,0.0,0.0,0,1.0,False,BackSquat
36915_5,36915,5,train,False,False,0.0,0.0,0.0,0,1.0,False,BackSquat
36926_4,36926,4,val,False,True,0.0,1.0699999999999998,1.0699999999999998,1,0.716931216931217,False,BackSquat
36930_6,36930,6,train,False,False,0.0,0.0,0.0,0,1.0,False,BackSquat
36938_5,36938,5,train,False,True,0.0,1.29,1.29,1,0.6587301587301587,False,BackSquat
36940_6,36940,6,test,False,False,0.0,0.0,0.0,0,1.0,False,BackSquat
36943_3,36943,3,train,False,True,0.0,1.0299999999999998,1.0299999999999998,1,0.7275132275132276,False,BackSquat
36947_1,36947,1,test,False,True,0.0,1.3599999999999999,1.3599999999999999,1,0.6402116402116402,False,BackSquat
36953_1,36953,1,train,False,True,0.0,1.44,1.44,1,0.6190476190476191,False,BackSquat
36954_2,36954,2,train,False,True,0.0,1.4500000000000002,1.4500000000000002,1,0.6164021164021163,False,BackSquat
36963_1,36963,1,train,False,False,0.0,0.0,0.0,0,1.0,False,BackSquat
36964_1,36964,1,test,False,False,0.0,0.0,0.0,0,1.0,False,BackSquat
36965_6,36965,6,train,False,False,0.0,0.0,0.0,0,1.0,False,BackSquat
36968_1,36968,1,train,False,True,0.0,2.7300000000000004,2.7300000000000004,1,0.2777777777777777,False,BackSquat
36971_9,36971,9,val,False,True,0.0,1.31,1.31,1,0.6534391534391535,False,BackSquat
36974_2,36974,2,test,False,False,0.0,0.0,0.0,0,1.0,False,BackSquat
36975_1,36975,1,test,False,True,0.0,1.9099999999999997,1.9099999999999997,1,0.49470899470899476,False,BackSquat
36977_2,36977,2,train,False,True,0.0,1.06,1.06,1,0.7195767195767195,False,BackSquat
36978_4,36978,4,test,False,True,0.0,0.94,0.94,1,0.7513227513227514,False,BackSquat
36979_1,36979,1,val,False,True,0.0,3.49,3.49,1,0.07671957671957663,False,BackSquat
36980_1,36980,1,test,False,True,0.0,1.0099999999999998,1.0099999999999998,1,0.7328042328042328,False,BackSquat
36983_4,36983,4,train,False,True,0.0,0.8999999999999999,0.8999999999999999,1,0.7619047619047619,False,BackSquat
36984_4,36984,4,val,False,True,0.0,2.3,2.3,1,0.3915343915343915,False,BackSquat
36990_1,36990,1,train,True,True,3.5599999999999996,2.79,6.35,2,0.0,False,BackSquat
36991_2,36991,2,train,False,True,0.0,4.2700000000000005,4.2700000000000005,1,0.0,False,BackSquat
36997_1,36997,1,train,False,True,0.0,1.37,1.37,1,0.6375661375661374,False,BackSquat
37000_1,37000,1,train,False,True,0.0,1.2599999999999998,1.2599999999999998,1,0.6666666666666667,False,BackSquat
37022_1,37022,1,test,False,True,0.0,2.51,2.51,1,0.33597883597883604,False,BackSquat
37067_1,37067,1,train,False,True,0.0,3.23,3.23,1,0.14550264550264547,False,BackSquat
37069_1,37069,1,train,False,True,0.0,1.09,1.09,1,0.7116402116402116,False,BackSquat
37070_1,37070,1,train,False,True,0.0,2.6,2.6,1,0.3121693121693121,False,BackSquat
37072_3,37072,3,train,False,True,0.0,1.67,1.67,1,0.5582010582010581,False,BackSquat
37073_2,37073,2,train,False,True,0.0,0.6300000000000001,0.6300000000000001,1,0.8333333333333333,False,BackSquat
37076_1,37076,1,train,False,True,0.0,0.9199999999999999,0.9199999999999999,1,0.7566137566137566,False,BackSquat
37077_2,37077,2,val,False,False,0.0,0.0,0.0,0,1.0,False,BackSquat
37080_4,37080,4,val,False,True,0.0,1.9100000000000001,1.9100000000000001,1,0.49470899470899465,False,BackSquat
37081_1,37081,1,train,False,True,0.0,1.47,1.47,1,0.6111111111111112,False,BackSquat
37083_1,37083,1,test,False,False,0.0,0.0,0.0,0,1.0,False,BackSquat
37092_1,37092,1,train,False,True,0.0,1.12,1.12,1,0.7037037037037037,False,BackSquat
37093_3,37093,3,train,False,False,0.0,0.0,0.0,0,1.0,False,BackSquat
37094_1,37094,1,train,False,True,0.0,2.1099999999999994,2.1099999999999994,1,0.44179894179894197,False,BackSquat
37095_5,37095,5,train,False,False,0.0,0.0,0.0,0,1.0,False,BackSquat
37099_7,37099,7,val,False,False,0.0,0.0,0.0,0,1.0,False,BackSquat
37100_3,37100,3,train,False,True,0.0,2.0,2.0,1,0.4708994708994708,False,BackSquat
37105_3,37105,3,train,False,False,0.0,0.0,0.0,0,1.0,False,BackSquat
37108_11,37108,11,test,False,True,0.0,1.33,1.33,1,0.6481481481481481,False,BackSquat
37114_1,37114,1,train,False,True,0.0,1.2999999999999998,1.2999999999999998,1,0.656084656084656,False,BackSquat
37117_1,37117,1,test,False,True,0.0,1.9400000000000004,1.9400000000000004,1,0.48677248677248663,False,BackSquat
37120_3,37120,3,train,False,False,0.0,0.0,0.0,0,1.0,False,BackSquat
37121_13,37121,13,train,False,False,0.0,0.0,0.0,0,1.0,False,BackSquat
37122_4,37122,4,val,False,True,0.0,1.2999999999999998,1.2999999999999998,1,0.656084656084656,False,BackSquat
37131_1,37131,1,train,False,False,0.0,0.0,0.0,0,1.0,False,BackSquat
37135_3,37135,3,train,False,False,0.0,0.0,0.0,0,1.0,False,BackSquat
37137_1,37137,1,val,False,True,0.0,2.09,2.09,1,0.4470899470899471,False,BackSquat
37139_1,37139,1,val,True,False,0.73,0.0,0.73,1,0.8068783068783069,False,BackSquat
37145_1,37145,1,train,False,True,0.0,1.2800000000000002,1.2800000000000002,1,0.6613756613756613,False,BackSquat
37151_1,37151,1,train,False,True,0.0,4.08,4.08,1,0.0,False,BackSquat
37164_1,37164,1,train,False,False,0.0,0.0,0.0,0,1.0,False,BackSquat
37165_2,37165,2,train,False,True,0.0,1.1800000000000002,1.1800000000000002,1,0.6878306878306878,True,BackSquat
37172_2,37172,2,train,False,True,0.0,0.9400000000000001,0.9400000000000001,1,0.7513227513227513,False,BackSquat
37173_1,37173,1,test,False,True,0.0,1.17,1.17,1,0.6904761904761905,False,BackSquat
37179_1,37179,1,train,False,True,0.0,3.3200000000000003,3.3200000000000003,1,0.12169312169312152,False,BackSquat
37180_2,37180,2,train,False,True,0.0,1.3599999999999999,1.3599999999999999,1,0.6402116402116402,False,BackSquat
37193_1,37193,1,train,False,True,0.0,2.0300000000000002,2.0300000000000002,1,0.4629629629629629,False,BackSquat
37196_5,37196,5,train,False,True,0.0,1.7300000000000002,1.7300000000000002,1,0.5423280423280423,False,BackSquat
37197_5,37197,5,train,True,True,1.5400000000000003,1.1999999999999997,2.74,2,0.275132275132275,False,BackSquat
37203_3,37203,3,val,False,False,0.0,0.0,0.0,0,1.0,False,BackSquat
37205_5,37205,5,train,True,True,1.21,1.1700000000000002,2.38,2,0.37037037037037035,False,BackSquat
37206_3,37206,3,train,False,True,0.0,0.76,0.76,1,0.798941798941799,False,BackSquat
37214_1,37214,1,test,False,True,0.0,2.35,2.35,1,0.37830687830687826,False,BackSquat
37215_5,37215,5,train,False,False,0.0,0.0,0.0,0,1.0,False,BackSquat
37219_5,37219,5,val,False,False,0.0,0.0,0.0,0,1.0,False,BackSquat
37223_1,37223,1,train,False,True,0.0,3.7200000000000006,3.7200000000000006,1,0.015873015873015706,False,BackSquat
37224_1,37224,1,val,False,True,0.0,2.29,2.29,1,0.3941798941798942,False,BackSquat
37238_1,37238,1,train,False,True,0.0,2.01,2.01,1,0.46825396825396826,False,BackSquat
37242_1,37242,1,train,False,True,0.0,1.04,1.04,1,0.7248677248677249,False,BackSquat
37249_4,37249,4,test,False,False,0.0,0.0,0.0,0,1.0,False,BackSquat
37250_4,37250,4,test,False,False,0.0,0.0,0.0,0,1.0,False,BackSquat
37251_1,37251,1,train,False,True,0.0,1.5900000000000003,1.5900000000000003,1,0.5793650793650793,False,BackSquat
37261_2,37261,2,val,False,True,0.0,2.1700000000000004,2.1700000000000004,1,0.4259259259259258,False,BackSquat
37262_2,37262,2,test,False,True,0.0,2.0999999999999996,2.0999999999999996,1,0.44444444444444453,False,BackSquat
37265_1,37265,1,test,False,True,0.0,2.9099999999999997,2.9099999999999997,1,0.23015873015873023,False,BackSquat
37278_3,37278,3,train,False,False,0.0,0.0,0.0,0,1.0,False,BackSquat
37286_1,37286,1,test,True,True,3.2600000000000002,2.8400000000000003,6.1000000000000005,2,0.0,False,BackSquat
37287_2,37287,2,train,False,True,0.0,1.58,1.58,1,0.582010582010582,False,BackSquat
37292_4,37292,4,val,False,False,0.0,0.0,0.0,0,1.0,False,BackSquat
37295_2,37295,2,train,False,True,0.0,2.4299999999999997,2.4299999999999997,1,0.3571428571428572,False,BackSquat
37300_6,37300,6,train,False,True,0.0,0.8999999999999999,0.8999999999999999,1,0.7619047619047619,False,BackSquat
37304_1,37304,1,train,False,True,0.0,2.46,2.46,1,0.3492063492063492,False,BackSquat
37305_3,37305,3,train,False,True,0.0,1.1,1.1,1,0.708994708994709,False,BackSquat
37327_1,37327,1,train,False,True,0.0,2.4,2.4,1,0.3650793650793651,False,BackSquat
37337_1,37337,1,train,False,True,0.0,0.8200000000000003,0.8200000000000003,1,0.783068783068783,False,BackSquat
37340_1,37340,1,train,False,True,0.0,2.2199999999999998,2.2199999999999998,1,0.4126984126984128,False,BackSquat
37342_4,37342,4,train,False,True,0.0,1.9,1.9,1,0.4973544973544973,False,BackSquat
37351_3,37351,3,train,False,True,0.0,1.63,1.63,1,0.5687830687830688,False,BackSquat
37362_7,37362,7,train,False,False,0.0,0.0,0.0,0,1.0,False,BackSquat
37367_2,37367,2,train,False,True,0.0,1.8699999999999999,1.8699999999999999,1,0.5052910052910053,False,BackSquat
37371_1,37371,1,train,False,True,0.0,0.8300000000000001,0.8300000000000001,1,0.7804232804232804,False,BackSquat
37376_2,37376,2,train,False,False,0.0,0.0,0.0,0,1.0,False,BackSquat
37389_1,37389,1,train,False,False,0.0,0.0,0.0,0,1.0,False,BackSquat
37394_4,37394,4,train,False,True,0.0,1.07,1.07,1,0.716931216931217,False,BackSquat
37400_2,37400,2,train,False,False,0.0,0.0,0.0,0,1.0,False,BackSquat
37403_1,37403,1,train,False,True,0.0,1.3800000000000003,1.3800000000000003,1,0.6349206349206349,False,BackSquat
37405_1,37405,1,train,True,True,1.7400000000000002,1.1600000000000001,2.9000000000000004,2,0.23280423280423268,False,BackSquat
37410_1,37410,1,train,False,False,0.0,0.0,0.0,0,1.0,False,BackSquat
37412_1,37412,1,train,False,True,0.0,1.33,1.33,1,0.6481481481481481,False,BackSquat
37413_6,37413,6,train,False,False,0.0,0.0,0.0,0,1.0,False,BackSquat
37421_2,37421,2,train,False,False,0.0,0.0,0.0,0,1.0,False,BackSquat
37423_1,37423,1,train,True,True,1.0799999999999998,1.54,2.62,2,0.30687830687830686,False,BackSquat
37427_2,37427,2,train,False,False,0.0,0.0,0.0,0,1.0,False,BackSquat
37428_1,37428,1,train,False,True,0.0,0.9700000000000002,0.9700000000000002,1,0.7433862433862433,False,BackSquat
37429_1,37429,1,test,False,True,0.0,1.67,1.67,1,0.5582010582010581,False,BackSquat
37430_2,37430,2,train,False,True,0.0,0.9299999999999999,0.9299999999999999,1,0.753968253968254,False,BackSquat
37432_2,37432,2,train,False,True,0.0,3.3,3.3,1,0.12698412698412698,False,BackSquat
37448_1,37448,1,train,False,True,0.0,2.31,2.31,1,0.38888888888888884,False,BackSquat
37453_6,37453,6,train,False,False,0.0,0.0,0.0,0,1.0,False,BackSquat
37455_1,37455,1,train,False,True,0.0,5.69,5.69,1,0.0,False,BackSquat
37456_6,37456,6,test,False,True,0.0,1.06,1.06,1,0.7195767195767195,False,BackSquat
37457_2,37457,2,train,False,False,0.0,0.0,0.0,0,1.0,False,BackSquat
37460_16,37460,16,val,False,False,0.0,0.0,0.0,0,1.0,False,BackSquat
37471_3,37471,3,val,False,True,0.0,2.9499999999999997,2.9499999999999997,1,0.21957671957671965,False,BackSquat
37474_3,37474,3,train,False,True,0.0,1.1500000000000001,1.1500000000000001,1,0.6957671957671957,False,BackSquat
37478_3,37478,3,train,False,True,0.0,3.4899999999999998,3.4899999999999998,1,0.07671957671957674,False,BackSquat
37483_1,37483,1,train,False,True,0.0,2.52,2.52,1,0.33333333333333326,False,BackSquat
37485_4,37485,4,test,False,True,0.0,1.48,1.48,1,0.6084656084656084,False,BackSquat
37490_4,37490,4,train,False,False,0.0,0.0,0.0,0,1.0,False,BackSquat
37491_2,37491,2,test,False,False,0.0,0.0,0.0,0,1.0,False,BackSquat
37498_1,37498,1,train,False,True,0.0,1.3900000000000001,1.3900000000000001,1,0.6322751322751322,False,BackSquat
37499_1,37499,1,test,False,False,0.0,0.0,0.0,0,1.0,False,BackSquat
37500_6,37500,6,train,False,True,0.0,1.0899999999999999,1.0899999999999999,1,0.7116402116402116,False,BackSquat
37504_1,37504,1,train,True,False,3.27,0.0,3.27,1,0.13492063492063489,False,BackSquat
37508_2,37508,2,train,False,True,0.0,2.26,2.26,1,0.4021164021164021,False,BackSquat
37517_7,37517,7,train,False,False,0.0,0.0,0.0,0,1.0,False,BackSquat
37521_1,37521,1,train,False,False,0.0,0.0,0.0,0,1.0,False,BackSquat
37524_2,37524,2,train,False,True,0.0,1.33,1.33,1,0.6481481481481481,False,BackSquat
37526_1,37526,1,train,False,True,0.0,1.6199999999999999,1.6199999999999999,1,0.5714285714285714,False,BackSquat
37527_2,37527,2,train,False,True,0.0,1.35,1.35,1,0.6428571428571428,False,BackSquat
37531_7,37531,7,train,False,False,0.0,0.0,0.0,0,1.0,False,BackSquat
37535_2,37535,2,train,False,False,0.0,0.0,0.0,0,1.0,False,BackSquat
37547_1,37547,1,train,False,False,0.0,0.0,0.0,0,1.0,False,BackSquat
37555_3,37555,3,train,False,False,0.0,0.0,0.0,0,1.0,False,BackSquat
37556_3,37556,3,train,False,False,0.0,0.0,0.0,0,1.0,False,BackSquat
37561_1,37561,1,test,False,True,0.0,1.44,1.44,1,0.6190476190476191,False,BackSquat
37568_2,37568,2,train,True,True,1.17,3.93,5.1,2,0.0,False,BackSquat
37576_1,37576,1,train,True,True,1.8499999999999999,1.18,3.03,2,0.19841269841269837,False,BackSquat
37580_1,37580,1,train,False,True,0.0,0.9299999999999999,0.9299999999999999,1,0.753968253968254,False,BackSquat
37582_2,37582,2,train,False,False,0.0,0.0,0.0,0,1.0,False,BackSquat
37586_1,37586,1,train,False,False,0.0,0.0,0.0,0,1.0,False,BackSquat
37587_4,37587,4,train,False,True,0.0,1.03,1.03,1,0.7275132275132274,False,BackSquat
37589_1,37589,1,train,False,True,0.0,2.63,2.63,1,0.3042328042328042,False,BackSquat
37596_1,37596,1,train,False,True,0.0,0.9900000000000002,0.9900000000000002,1,0.738095238095238,False,BackSquat
37597_3,37597,3,train,False,False,0.0,0.0,0.0,0,1.0,False,BackSquat
37603_1,37603,1,train,False,True,0.0,3.1500000000000004,3.1500000000000004,1,0.16666666666666652,False,BackSquat
37605_7,37605,7,train,False,True,0.0,1.4100000000000001,1.4100000000000001,1,0.626984126984127,False,BackSquat
37609_3,37609,3,val,False,True,0.0,1.2200000000000002,1.2200000000000002,1,0.6772486772486772,False,BackSquat
37611_1,37611,1,val,False,True,0.0,1.87,1.87,1,0.5052910052910052,False,BackSquat
37615_1,37615,1,train,False,True,0.0,1.0499999999999998,1.0499999999999998,1,0.7222222222222223,False,BackSquat
37618_2,37618,2,train,False,False,0.0,0.0,0.0,0,1.0,False,BackSquat
37619_2,37619,2,train,False,True,0.0,0.8400000000000001,0.8400000000000001,1,0.7777777777777777,False,BackSquat
37630_4,37630,4,test,False,False,0.0,0.0,0.0,0,1.0,False,BackSquat
37632_2,37632,2,val,False,False,0.0,0.0,0.0,0,1.0,False,BackSquat
37640_3,37640,3,test,False,True,0.0,3.7600000000000002,3.7600000000000002,1,0.005291005291005124,False,BackSquat
37643_3,37643,3,test,False,True,0.0,2.0,2.0,1,0.4708994708994708,False,BackSquat
37653_1,37653,1,val,False,True,0.0,1.3599999999999999,1.3599999999999999,1,0.6402116402116402,False,BackSquat
37662_2,37662,2,train,False,True,0.0,1.37,1.37,1,0.6375661375661374,False,BackSquat
37663_5,37663,5,train,False,False,0.0,0.0,0.0,0,1.0,False,BackSquat
37664_2,37664,2,train,False,True,0.0,2.2,2.2,1,0.4179894179894179,False,BackSquat
37665_1,37665,1,train,True,True,4.25,3.4499999999999997,7.699999999999999,2,0.0,False,BackSquat
37670_1,37670,1,train,False,True,0.0,3.27,3.27,1,0.13492063492063489,False,BackSquat
37673_12,37673,12,train,False,False,0.0,0.0,0.0,0,1.0,False,BackSquat
37676_1,37676,1,train,False,True,0.0,1.41,1.41,1,0.626984126984127,False,BackSquat
37682_2,37682,2,train,False,True,0.0,1.2399999999999998,1.2399999999999998,1,0.671957671957672,False,BackSquat
37691_1,37691,1,train,True,True,1.67,0.96,2.63,2,0.3042328042328042,False,BackSquat
37694_9,37694,9,train,False,False,0.0,0.0,0.0,0,1.0,False,BackSquat
37697_2,37697,2,train,False,False,0.0,0.0,0.0,0,1.0,False,BackSquat
37701_14,37701,14,train,False,False,0.0,0.0,0.0,0,1.0,False,BackSquat
37709_2,37709,2,train,True,True,0.45999999999999996,0.9600000000000002,1.4200000000000002,2,0.6243386243386243,False,BackSquat
37714_1,37714,1,train,False,True,0.0,2.25,2.25,1,0.40476190476190477,False,BackSquat
37720_2,37720,2,train,False,True,0.0,1.37,1.37,1,0.6375661375661374,False,BackSquat
37722_1,37722,1,train,False,True,0.0,1.0,1.0,1,0.7354497354497354,False,BackSquat
37723_2,37723,2,train,False,True,0.0,1.77,1.77,1,0.5317460317460317,False,BackSquat
37732_2,37732,2,val,False,False,0.0,0.0,0.0,0,1.0,False,BackSquat
37741_1,37741,1,train,False,True,0.0,0.5600000000000003,0.5600000000000003,1,0.8518518518518517,False,BackSquat
37755_1,37755,1,train,False,False,0.0,0.0,0.0,0,1.0,False,BackSquat
37756_1,37756,1,test,False,True,0.0,1.4,1.4,1,0.6296296296296297,False,BackSquat
37757_3,37757,3,train,False,False,0.0,0.0,0.0,0,1.0,False,BackSquat
37760_1,37760,1,train,False,True,0.0,0.9099999999999997,0.9099999999999997,1,0.7592592592592593,False,BackSquat
37761_1,37761,1,train,False,True,0.0,2.05,2.05,1,0.4576719576719577,False,BackSquat
37772_2,37772,2,train,False,False,0.0,0.0,0.0,0,1.0,False,BackSquat
37773_1,37773,1,train,False,True,0.0,1.0599999999999998,1.0599999999999998,1,0.7195767195767195,False,BackSquat
37774_1,37774,1,train,False,True,0.0,2.7199999999999998,2.7199999999999998,1,0.28042328042328046,False,BackSquat
37782_1,37782,1,val,False,False,0.0,0.0,0.0,0,1.0,False,BackSquat
37788_4,37788,4,test,False,False,0.0,0.0,0.0,0,1.0,False,BackSquat
37791_1,37791,1,test,False,True,0.0,0.9900000000000001,0.9900000000000001,1,0.7380952380952381,False,BackSquat
37795_2,37795,2,train,False,True,0.0,1.25,1.25,1,0.6693121693121693,False,BackSquat
37799_2,37799,2,train,False,False,0.0,0.0,0.0,0,1.0,False,BackSquat
37803_2,37803,2,train,False,True,0.0,2.94,2.94,1,0.2222222222222222,False,BackSquat
37805_1,37805,1,train,False,True,0.0,2.29,2.29,1,0.3941798941798942,False,BackSquat
37812_2,37812,2,train,False,False,0.0,0.0,0.0,0,1.0,False,BackSquat
37815_1,37815,1,val,False,True,0.0,2.6,2.6,1,0.3121693121693121,False,BackSquat
37819_8,37819,8,train,False,True,0.0,0.76,0.76,1,0.798941798941799,False,BackSquat
37820_1,37820,1,train,False,True,0.0,3.08,3.08,1,0.18518518518518512,False,BackSquat
37823_2,37823,2,val,False,True,0.0,1.8000000000000003,1.8000000000000003,1,0.5238095238095237,False,BackSquat
37824_2,37824,2,train,False,False,0.0,0.0,0.0,0,1.0,False,BackSquat
37839_1,37839,1,val,True,True,1.21,2.49,3.7,2,0.021164021164021052,False,BackSquat
37840_1,37840,1,train,False,False,0.0,0.0,0.0,0,1.0,False,BackSquat
37842_1,37842,1,test,False,True,0.0,1.77,1.77,1,0.5317460317460317,False,BackSquat
37844_1,37844,1,train,False,True,0.0,1.1600000000000001,1.1600000000000001,1,0.693121693121693,False,BackSquat
37858_1,37858,1,train,False,False,0.0,0.0,0.0,0,1.0,False,BackSquat
37859_4,37859,4,train,True,False,1.5300000000000002,0.0,1.5300000000000002,1,0.5952380952380951,False,BackSquat
37861_3,37861,3,train,False,False,0.0,0.0,0.0,0,1.0,False,BackSquat
37864_7,37864,7,train,False,False,0.0,0.0,0.0,0,1.0,False,BackSquat
37872_1,37872,1,train,False,False,0.0,0.0,0.0,0,1.0,False,BackSquat
37880_1,37880,1,train,False,False,0.0,0.0,0.0,0,1.0,False,BackSquat
37885_1,37885,1,train,False,False,0.0,0.0,0.0,0,1.0,False,BackSquat
37895_1,37895,1,train,False,True,0.0,1.32,1.32,1,0.6507936507936507,False,BackSquat
37902_1,37902,1,train,False,True,0.0,2.7800000000000002,2.7800000000000002,1,0.2645502645502644,False,BackSquat
37904_4,37904,4,train,False,True,0.0,1.7400000000000002,1.7400000000000002,1,0.5396825396825395,False,BackSquat
37906_3,37906,3,test,False,False,0.0,0.0,0.0,0,1.0,False,BackSquat
37908_2,37908,2,train,False,True,0.0,2.2700000000000005,2.2700000000000005,1,0.3994708994708993,False,BackSquat
37915_1,37915,1,train,False,True,0.0,0.9,0.9,1,0.7619047619047619,False,BackSquat
37917_4,37917,4,val,False,False,0.0,0.0,0.0,0,1.0,False,BackSquat
37927_1,37927,1,val,False,True,0.0,5.3,5.3,1,0.0,False,BackSquat
37935_2,37935,2,test,False,True,0.0,1.02,1.02,1,0.7301587301587301,False,BackSquat
37936_1,37936,1,train,False,True,0.0,0.8699999999999999,0.8699999999999999,1,0.7698412698412699,False,BackSquat
37941_3,37941,3,test,False,False,0.0,0.0,0.0,0,1.0,False,BackSquat
37958_1,37958,1,train,False,True,0.0,3.48,3.48,1,0.0793650793650793,False,BackSquat
37970_2,37970,2,train,False,True,0.0,1.19,1.19,1,0.6851851851851851,False,BackSquat
37973_1,37973,1,train,False,True,0.0,1.56,1.56,1,0.5873015873015872,False,BackSquat
37976_3,37976,3,val,False,True,0.0,1.9300000000000002,1.9300000000000002,1,0.4894179894179893,False,BackSquat
37979_2,37979,2,train,False,False,0.0,0.0,0.0,0,1.0,False,BackSquat
37980_2,37980,2,val,False,True,0.0,0.9099999999999999,0.9099999999999999,1,0.7592592592592593,False,BackSquat
37987_4,37987,4,train,True,True,1.22,2.19,3.41,2,0.0978835978835978,False,BackSquat
37994_1,37994,1,train,False,True,0.0,1.4199999999999995,1.4199999999999995,1,0.6243386243386244,False,BackSquat
37997_4,37997,4,train,False,True,0.0,1.9899999999999998,1.9899999999999998,1,0.4735449735449736,False,BackSquat
37998_1,37998,1,train,False,True,0.0,1.0699999999999998,1.0699999999999998,1,0.716931216931217,False,BackSquat
38000_1,38000,1,train,False,True,0.0,3.4,3.4,1,0.10052910052910047,False,BackSquat
38001_14,38001,14,train,False,True,0.0,0.7599999999999999,0.7599999999999999,1,0.798941798941799,False,BackSquat
38006_1,38006,1,train,False,True,0.0,1.38,1.38,1,0.6349206349206349,False,BackSquat
38008_1,38008,1,train,False,True,0.0,1.47,1.47,1,0.6111111111111112,False,BackSquat
38011_2,38011,2,train,False,True,0.0,2.25,2.25,1,0.40476190476190477,False,BackSquat
38018_2,38018,2,val,False,False,0.0,0.0,0.0,0,1.0,False,BackSquat
38023_1,38023,1,train,False,False,0.0,0.0,0.0,0,1.0,False,BackSquat
38028_7,38028,7,train,False,False,0.0,0.0,0.0,0,1.0,False,BackSquat
38029_1,38029,1,train,False,False,0.0,0.0,0.0,0,1.0,False,BackSquat
38032_1,38032,1,test,False,True,0.0,0.8099999999999999,0.8099999999999999,1,0.7857142857142857,False,BackSquat
38035_1,38035,1,test,False,True,0.0,1.2600000000000002,1.2600000000000002,1,0.6666666666666665,False,BackSquat
38040_1,38040,1,val,True,True,3.5100000000000007,2.6100000000000003,6.120000000000001,2,0.0,False,BackSquat
38045_1,38045,1,val,False,True,0.0,2.2399999999999998,2.2399999999999998,1,0.40740740740740744,False,BackSquat
38057_4,38057,4,train,False,True,0.0,1.46,1.46,1,0.6137566137566137,False,BackSquat
38060_7,38060,7,test,False,True,0.0,1.21,1.21,1,0.6798941798941799,False,BackSquat
38061_1,38061,1,train,False,True,0.0,1.5399999999999998,1.5399999999999998,1,0.5925925925925926,False,BackSquat
45823_6,45823,6,train,False,True,0.0,2.13,2.13,1,0.4365079365079365,False,BackSquat
45844_1,45844,1,train,False,False,0.0,0.0,0.0,0,1.0,False,BackSquat
45879_2,45879,2,train,False,True,0.0,1.0499999999999998,1.0499999999999998,1,0.7222222222222223,False,BackSquat
45890_3,45890,3,train,False,True,0.0,1.07,1.07,1,0.716931216931217,False,BackSquat
45896_11,45896,11,train,False,True,0.0,0.52,0.52,1,0.8624338624338624,False,BackSquat
45919_1,45919,1,train,False,True,0.0,1.1700000000000004,1.1700000000000004,1,0.6904761904761904,False,BackSquat
45944_1,45944,1,train,True,True,0.8799999999999999,1.2500000000000002,2.13,2,0.4365079365079365,False,BackSquat
45945_2,45945,2,val,False,False,0.0,0.0,0.0,0,1.0,False,BackSquat
45946_1,45946,1,train,True,True,3.8700000000000006,4.05,7.92,2,0.0,False,BackSquat
45950_1,45950,1,train,False,True,0.0,1.9500000000000002,1.9500000000000002,1,0.4841269841269841,False,BackSquat
45952_1,45952,1,train,False,True,0.0,2.2699999999999996,2.2699999999999996,1,0.39947089947089953,False,BackSquat
45954_2,45954,2,train,False,True,0.0,1.3099999999999998,1.3099999999999998,1,0.6534391534391535,False,BackSquat
45959_1,45959,1,test,False,True,0.0,2.8,2.8,1,0.2592592592592593,False,BackSquat
45968_3,45968,3,train,False,False,0.0,0.0,0.0,0,1.0,False,BackSquat
45970_1,45970,1,test,False,True,0.0,2.04,2.04,1,0.46031746031746024,False,BackSquat
45973_7,45973,7,train,False,True,0.0,0.8099999999999998,0.8099999999999998,1,0.7857142857142858,False,BackSquat
45984_2,45984,2,val,False,True,0.0,1.31,1.31,1,0.6534391534391535,False,BackSquat
45986_3,45986,3,train,False,True,0.0,0.9099999999999999,0.9099999999999999,1,0.7592592592592593,False,BackSquat
46001_4,46001,4,train,False,True,0.0,0.69,0.69,1,0.8174603174603174,False,BackSquat
46003_1,46003,1,train,False,False,0.0,0.0,0.0,0,1.0,False,BackSquat
46007_3,46007,3,train,True,True,1.3100000000000003,2.45,3.7600000000000007,2,0.005291005291005013,False,BackSquat
46010_3,46010,3,val,False,True,0.0,0.6600000000000001,0.6600000000000001,1,0.8253968253968254,False,BackSquat
46026_1,46026,1,train,False,True,0.0,0.8400000000000003,0.8400000000000003,1,0.7777777777777777,False,BackSquat
46029_1,46029,1,train,True,True,1.94,1.1499999999999995,3.0899999999999994,2,0.18253968253968267,False,BackSquat
46035_1,46035,1,test,True,True,1.38,2.62,4.0,2,0.0,False,BackSquat
46036_1,46036,1,train,False,False,0.0,0.0,0.0,0,1.0,False,BackSquat
46039_1,46039,1,test,False,True,0.0,2.1799999999999997,2.1799999999999997,1,0.42328042328042337,False,BackSquat
46043_4,46043,4,train,False,True,0.0,0.7000000000000002,0.7000000000000002,1,0.8148148148148148,False,BackSquat
46047_1,46047,1,val,False,False,0.0,0.0,0.0,0,1.0,False,BackSquat
46051_1,46051,1,train,True,True,1.88,1.5200000000000005,3.4000000000000004,2,0.10052910052910036,False,BackSquat
46057_2,46057,2,train,False,False,0.0,0.0,0.0,0,1.0,False,BackSquat
46064_1,46064,1,train,True,True,1.46,1.04,2.5,2,0.3386243386243386,False,BackSquat
46067_1,46067,1,test,True,True,1.37,1.97,3.34,2,0.1164021164021164,False,BackSquat
46073_1,46073,1,train,False,True,0.0,3.21,3.21,1,0.1507936507936508,False,BackSquat
46076_3,46076,3,train,False,True,0.0,1.29,1.29,1,0.6587301587301587,False,BackSquat
46081_1,46081,1,train,True,True,1.74,1.3099999999999996,3.05,2,0.19312169312169314,False,BackSquat
46082_4,46082,4,val,False,False,0.0,0.0,0.0,0,1.0,False,BackSquat
46085_2,46085,2,val,False,False,0.0,0.0,0.0,0,1.0,False,BackSquat
46087_1,46087,1,train,False,True,0.0,1.9200000000000002,1.9200000000000002,1,0.492063492063492,False,BackSquat
46091_6,46091,6,train,False,False,0.0,0.0,0.0,0,1.0,False,BackSquat
46093_1,46093,1,train,False,True,0.0,1.19,1.19,1,0.6851851851851851,False,BackSquat
46095_1,46095,1,test,False,False,0.0,0.0,0.0,0,1.0,False,BackSquat
46100_3,46100,3,train,True,True,1.46,1.3000000000000003,2.7600000000000002,2,0.26984126984126977,False,BackSquat
46101_3,46101,3,test,False,False,0.0,0.0,0.0,0,1.0,False,BackSquat
46103_2,46103,2,val,False,True,0.0,2.2600000000000002,2.2600000000000002,1,0.402116402116402,False,BackSquat
46108_1,46108,1,train,False,True,0.0,1.63,1.63,1,0.5687830687830688,False,BackSquat
46109_1,46109,1,train,False,True,0.0,1.3599999999999999,1.3599999999999999,1,0.6402116402116402,False,BackSquat
46113_5,46113,5,train,False,True,0.0,0.8400000000000001,0.8400000000000001,1,0.7777777777777777,False,BackSquat
46125_10,46125,10,train,False,False,0.0,0.0,0.0,0,1.0,False,BackSquat
46129_9,46129,9,val,False,False,0.0,0.0,0.0,0,1.0,False,BackSquat
46133_1,46133,1,train,False,True,0.0,0.79,0.79,1,0.7910052910052909,False,BackSquat
46134_1,46134,1,train,False,False,0.0,0.0,0.0,0,1.0,False,BackSquat
46136_4,46136,4,train,False,True,0.0,1.38,1.38,1,0.6349206349206349,False,BackSquat
46146_4,46146,4,test,False,False,0.0,0.0,0.0,0,1.0,False,BackSquat
46156_1,46156,1,train,False,True,0.0,1.4899999999999998,1.4899999999999998,1,0.6058201058201058,False,BackSquat
46159_1,46159,1,train,False,True,0.0,2.23,2.23,1,0.41005291005291,False,BackSquat
46160_1,46160,1,train,False,True,0.0,0.9100000000000001,0.9100000000000001,1,0.7592592592592592,False,BackSquat
46165_1,46165,1,train,True,False,0.9700000000000006,0.0,0.9700000000000006,1,0.7433862433862433,False,BackSquat
46167_1,46167,1,test,False,True,0.0,1.2799999999999998,1.2799999999999998,1,0.6613756613756614,False,BackSquat
46174_1,46174,1,test,False,False,0.0,0.0,0.0,0,1.0,False,BackSquat
46178_2,46178,2,train,False,True,0.0,0.5800000000000001,0.5800000000000001,1,0.8465608465608465,False,BackSquat
46183_3,46183,3,val,False,False,0.0,0.0,0.0,0,1.0,False,BackSquat
46185_2,46185,2,train,False,False,0.0,0.0,0.0,0,1.0,False,BackSquat
46186_4,46186,4,test,True,True,1.73,2.89,4.62,2,0.0,False,BackSquat
46187_1,46187,1,test,False,True,0.0,1.3100000000000003,1.3100000000000003,1,0.6534391534391534,False,BackSquat
46190_11,46190,11,train,False,False,0.0,0.0,0.0,0,1.0,False,BackSquat
46191_2,46191,2,train,False,True,0.0,0.7600000000000001,0.7600000000000001,1,0.7989417989417988,False,BackSquat
46205_1,46205,1,val,False,False,0.0,0.0,0.0,0,1.0,False,BackSquat
46207_2,46207,2,val,False,True,0.0,1.8600000000000003,1.8600000000000003,1,0.5079365079365079,False,BackSquat
46209_3,46209,3,val,True,True,1.2100000000000004,2.56,3.7700000000000005,2,0.002645502645502451,False,BackSquat
46210_1,46210,1,train,False,True,0.0,1.5799999999999998,1.5799999999999998,1,0.5820105820105821,False,BackSquat
46213_1,46213,1,train,False,False,0.0,0.0,0.0,0,1.0,False,BackSquat
46216_1,46216,1,train,False,True,0.0,2.030000000000001,2.030000000000001,1,0.4629629629629627,False,BackSquat
46217_1,46217,1,val,False,True,0.0,3.5599999999999996,3.5599999999999996,1,0.05820105820105825,False,BackSquat
46220_7,46220,7,train,True,True,0.7900000000000003,1.44,2.2300000000000004,2,0.4100529100529099,False,BackSquat
46221_3,46221,3,train,True,False,1.53,0.0,1.53,1,0.5952380952380952,False,BackSquat
46230_1,46230,1,train,False,True,0.0,1.29,1.29,1,0.6587301587301587,False,BackSquat
46233_1,46233,1,train,False,True,0.0,0.8700000000000001,0.8700000000000001,1,0.7698412698412698,False,BackSquat
46239_5,46239,5,test,False,True,0.0,0.8700000000000001,0.8700000000000001,1,0.7698412698412698,False,BackSquat
46243_1,46243,1,train,False,False,0.0,0.0,0.0,0,1.0,False,BackSquat
46247_1,46247,1,val,False,True,0.0,0.7700000000000005,0.7700000000000005,1,0.7962962962962962,False,BackSquat
46248_5,46248,5,train,False,True,0.0,1.73,1.73,1,0.5423280423280423,False,BackSquat
46252_1,46252,1,train,False,True,0.0,1.3399999999999994,1.3399999999999994,1,0.6455026455026456,False,BackSquat
46259_1,46259,1,train,False,True,0.0,1.21,1.21,1,0.6798941798941799,False,BackSquat
46261_2,46261,2,train,True,False,2.0300000000000002,0.0,2.0300000000000002,1,0.4629629629629629,False,BackSquat
46264_2,46264,2,train,False,False,0.0,0.0,0.0,0,1.0,False,BackSquat
46278_1,46278,1,train,False,True,0.0,1.1900000000000002,1.1900000000000002,1,0.6851851851851851,False,BackSquat
46280_1,46280,1,val,False,True,0.0,1.83,1.83,1,0.5158730158730158,False,BackSquat
46284_1,46284,1,train,False,True,0.0,4.07,4.07,1,0.0,False,BackSquat
46286_1,46286,1,train,False,True,0.0,1.9899999999999998,1.9899999999999998,1,0.4735449735449736,False,BackSquat
46289_3,46289,3,train,False,True,0.0,0.6600000000000001,0.6600000000000001,1,0.8253968253968254,False,BackSquat
46295_53,46295,53,train,False,True,0.0,1.59,1.59,1,0.5793650793650793,False,BackSquat
46302_3,46302,3,train,False,False,0.0,0.0,0.0,0,1.0,False,BackSquat
46305_2,46305,2,train,True,True,1.0200000000000002,0.7100000000000002,1.7300000000000004,2,0.5423280423280422,False,BackSquat
46307_6,46307,6,test,False,False,0.0,0.0,0.0,0,1.0,False,BackSquat
46308_1,46308,1,train,False,True,0.0,0.8499999999999996,0.8499999999999996,1,0.7751322751322752,False,BackSquat
46311_1,46311,1,train,False,True,0.0,1.6600000000000001,1.6600000000000001,1,0.5608465608465607,False,BackSquat
46312_2,46312,2,train,False,True,0.0,1.6000000000000005,1.6000000000000005,1,0.5767195767195765,False,BackSquat
46316_6,46316,6,val,False,True,0.0,1.2400000000000002,1.2400000000000002,1,0.6719576719576719,False,BackSquat
46319_1,46319,1,train,False,True,0.0,1.9400000000000002,1.9400000000000002,1,0.48677248677248675,False,BackSquat
46327_1,46327,1,train,False,True,0.0,3.11,3.11,1,0.1772486772486772,False,BackSquat
46332_3,46332,3,test,False,True,0.0,1.6400000000000001,1.6400000000000001,1,0.566137566137566,False,BackSquat
46334_2,46334,2,train,False,True,0.0,2.5,2.5,1,0.3386243386243386,False,BackSquat
46341_1,46341,1,train,True,True,1.3199999999999998,1.2999999999999998,2.6199999999999997,2,0.306878306878307,False,BackSquat
46342_4,46342,4,train,False,True,0.0,0.9500000000000001,0.9500000000000001,1,0.7486772486772486,False,BackSquat
46348_1,46348,1,train,False,True,0.0,1.9000000000000001,1.9000000000000001,1,0.4973544973544973,False,BackSquat
46356_3,46356,3,train,False,False,0.0,0.0,0.0,0,1.0,False,BackSquat
46359_1,46359,1,train,False,True,0.0,0.9699999999999998,0.9699999999999998,1,0.7433862433862435,False,BackSquat
46365_5,46365,5,test,True,True,1.54,2.16,3.7,2,0.021164021164021052,False,BackSquat
46367_1,46367,1,train,True,True,3.7800000000000002,2.9800000000000004,6.760000000000001,2,0.0,False,BackSquat
46372_1,46372,1,test,False,False,0.0,0.0,0.0,0,1.0,False,BackSquat
46376_1,46376,1,test,False,True,0.0,1.87,1.87,1,0.5052910052910052,False,BackSquat
46380_1,46380,1,val,False,False,0.0,0.0,0.0,0,1.0,False,BackSquat
46382_2,46382,2,train,False,True,0.0,2.3200000000000003,2.3200000000000003,1,0.38624338624338617,False,BackSquat
46385_1,46385,1,train,False,False,0.0,0.0,0.0,0,1.0,False,BackSquat
46396_3,46396,3,train,False,True,0.0,0.9099999999999997,0.9099999999999997,1,0.7592592592592593,False,BackSquat
46406_3,46406,3,val,False,True,0.0,1.37,1.37,1,0.6375661375661374,False,BackSquat
46407_1,46407,1,val,True,True,2.21,1.19,3.4,2,0.10052910052910047,False,BackSquat
46410_1,46410,1,train,False,True,0.0,1.1,1.1,1,0.708994708994709,False,BackSquat
46412_5,46412,5,train,False,False,0.0,0.0,0.0,0,1.0,False,BackSquat
46413_4,46413,4,train,False,True,0.0,2.0599999999999996,2.0599999999999996,1,0.4550264550264551,False,BackSquat
46417_1,46417,1,train,False,True,0.0,1.29,1.29,1,0.6587301587301587,False,BackSquat
46424_5,46424,5,train,False,True,0.0,0.9199999999999995,0.9199999999999995,1,0.7566137566137567,False,BackSquat
46435_1,46435,1,train,False,True,0.0,1.02,1.02,1,0.7301587301587301,False,BackSquat
46438_1,46438,1,train,False,True,0.0,0.6999999999999997,0.6999999999999997,1,0.8148148148148149,False,BackSquat
46445_1,46445,1,train,False,False,0.0,0.0,0.0,0,1.0,False,BackSquat
46448_1,46448,1,train,False,True,0.0,1.0599999999999996,1.0599999999999996,1,0.7195767195767196,False,BackSquat
46449_3,46449,3,train,False,False,0.0,0.0,0.0,0,1.0,False,BackSquat
46462_4,46462,4,val,True,True,2.0399999999999996,2.2100000000000004,4.25,2,0.0,False,BackSquat
46465_3,46465,3,val,False,True,0.0,1.1400000000000001,1.1400000000000001,1,0.6984126984126984,False,BackSquat
46466_3,46466,3,train,False,True,0.0,2.56,2.56,1,0.3227513227513227,False,BackSquat
46470_8,46470,8,val,False,False,0.0,0.0,0.0,0,1.0,False,BackSquat
46480_4,46480,4,train,False,True,0.0,0.95,0.95,1,0.7486772486772486,False,BackSquat
46482_2,46482,2,train,False,False,0.0,0.0,0.0,0,1.0,False,BackSquat
46484_11,46484,11,train,False,True,0.0,0.73,0.73,1,0.8068783068783069,False,BackSquat
46494_1,46494,1,test,False,True,0.0,2.2600000000000002,2.2600000000000002,1,0.402116402116402,False,BackSquat
46499_2,46499,2,train,False,False,0.0,0.0,0.0,0,1.0,False,BackSquat
46502_1,46502,1,train,True,False,1.0899999999999999,0.0,1.0899999999999999,1,0.7116402116402116,False,BackSquat
46504_3,46504,3,test,False,True,0.0,1.3599999999999999,1.3599999999999999,1,0.6402116402116402,False,BackSquat
46506_5,46506,5,val,False,True,0.0,0.9499999999999997,0.9499999999999997,1,0.7486772486772487,False,BackSquat
46507_2,46507,2,train,False,True,0.0,1.41,1.41,1,0.626984126984127,False,BackSquat
46509_1,46509,1,train,False,True,0.0,1.9100000000000001,1.9100000000000001,1,0.49470899470899465,False,BackSquat
46522_4,46522,4,train,False,True,0.0,1.03,1.03,1,0.7275132275132274,False,BackSquat
46526_1,46526,1,train,False,False,0.0,0.0,0.0,0,1.0,False,BackSquat
46529_3,46529,3,train,True,True,0.96,1.65,2.61,2,0.30952380952380953,False,BackSquat
46530_1,46530,1,train,False,True,0.0,1.8099999999999998,1.8099999999999998,1,0.5211640211640212,False,BackSquat
46537_1,46537,1,val,False,True,0.0,0.96,0.96,1,0.746031746031746,False,BackSquat
46546_4,46546,4,train,False,True,0.0,0.98,0.98,1,0.7407407407407407,False,BackSquat
46549_1,46549,1,train,False,True,0.0,0.81,0.81,1,0.7857142857142857,False,BackSquat
46550_1,46550,1,train,False,True,0.0,1.1300000000000003,1.1300000000000003,1,0.7010582010582009,False,BackSquat
46558_3,46558,3,train,False,False,0.0,0.0,0.0,0,1.0,False,BackSquat
46559_11,46559,11,val,False,False,0.0,0.0,0.0,0,1.0,False,BackSquat
46569_11,46569,11,val,False,False,0.0,0.0,0.0,0,1.0,False,BackSquat
46570_1,46570,1,val,False,True,0.0,2.58,2.58,1,0.31746031746031744,False,BackSquat
46571_3,46571,3,train,True,True,1.31,2.62,3.93,2,0.0,False,BackSquat
46572_1,46572,1,train,False,False,0.0,0.0,0.0,0,1.0,False,BackSquat
46579_1,46579,1,train,False,True,0.0,4.4399999999999995,4.4399999999999995,1,0.0,False,BackSquat
46583_1,46583,1,train,False,True,0.0,3.79,3.79,1,0.0,False,BackSquat
46587_7,46587,7,train,True,True,1.0999999999999999,0.6499999999999999,1.7499999999999998,2,0.5370370370370371,False,BackSquat
46589_2,46589,2,train,False,True,0.0,0.7299999999999999,0.7299999999999999,1,0.8068783068783069,False,BackSquat
46610_2,46610,2,train,False,True,0.0,1.4400000000000004,1.4400000000000004,1,0.6190476190476188,False,BackSquat
46616_20,46616,20,train,False,True,0.0,0.54,0.54,1,0.8571428571428571,False,BackSquat
46619_1,46619,1,train,True,True,1.4400000000000004,2.7700000000000005,4.210000000000001,2,0.0,False,BackSquat
46620_2,46620,2,train,True,True,0.6500000000000001,0.8,1.4500000000000002,2,0.6164021164021163,False,BackSquat
46621_1,46621,1,train,True,True,2.0599999999999996,1.6499999999999995,3.709999999999999,2,0.018518518518518712,False,BackSquat
46626_4,46626,4,test,False,True,0.0,1.12,1.12,1,0.7037037037037037,False,BackSquat
46627_3,46627,3,train,False,False,0.0,0.0,0.0,0,1.0,False,BackSquat
46628_6,46628,6,train,False,False,0.0,0.0,0.0,0,1.0,False,BackSquat
46648_1,46648,1,train,True,True,1.06,1.6700000000000002,2.7300000000000004,2,0.2777777777777777,False,BackSquat
46651_5,46651,5,train,False,False,0.0,0.0,0.0,0,1.0,False,BackSquat
46652_2,46652,2,train,False,False,0.0,0.0,0.0,0,1.0,False,BackSquat
46654_2,46654,2,val,False,True,0.0,1.19,1.19,1,0.6851851851851851,False,BackSquat
46655_1,46655,1,test,False,True,0.0,0.75,0.75,1,0.8015873015873016,False,BackSquat
46660_1,46660,1,train,False,True,0.0,1.6600000000000001,1.6600000000000001,1,0.5608465608465607,False,BackSquat
46667_4,46667,4,train,False,False,0.0,0.0,0.0,0,1.0,False,BackSquat
46669_2,46669,2,train,False,False,0.0,0.0,0.0,0,1.0,False,BackSquat
46677_1,46677,1,train,False,True,0.0,1.6400000000000001,1.6400000000000001,1,0.566137566137566,False,BackSquat
46684_1,46684,1,train,True,True,1.3399999999999999,2.46,3.8,2,0.0,False,BackSquat
46685_2,46685,2,test,True,False,0.5999999999999999,0.0,0.5999999999999999,1,0.8412698412698413,False,BackSquat
46701_1,46701,1,train,True,True,0.8799999999999999,2.29,3.17,2,0.1613756613756614,False,BackSquat
46706_1,46706,1,train,True,False,1.1000000000000005,0.0,1.1000000000000005,1,0.7089947089947088,False,BackSquat
46709_1,46709,1,train,False,True,0.0,0.7399999999999998,0.7399999999999998,1,0.8042328042328043,False,BackSquat
46714_1,46714,1,train,False,False,0.0,0.0,0.0,0,1.0,False,BackSquat
46723_2,46723,2,val,False,False,0.0,0.0,0.0,0,1.0,False,BackSquat
46724_5,46724,5,train,False,True,0.0,0.6499999999999999,0.6499999999999999,1,0.828042328042328,False,BackSquat
46725_1,46725,1,val,False,True,0.0,1.85,1.85,1,0.5105820105820105,False,BackSquat
46726_4,46726,4,train,False,False,0.0,0.0,0.0,0,1.0,False,BackSquat
46732_1,46732,1,train,False,True,0.0,2.2,2.2,1,0.4179894179894179,False,BackSquat
46734_1,46734,1,train,False,True,0.0,0.8300000000000001,0.8300000000000001,1,0.7804232804232804,False,BackSquat
46745_2,46745,2,val,False,True,0.0,0.41000000000000003,0.41000000000000003,1,0.8915343915343915,False,BackSquat
46749_4,46749,4,train,False,True,0.0,1.6400000000000001,1.6400000000000001,1,0.566137566137566,False,BackSquat
46755_1,46755,1,train,False,True,0.0,0.6099999999999999,0.6099999999999999,1,0.8386243386243386,False,BackSquat
46758_3,46758,3,val,False,True,0.0,1.0099999999999998,1.0099999999999998,1,0.7328042328042328,False,BackSquat
46762_2,46762,2,test,False,True,0.0,1.5099999999999998,1.5099999999999998,1,0.6005291005291006,False,BackSquat
46772_1,46772,1,train,False,True,0.0,4.0,4.0,1,0.0,False,BackSquat
46773_3,46773,3,train,False,True,0.0,1.9200000000000002,1.9200000000000002,1,0.492063492063492,False,BackSquat
46774_8,46774,8,train,False,True,0.0,1.4,1.4,1,0.6296296296296297,False,BackSquat
46777_1,46777,1,train,False,True,0.0,0.42999999999999994,0.42999999999999994,1,0.8862433862433863,False,BackSquat
46779_4,46779,4,train,True,True,0.5999999999999999,0.94,1.5399999999999998,2,0.5925925925925926,False,BackSquat
46782_3,46782,3,val,False,True,0.0,0.9700000000000002,0.9700000000000002,1,0.7433862433862433,False,BackSquat
46787_1,46787,1,val,False,True,0.0,0.9199999999999999,0.9199999999999999,1,0.7566137566137566,False,BackSquat
46810_8,46810,8,train,True,True,0.77,1.81,2.58,2,0.31746031746031744,False,BackSquat
46820_1,46820,1,val,False,False,0.0,0.0,0.0,0,1.0,False,BackSquat
46827_5,46827,5,train,False,True,0.0,1.16,1.16,1,0.6931216931216931,False,BackSquat
46839_1,46839,1,train,False,True,0.0,3.32,3.32,1,0.12169312169312174,False,BackSquat
46850_1,46850,1,train,False,False,0.0,0.0,0.0,0,1.0,False,BackSquat
46856_1,46856,1,test,False,True,0.0,1.9399999999999995,1.9399999999999995,1,0.48677248677248686,False,BackSquat
46865_1,46865,1,train,False,True,0.0,1.59,1.59,1,0.5793650793650793,False,BackSquat
46868_1,46868,1,val,False,True,0.0,0.9099999999999999,0.9099999999999999,1,0.7592592592592593,False,BackSquat
46869_2,46869,2,train,False,False,0.0,0.0,0.0,0,1.0,False,BackSquat
46876_1,46876,1,train,False,True,0.0,1.2199999999999998,1.2199999999999998,1,0.6772486772486773,False,BackSquat
46877_1,46877,1,train,False,False,0.0,0.0,0.0,0,1.0,False,BackSquat
46881_1,46881,1,train,False,False,0.0,0.0,0.0,0,1.0,False,BackSquat
46889_5,46889,5,train,False,False,0.0,0.0,0.0,0,1.0,False,BackSquat
46895_1,46895,1,train,False,True,0.0,0.9300000000000002,0.9300000000000002,1,0.753968253968254,False,BackSquat
46896_3,46896,3,train,False,False,0.0,0.0,0.0,0,1.0,False,BackSquat
46900_3,46900,3,test,False,True,0.0,1.65,1.65,1,0.5634920634920635,False,BackSquat
46904_6,46904,6,train,False,True,0.0,1.7899999999999996,1.7899999999999996,1,0.5264550264550265,False,BackSquat
46909_6,46909,6,train,False,True,0.0,1.0299999999999998,1.0299999999999998,1,0.7275132275132276,False,BackSquat
46914_2,46914,2,train,False,True,0.0,1.92,1.92,1,0.4920634920634921,False,BackSquat
46916_1,46916,1,train,False,True,0.0,1.11,1.11,1,0.7063492063492063,False,BackSquat
46920_16,46920,16,train,False,False,0.0,0.0,0.0,0,1.0,False,BackSquat
46921_1,46921,1,train,False,True,0.0,2.9700000000000006,2.9700000000000006,1,0.21428571428571408,False,BackSquat
46923_2,46923,2,train,False,False,0.0,0.0,0.0,0,1.0,False,BackSquat
46939_1,46939,1,train,False,False,0.0,0.0,0.0,0,1.0,False,BackSquat
46946_5,46946,5,val,False,True,0.0,1.3999999999999997,1.3999999999999997,1,0.6296296296296298,False,BackSquat
46958_6,46958,6,val,True,True,0.74,0.5999999999999999,1.3399999999999999,2,0.6455026455026456,False,BackSquat
46984_2,46984,2,val,False,True,0.0,4.16,4.16,1,0.0,False,BackSquat
46986_2,46986,2,train,True,True,1.56,1.2199999999999998,2.78,2,0.26455026455026454,False,BackSquat
47003_5,47003,5,train,False,True,0.0,1.0100000000000002,1.0100000000000002,1,0.7328042328042328,False,BackSquat
47004_1,47004,1,train,False,True,0.0,1.12,1.12,1,0.7037037037037037,False,BackSquat
47014_4,47014,4,train,False,True,0.0,0.6599999999999999,0.6599999999999999,1,0.8253968253968254,False,BackSquat
47017_1,47017,1,val,False,True,0.0,1.33,1.33,1,0.6481481481481481,False,BackSquat
47018_1,47018,1,val,False,True,0.0,1.6099999999999999,1.6099999999999999,1,0.5740740740740741,False,BackSquat
47019_1,47019,1,train,False,True,0.0,2.02,2.02,1,0.4656084656084656,False,BackSquat
47020_1,47020,1,test,False,True,0.0,0.7199999999999998,0.7199999999999998,1,0.8095238095238095,False,BackSquat
47021_2,47021,2,train,True,True,1.6500000000000001,1.35,3.0,2,0.20634920634920628,False,BackSquat
47022_2,47022,2,train,False,True,0.0,1.68,1.68,1,0.5555555555555556,False,BackSquat
47048_1,47048,1,test,False,True,0.0,2.1399999999999997,2.1399999999999997,1,0.43386243386243395,False,BackSquat
47049_2,47049,2,train,False,False,0.0,0.0,0.0,0,1.0,False,BackSquat
47050_2,47050,2,train,False,False,0.0,0.0,0.0,0,1.0,False,BackSquat
47054_1,47054,1,train,True,True,1.3399999999999999,3.2700000000000005,4.61,2,0.0,False,BackSquat
47057_1,47057,1,train,True,True,1.8999999999999995,3.2399999999999998,5.139999999999999,2,0.0,False,BackSquat
47080_2,47080,2,val,False,True,0.0,0.4700000000000002,0.4700000000000002,1,0.8756613756613756,False,BackSquat
47093_1,47093,1,train,False,True,0.0,1.54,1.54,1,0.5925925925925926,False,BackSquat
47099_1,47099,1,train,True,False,0.9399999999999997,0.0,0.9399999999999997,1,0.7513227513227514,False,BackSquat
47107_1,47107,1,train,False,True,0.0,3.5900000000000003,3.5900000000000003,1,0.05026455026455012,False,BackSquat
47112_3,47112,3,train,False,True,0.0,1.17,1.17,1,0.6904761904761905,False,BackSquat
47117_1,47117,1,test,False,False,0.0,0.0,0.0,0,1.0,False,BackSquat
47124_2,47124,2,test,False,False,0.0,0.0,0.0,0,1.0,False,BackSquat
47128_1,47128,1,val,True,True,1.9200000000000002,1.5199999999999996,3.4399999999999995,2,0.08994708994709,False,BackSquat
47130_1,47130,1,train,False,False,0.0,0.0,0.0,0,1.0,False,BackSquat
47134_8,47134,8,train,False,True,0.0,1.9899999999999998,1.9899999999999998,1,0.4735449735449736,False,BackSquat
47138_2,47138,2,train,False,True,0.0,1.19,1.19,1,0.6851851851851851,False,BackSquat
47140_1,47140,1,train,False,True,0.0,0.7400000000000002,0.7400000000000002,1,0.8042328042328042,False,BackSquat
47145_1,47145,1,train,True,True,1.4100000000000001,1.5,2.91,2,0.23015873015873012,False,BackSquat
47151_2,47151,2,train,False,True,0.0,0.5800000000000001,0.5800000000000001,1,0.8465608465608465,False,BackSquat
47153_3,47153,3,train,False,True,0.0,2.36,2.36,1,0.3756613756613757,False,BackSquat
47168_5,47168,5,train,False,True,0.0,0.7899999999999998,0.7899999999999998,1,0.791005291005291,False,BackSquat
47186_5,47186,5,train,False,False,0.0,0.0,0.0,0,1.0,False,BackSquat
47193_2,47193,2,val,False,False,0.0,0.0,0.0,0,1.0,False,BackSquat
47194_1,47194,1,train,True,True,1.5,1.9300000000000002,3.43,2,0.09259259259259245,False,BackSquat
47199_1,47199,1,train,False,True,0.0,0.9600000000000002,0.9600000000000002,1,0.746031746031746,False,BackSquat
47205_2,47205,2,train,False,True,0.0,0.98,0.98,1,0.7407407407407407,False,BackSquat
47209_2,47209,2,train,False,True,0.0,1.1600000000000001,1.1600000000000001,1,0.693121693121693,False,BackSquat
47223_1,47223,1,train,True,True,1.5,0.8599999999999994,2.3599999999999994,2,0.3756613756613758,False,BackSquat
47224_2,47224,2,test,False,True,0.0,1.57,1.57,1,0.5846560846560847,False,BackSquat
47227_5,47227,5,train,False,False,0.0,0.0,0.0,0,1.0,False,BackSquat
47234_2,47234,2,val,False,True,0.0,2.25,2.25,1,0.40476190476190477,False,BackSquat
47239_1,47239,1,train,True,True,1.41,2.45,3.8600000000000003,2,0.0,False,BackSquat
47243_15,47243,15,test,False,False,0.0,0.0,0.0,0,1.0,False,BackSquat
47248_1,47248,1,train,False,False,0.0,0.0,0.0,0,1.0,False,BackSquat
47251_1,47251,1,train,False,True,0.0,0.7000000000000002,0.7000000000000002,1,0.8148148148148148,False,BackSquat
47257_5,47257,5,train,False,True,0.0,1.15,1.15,1,0.6957671957671958,False,BackSquat
47258_4,47258,4,train,False,False,0.0,0.0,0.0,0,1.0,False,BackSquat
47272_4,47272,4,train,False,False,0.0,0.0,0.0,0,1.0,False,BackSquat
47274_1,47274,1,train,False,True,0.0,3.3200000000000003,3.3200000000000003,1,0.12169312169312152,False,BackSquat
47276_4,47276,4,train,False,False,0.0,0.0,0.0,0,1.0,False,BackSquat
47277_5,47277,5,train,False,True,0.0,0.9199999999999999,0.9199999999999999,1,0.7566137566137566,False,BackSquat
47278_3,47278,3,train,True,False,0.9899999999999998,0.0,0.9899999999999998,1,0.7380952380952381,False,BackSquat
47279_1,47279,1,train,False,True,0.0,1.94,1.94,1,0.48677248677248675,False,BackSquat
47287_3,47287,3,train,False,True,0.0,2.3899999999999997,2.3899999999999997,1,0.3677248677248678,False,BackSquat
47288_2,47288,2,test,False,True,0.0,1.12,1.12,1,0.7037037037037037,False,BackSquat
47295_5,47295,5,test,False,False,0.0,0.0,0.0,0,1.0,False,BackSquat
47300_4,47300,4,train,True,False,1.7399999999999998,0.0,1.7399999999999998,1,0.5396825396825398,False,BackSquat
47305_1,47305,1,train,False,True,0.0,1.1899999999999995,1.1899999999999995,1,0.6851851851851853,False,BackSquat
47315_4,47315,4,train,False,True,0.0,1.0,1.0,1,0.7354497354497354,False,BackSquat
47316_1,47316,1,train,False,True,0.0,1.12,1.12,1,0.7037037037037037,False,BackSquat
47320_6,47320,6,test,False,True,0.0,1.42,1.42,1,0.6243386243386244,False,BackSquat
47321_4,47321,4,val,False,False,0.0,0.0,0.0,0,1.0,False,BackSquat
47326_5,47326,5,train,False,False,0.0,0.0,0.0,0,1.0,False,BackSquat
47327_1,47327,1,val,False,False,0.0,0.0,0.0,0,1.0,False,BackSquat
47341_1,47341,1,train,False,True,0.0,1.88,1.88,1,0.5026455026455027,False,BackSquat
47346_1,47346,1,train,False,True,0.0,2.5300000000000002,2.5300000000000002,1,0.3306878306878306,False,BackSquat
47347_3,47347,3,test,False,False,0.0,0.0,0.0,0,1.0,False,BackSquat
47351_5,47351,5,val,False,False,0.0,0.0,0.0,0,1.0,False,BackSquat
47352_1,47352,1,train,False,True,0.0,1.92,1.92,1,0.4920634920634921,False,BackSquat
47370_1,47370,1,train,False,True,0.0,0.5999999999999999,0.5999999999999999,1,0.8412698412698413,False,BackSquat
47372_7,47372,7,train,False,True,0.0,1.2199999999999998,1.2199999999999998,1,0.6772486772486773,False,BackSquat
47376_13,47376,13,test,False,True,0.0,0.8300000000000001,0.8300000000000001,1,0.7804232804232804,False,BackSquat
47396_1,47396,1,train,True,True,1.22,0.77,1.99,2,0.4735449735449735,False,BackSquat
47403_2,47403,2,val,False,True,0.0,0.4400000000000004,0.4400000000000004,1,0.8835978835978835,False,BackSquat
47415_3,47415,3,train,False,True,0.0,0.7899999999999996,0.7899999999999996,1,0.7910052910052912,False,BackSquat
47419_1,47419,1,train,True,True,1.98,1.7999999999999994,3.7799999999999994,2,1.1102230246251565e-16,False,BackSquat
47423_1,47423,1,val,True,True,1.86,3.13,4.99,2,0.0,False,BackSquat
47427_1,47427,1,train,False,True,0.0,1.7399999999999998,1.7399999999999998,1,0.5396825396825398,False,BackSquat
47436_4,47436,4,train,False,True,0.0,1.23,1.23,1,0.6746031746031746,False,BackSquat
47437_4,47437,4,train,False,False,0.0,0.0,0.0,0,1.0,False,BackSquat
47438_1,47438,1,train,False,True,0.0,0.8600000000000001,0.8600000000000001,1,0.7724867724867724,False,BackSquat
47453_1,47453,1,train,False,False,0.0,0.0,0.0,0,1.0,False,BackSquat
47458_9,47458,9,train,False,False,0.0,0.0,0.0,0,1.0,False,BackSquat
47459_1,47459,1,train,False,False,0.0,0.0,0.0,0,1.0,False,BackSquat
47466_1,47466,1,train,False,True,0.0,1.38,1.38,1,0.6349206349206349,False,BackSquat
47476_4,47476,4,train,False,True,0.0,2.27,2.27,1,0.3994708994708994,False,BackSquat
47478_7,47478,7,test,False,False,0.0,0.0,0.0,0,1.0,False,BackSquat
47479_6,47479,6,val,False,False,0.0,0.0,0.0,0,1.0,False,BackSquat
47483_1,47483,1,val,False,False,0.0,0.0,0.0,0,1.0,False,BackSquat
47485_5,47485,5,train,False,False,0.0,0.0,0.0,0,1.0,False,BackSquat
47487_2,47487,2,train,False,True,0.0,2.12,2.12,1,0.4391534391534391,False,BackSquat
47501_2,47501,2,train,False,False,0.0,0.0,0.0,0,1.0,False,BackSquat
47514_5,47514,5,train,True,True,2.5299999999999994,3.3300000000000005,5.859999999999999,2,0.0,False,BackSquat
47519_1,47519,1,train,False,True,0.0,1.5699999999999998,1.5699999999999998,1,0.5846560846560847,False,BackSquat
47523_1,47523,1,train,False,True,0.0,1.09,1.09,1,0.7116402116402116,False,BackSquat
47525_3,47525,3,train,False,True,0.0,1.1600000000000001,1.1600000000000001,1,0.693121693121693,False,BackSquat
47527_2,47527,2,train,False,False,0.0,0.0,0.0,0,1.0,False,BackSquat
47531_5,47531,5,train,False,True,0.0,2.1100000000000003,2.1100000000000003,1,0.44179894179894164,False,BackSquat
47534_1,47534,1,train,False,True,0.0,2.7199999999999998,2.7199999999999998,1,0.28042328042328046,False,BackSquat
47535_3,47535,3,train,False,False,0.0,0.0,0.0,0,1.0,False,BackSquat
47537_2,47537,2,train,True,True,1.5099999999999998,1.1900000000000004,2.7,2,0.2857142857142856,False,BackSquat
47544_2,47544,2,train,False,True,0.0,1.56,1.56,1,0.5873015873015872,False,BackSquat
47548_1,47548,1,train,False,False,0.0,0.0,0.0,0,1.0,False,BackSquat
47559_3,47559,3,train,False,False,0.0,0.0,0.0,0,1.0,False,BackSquat
47565_1,47565,1,train,False,False,0.0,0.0,0.0,0,1.0,False,BackSquat
47569_11,47569,11,test,False,False,0.0,0.0,0.0,0,1.0,False,BackSquat
47570_1,47570,1,train,True,True,2.35,2.3000000000000003,4.65,2,0.0,False,BackSquat
47576_1,47576,1,train,True,True,0.6799999999999999,2.06,2.74,2,0.275132275132275,False,BackSquat
47578_1,47578,1,train,False,False,0.0,0.0,0.0,0,1.0,False,BackSquat
47582_8,47582,8,train,False,True,0.0,1.3599999999999999,1.3599999999999999,1,0.6402116402116402,False,BackSquat
47587_2,47587,2,train,False,True,0.0,2.71,2.71,1,0.283068783068783,False,BackSquat
47589_2,47589,2,train,False,True,0.0,2.1799999999999997,2.1799999999999997,1,0.42328042328042337,False,BackSquat
47591_2,47591,2,test,False,True,0.0,0.6600000000000001,0.6600000000000001,1,0.8253968253968254,False,BackSquat
47594_1,47594,1,train,False,False,0.0,0.0,0.0,0,1.0,False,BackSquat
47599_1,47599,1,test,True,True,1.02,0.6599999999999997,1.6799999999999997,2,0.5555555555555556,False,BackSquat
47614_1,47614,1,test,True,False,1.0300000000000002,0.0,1.0300000000000002,1,0.7275132275132274,False,BackSquat
47619_1,47619,1,train,False,False,0.0,0.0,0.0,0,1.0,False,BackSquat
47631_4,47631,4,train,False,False,0.0,0.0,0.0,0,1.0,False,BackSquat
47636_1,47636,1,train,True,True,1.92,4.03,5.95,2,0.0,False,BackSquat
47642_2,47642,2,val,False,False,0.0,0.0,0.0,0,1.0,False,BackSquat
47645_5,47645,5,train,False,False,0.0,0.0,0.0,0,1.0,False,BackSquat
47646_1,47646,1,train,False,False,0.0,0.0,0.0,0,1.0,False,BackSquat
47649_1,47649,1,train,False,False,0.0,0.0,0.0,0,1.0,False,BackSquat
47650_1,47650,1,val,False,True,0.0,0.8199999999999994,0.8199999999999994,1,0.7830687830687832,False,BackSquat
47658_6,47658,6,test,True,True,1.19,2.19,3.38,2,0.10582010582010581,False,BackSquat
47666_2,47666,2,test,False,True,0.0,1.8099999999999996,1.8099999999999996,1,0.5211640211640212,False,BackSquat
47672_4,47672,4,train,False,True,0.0,1.2999999999999998,1.2999999999999998,1,0.656084656084656,False,BackSquat
47674_2,47674,2,train,False,True,0.0,1.0899999999999999,1.0899999999999999,1,0.7116402116402116,False,BackSquat
47679_3,47679,3,val,False,False,0.0,0.0,0.0,0,1.0,False,BackSquat
47681_1,47681,1,train,False,True,0.0,1.4100000000000001,1.4100000000000001,1,0.626984126984127,False,BackSquat
47693_2,47693,2,test,False,True,0.0,0.7500000000000002,0.7500000000000002,1,0.8015873015873015,False,BackSquat
47695_4,47695,4,train,False,True,0.0,1.5999999999999996,1.5999999999999996,1,0.5767195767195767,False,BackSquat
47703_2,47703,2,train,False,False,0.0,0.0,0.0,0,1.0,False,BackSquat
47716_1,47716,1,train,False,True,0.0,1.9899999999999998,1.9899999999999998,1,0.4735449735449736,False,BackSquat
47717_1,47717,1,val,False,True,0.0,2.6900000000000004,2.6900000000000004,1,0.28835978835978826,False,BackSquat
47719_1,47719,1,val,False,True,0.0,3.4000000000000004,3.4000000000000004,1,0.10052910052910036,False,BackSquat
47732_1,47732,1,train,True,True,1.51,1.76,3.27,2,0.13492063492063489,False,BackSquat
47733_3,47733,3,train,False,True,0.0,0.47,0.47,1,0.8756613756613757,False,BackSquat
47735_2,47735,2,train,True,True,0.8799999999999999,1.1400000000000001,2.02,2,0.4656084656084656,False,BackSquat
47739_3,47739,3,train,False,True,0.0,0.7299999999999999,0.7299999999999999,1,0.8068783068783069,False,BackSquat
47742_2,47742,2,train,False,False,0.0,0.0,0.0,0,1.0,False,BackSquat
47744_1,47744,1,train,False,True,0.0,2.83,2.83,1,0.2513227513227513,False,BackSquat
47750_4,47750,4,train,False,False,0.0,0.0,0.0,0,1.0,False,BackSquat
47760_1,47760,1,train,False,True,0.0,2.49,2.49,1,0.34126984126984117,False,BackSquat
47779_3,47779,3,test,False,True,0.0,2.16,2.16,1,0.4285714285714285,False,BackSquat
47789_2,47789,2,test,False,True,0.0,0.88,0.88,1,0.7671957671957672,False,BackSquat
47790_1,47790,1,val,True,False,1.6400000000000001,0.0,1.6400000000000001,1,0.566137566137566,False,BackSquat
47794_1,47794,1,train,False,True,0.0,3.0,3.0,1,0.20634920634920628,False,BackSquat
47795_3,47795,3,val,False,True,0.0,0.6900000000000004,0.6900000000000004,1,0.8174603174603173,False,BackSquat
47808_1,47808,1,val,True,True,1.4500000000000002,1.9100000000000001,3.3600000000000003,2,0.11111111111111094,False,BackSquat
47811_1,47811,1,train,False,True,0.0,0.8700000000000001,0.8700000000000001,1,0.7698412698412698,False,BackSquat
47814_1,47814,1,test,True,True,1.3400000000000003,1.04,2.3800000000000003,2,0.37037037037037024,False,BackSquat
47816_1,47816,1,train,False,True,0.0,0.73,0.73,1,0.8068783068783069,False,BackSquat
47818_3,47818,3,train,False,False,0.0,0.0,0.0,0,1.0,False,BackSquat
47827_2,47827,2,train,False,False,0.0,0.0,0.0,0,1.0,False,BackSquat
47828_3,47828,3,train,False,True,0.0,1.17,1.17,1,0.6904761904761905,False,BackSquat
47829_1,47829,1,train,False,True,0.0,1.8900000000000001,1.8900000000000001,1,0.4999999999999999,False,BackSquat
47833_1,47833,1,test,False,True,0.0,2.0700000000000003,2.0700000000000003,1,0.45238095238095233,False,BackSquat
47839_8,47839,8,train,True,True,0.8500000000000001,1.04,1.8900000000000001,2,0.4999999999999999,False,BackSquat
47861_2,47861,2,test,False,False,0.0,0.0,0.0,0,1.0,False,BackSquat
47862_1,47862,1,train,False,False,0.0,0.0,0.0,0,1.0,False,BackSquat
47866_1,47866,1,val,False,True,0.0,2.33,2.33,1,0.3835978835978835,False,BackSquat
47869_3,47869,3,train,False,False,0.0,0.0,0.0,0,1.0,False,BackSquat
47870_1,47870,1,val,False,True,0.0,2.0500000000000003,2.0500000000000003,1,0.45767195767195756,False,BackSquat
47871_1,47871,1,train,False,True,0.0,1.5499999999999998,1.5499999999999998,1,0.58994708994709,False,BackSquat
47876_2,47876,2,train,True,True,1.53,2.5100000000000002,4.04,2,0.0,False,BackSquat
47877_2,47877,2,train,False,False,0.0,0.0,0.0,0,1.0,False,BackSquat
47878_2,47878,2,val,True,False,1.5699999999999998,0.0,1.5699999999999998,1,0.5846560846560847,False,BackSquat
47880_2,47880,2,val,False,False,0.0,0.0,0.0,0,1.0,False,BackSquat
47881_2,47881,2,val,False,False,0.0,0.0,0.0,0,1.0,False,BackSquat
47886_2,47886,2,val,False,False,0.0,0.0,0.0,0,1.0,False,BackSquat
47901_8,47901,8,train,False,True,0.0,1.25,1.25,1,0.6693121693121693,False,BackSquat
47909_3,47909,3,train,False,False,0.0,0.0,0.0,0,1.0,False,BackSquat
47910_3,47910,3,train,True,True,0.8999999999999999,0.71,1.6099999999999999,2,0.5740740740740741,False,BackSquat
47919_1,47919,1,train,False,True,0.0,2.07,2.07,1,0.45238095238095244,False,BackSquat
47921_3,47921,3,train,True,True,2.44,4.07,6.51,2,0.0,False,BackSquat
47922_3,47922,3,train,False,False,0.0,0.0,0.0,0,1.0,False,BackSquat
47931_1,47931,1,train,False,True,0.0,1.1900000000000004,1.1900000000000004,1,0.6851851851851851,False,BackSquat
47935_1,47935,1,train,False,False,0.0,0.0,0.0,0,1.0,False,BackSquat
47939_1,47939,1,train,False,True,0.0,3.1100000000000003,3.1100000000000003,1,0.1772486772486771,False,BackSquat
47940_1,47940,1,test,False,True,0.0,1.67,1.67,1,0.5582010582010581,False,BackSquat
47942_2,47942,2,train,False,True,0.0,1.6199999999999997,1.6199999999999997,1,0.5714285714285715,False,BackSquat
47944_2,47944,2,test,False,True,0.0,1.3399999999999999,1.3399999999999999,1,0.6455026455026456,False,BackSquat
47946_1,47946,1,train,False,True,0.0,1.4,1.4,1,0.6296296296296297,False,BackSquat
47950_3,47950,3,train,False,True,0.0,1.1799999999999997,1.1799999999999997,1,0.6878306878306879,False,BackSquat
47959_1,47959,1,train,True,False,1.6099999999999999,0.0,1.6099999999999999,1,0.5740740740740741,False,BackSquat
47960_1,47960,1,train,False,False,0.0,0.0,0.0,0,1.0,False,BackSquat
47966_1,47966,1,train,True,True,1.71,3.1199999999999997,4.83,2,0.0,False,BackSquat
47969_5,47969,5,train,True,True,2.1100000000000003,4.04,6.15,2,0.0,False,BackSquat
47977_1,47977,1,test,False,True,0.0,1.6400000000000006,1.6400000000000006,1,0.5661375661375659,False,BackSquat
47985_1,47985,1,test,False,False,0.0,0.0,0.0,0,1.0,False,BackSquat
47987_1,47987,1,train,False,True,0.0,1.2400000000000002,1.2400000000000002,1,0.6719576719576719,False,BackSquat
47991_2,47991,2,train,False,True,0.0,0.69,0.69,1,0.8174603174603174,False,BackSquat
48001_1,48001,1,train,False,True,0.0,1.4499999999999997,1.4499999999999997,1,0.6164021164021165,False,BackSquat
48004_12,48004,12,train,False,True,0.0,1.47,1.47,1,0.6111111111111112,False,BackSquat
48007_1,48007,1,train,False,True,0.0,2.4100000000000006,2.4100000000000006,1,0.3624338624338622,False,BackSquat
48019_2,48019,2,test,False,True,0.0,1.64,1.64,1,0.5661375661375662,False,BackSquat
48020_1,48020,1,train,True,True,2.64,1.9599999999999995,4.6,2,0.0,False,BackSquat
48023_6,48023,6,train,True,False,1.7899999999999998,0.0,1.7899999999999998,1,0.5264550264550265,False,BackSquat
48027_1,48027,1,train,False,True,0.0,2.1100000000000003,2.1100000000000003,1,0.44179894179894164,False,BackSquat
48030_3,48030,3,train,False,True,0.0,1.96,1.96,1,0.4814814814814815,False,BackSquat
48031_1,48031,1,train,False,False,0.0,0.0,0.0,0,1.0,False,BackSquat
48032_5,48032,5,train,False,False,0.0,0.0,0.0,0,1.0,False,BackSquat
48033_1,48033,1,train,False,True,0.0,1.1399999999999997,1.1399999999999997,1,0.6984126984126985,False,BackSquat
48035_1,48035,1,train,False,True,0.0,2.17,2.17,1,0.42592592592592593,False,BackSquat
48037_7,48037,7,train,False,True,0.0,0.5300000000000002,0.5300000000000002,1,0.8597883597883598,False,BackSquat
48046_2,48046,2,val,False,False,0.0,0.0,0.0,0,1.0,False,BackSquat
48047_1,48047,1,train,False,False,0.0,0.0,0.0,0,1.0,False,BackSquat
48054_13,48054,13,train,True,True,0.9400000000000002,1.48,2.42,2,0.35978835978835977,False,BackSquat
48059_1,48059,1,train,False,True,0.0,3.5700000000000003,3.5700000000000003,1,0.05555555555555547,False,BackSquat
48063_1,48063,1,train,False,True,0.0,1.33,1.33,1,0.6481481481481481,False,BackSquat
48068_1,48068,1,val,False,True,0.0,0.6100000000000003,0.6100000000000003,1,0.8386243386243385,False,BackSquat
48074_1,48074,1,train,False,True,0.0,1.89,1.89,1,0.5,False,BackSquat
48079_1,48079,1,train,False,False,0.0,0.0,0.0,0,1.0,False,BackSquat
48081_1,48081,1,train,False,False,0.0,0.0,0.0,0,1.0,False,BackSquat
48092_1,48092,1,val,False,True,0.0,0.6000000000000001,0.6000000000000001,1,0.8412698412698413,False,BackSquat
48093_4,48093,4,test,False,True,0.0,4.0200000000000005,4.0200000000000005,1,0.0,False,BackSquat
48101_8,48101,8,test,False,False,0.0,0.0,0.0,0,1.0,False,BackSquat
48102_2,48102,2,train,False,True,0.0,2.29,2.29,1,0.3941798941798942,False,BackSquat
48103_8,48103,8,train,False,True,0.0,0.73,0.73,1,0.8068783068783069,False,BackSquat
48104_1,48104,1,val,True,True,1.0500000000000003,2.2,3.2500000000000004,2,0.14021164021164,False,BackSquat
48105_1,48105,1,train,False,False,0.0,0.0,0.0,0,1.0,False,BackSquat
48106_2,48106,2,train,True,True,1.8199999999999998,3.1,4.92,2,0.0,False,BackSquat
48110_2,48110,2,test,False,False,0.0,0.0,0.0,0,1.0,False,BackSquat
48115_1,48115,1,val,False,True,0.0,1.7599999999999998,1.7599999999999998,1,0.5343915343915344,False,BackSquat
48121_1,48121,1,val,True,False,0.8500000000000014,0.0,0.8500000000000014,1,0.7751322751322748,False,BackSquat
48122_3,48122,3,train,True,True,0.8200000000000001,1.2000000000000002,2.0200000000000005,2,0.46560846560846547,False,BackSquat
48135_3,48135,3,train,False,False,0.0,0.0,0.0,0,1.0,False,BackSquat
48141_1,48141,1,train,False,True,0.0,2.0800000000000005,2.0800000000000005,1,0.44973544973544954,False,BackSquat
48143_1,48143,1,val,False,False,0.0,0.0,0.0,0,1.0,False,BackSquat
48144_3,48144,3,train,False,False,0.0,0.0,0.0,0,1.0,False,BackSquat
48148_1,48148,1,val,True,True,0.9999999999999998,1.6199999999999999,2.6199999999999997,2,0.306878306878307,False,BackSquat
48154_2,48154,2,train,False,True,0.0,2.51,2.51,1,0.33597883597883604,False,BackSquat
48163_1,48163,1,test,True,True,0.9599999999999995,1.1999999999999997,2.1599999999999993,2,0.4285714285714287,False,BackSquat
48175_2,48175,2,train,True,True,1.2500000000000002,1.58,2.83,2,0.2513227513227513,False,BackSquat
48176_1,48176,1,train,False,True,0.0,3.45,3.45,1,0.08730158730158721,False,BackSquat
48179_2,48179,2,train,False,True,0.0,1.08,1.08,1,0.7142857142857142,False,BackSquat
48181_4,48181,4,train,True,False,0.9100000000000001,0.0,0.9100000000000001,1,0.7592592592592592,False,BackSquat
48183_1,48183,1,train,False,False,0.0,0.0,0.0,0,1.0,False,BackSquat
48187_3,48187,3,test,False,True,0.0,1.0999999999999999,1.0999999999999999,1,0.7089947089947091,False,BackSquat
48208_3,48208,3,train,False,True,0.0,1.4500000000000002,1.4500000000000002,1,0.6164021164021163,False,BackSquat
48209_1,48209,1,train,False,True,0.0,3.01,3.01,1,0.20370370370370372,False,BackSquat
48225_8,48225,8,train,False,True,0.0,0.88,0.88,1,0.7671957671957672,False,BackSquat
48233_1,48233,1,test,False,False,0.0,0.0,0.0,0,1.0,False,BackSquat
48238_3,48238,3,train,False,False,0.0,0.0,0.0,0,1.0,False,BackSquat
48240_5,48240,5,train,True,False,1.1600000000000001,0.0,1.1600000000000001,1,0.693121693121693,False,BackSquat
48243_2,48243,2,train,False,True,0.0,1.2999999999999998,1.2999999999999998,1,0.656084656084656,False,BackSquat
48246_3,48246,3,train,False,True,0.0,0.9199999999999999,0.9199999999999999,1,0.7566137566137566,False,BackSquat
48247_1,48247,1,train,True,False,0.51,0.0,0.51,1,0.8650793650793651,False,BackSquat
48248_1,48248,1,train,False,True,0.0,1.02,1.02,1,0.7301587301587301,False,BackSquat
48250_2,48250,2,val,False,False,0.0,0.0,0.0,0,1.0,False,BackSquat
48253_2,48253,2,train,False,False,0.0,0.0,0.0,0,1.0,False,BackSquat
48260_1,48260,1,train,False,True,0.0,1.0999999999999999,1.0999999999999999,1,0.7089947089947091,False,BackSquat
48261_1,48261,1,train,False,False,0.0,0.0,0.0,0,1.0,False,BackSquat
48263_10,48263,10,train,False,True,0.0,1.2800000000000002,1.2800000000000002,1,0.6613756613756613,False,BackSquat
48265_1,48265,1,test,False,False,0.0,0.0,0.0,0,1.0,False,BackSquat
48281_2,48281,2,test,True,True,3.0100000000000007,4.19,7.200000000000001,2,0.0,False,BackSquat
48282_4,48282,4,train,False,True,0.0,1.0599999999999998,1.0599999999999998,1,0.7195767195767195,False,BackSquat
48292_3,48292,3,train,False,True,0.0,1.6500000000000004,1.6500000000000004,1,0.5634920634920634,False,BackSquat
48293_2,48293,2,train,False,True,0.0,1.7000000000000002,1.7000000000000002,1,0.5502645502645502,False,BackSquat
48294_3,48294,3,val,False,False,0.0,0.0,0.0,0,1.0,False,BackSquat
48297_3,48297,3,test,False,False,0.0,0.0,0.0,0,1.0,False,BackSquat
48298_2,48298,2,train,False,True,0.0,2.74,2.74,1,0.275132275132275,False,BackSquat
48301_1,48301,1,test,False,False,0.0,0.0,0.0,0,1.0,False,BackSquat
48302_2,48302,2,train,False,True,0.0,0.8799999999999999,0.8799999999999999,1,0.7671957671957672,False,BackSquat
48305_2,48305,2,train,True,True,0.9300000000000002,1.24,2.17,2,0.42592592592592593,False,BackSquat
48311_1,48311,1,train,False,False,0.0,0.0,0.0,0,1.0,False,BackSquat
48312_2,48312,2,train,False,True,0.0,1.84,1.84,1,0.5132275132275133,False,BackSquat
48314_5,48314,5,val,False,False,0.0,0.0,0.0,0,1.0,False,BackSquat
48323_3,48323,3,test,False,True,0.0,1.0000000000000004,1.0000000000000004,1,0.7354497354497354,False,BackSquat
48331_1,48331,1,test,False,True,0.0,3.35,3.35,1,0.11375661375661372,False,BackSquat
48343_4,48343,4,train,False,False,0.0,0.0,0.0,0,1.0,False,BackSquat
48347_1,48347,1,test,False,True,0.0,0.8999999999999999,0.8999999999999999,1,0.7619047619047619,False,BackSquat
48360_2,48360,2,train,False,False,0.0,0.0,0.0,0,1.0,False,BackSquat
48361_1,48361,1,train,False,True,0.0,1.45,1.45,1,0.6164021164021164,False,BackSquat
48367_1,48367,1,train,False,False,0.0,0.0,0.0,0,1.0,False,BackSquat
48371_2,48371,2,train,False,False,0.0,0.0,0.0,0,1.0,False,BackSquat
48372_1,48372,1,test,False,False,0.0,0.0,0.0,0,1.0,False,BackSquat
48374_1,48374,1,train,False,False,0.0,0.0,0.0,0,1.0,False,BackSquat
48375_3,48375,3,train,False,True,0.0,0.8700000000000001,0.8700000000000001,1,0.7698412698412698,False,BackSquat
48379_1,48379,1,test,True,True,1.0500000000000003,1.21,2.2600000000000002,2,0.402116402116402,False,BackSquat
48380_1,48380,1,train,True,True,2.09,1.35,3.44,2,0.08994708994708989,False,BackSquat
48382_4,48382,4,train,False,False,0.0,0.0,0.0,0,1.0,False,BackSquat
48389_3,48389,3,train,False,False,0.0,0.0,0.0,0,1.0,False,BackSquat
48394_1,48394,1,train,False,False,0.0,0.0,0.0,0,1.0,False,BackSquat
48397_1,48397,1,train,False,True,0.0,2.31,2.31,1,0.38888888888888884,False,BackSquat
48401_5,48401,5,train,False,True,0.0,0.52,0.52,1,0.8624338624338624,False,BackSquat
48410_4,48410,4,train,False,False,0.0,0.0,0.0,0,1.0,False,BackSquat
48414_1,48414,1,val,False,True,0.0,1.6300000000000001,1.6300000000000001,1,0.5687830687830687,False,BackSquat
48427_9,48427,9,train,False,True,0.0,0.5299999999999998,0.5299999999999998,1,0.8597883597883598,False,BackSquat
48433_1,48433,1,train,False,True,0.0,0.9500000000000002,0.9500000000000002,1,0.7486772486772486,False,BackSquat
48437_6,48437,6,train,False,True,0.0,1.76,1.76,1,0.5343915343915344,False,BackSquat
48439_3,48439,3,val,False,True,0.0,1.74,1.74,1,0.5396825396825397,False,BackSquat
48445_1,48445,1,train,False,True,0.0,1.25,1.25,1,0.6693121693121693,False,BackSquat
48451_1,48451,1,train,False,True,0.0,3.91,3.91,1,0.0,False,BackSquat
48459_1,48459,1,test,False,True,0.0,1.7999999999999998,1.7999999999999998,1,0.5238095238095238,False,BackSquat
48460_5,48460,5,train,True,False,0.94,0.0,0.94,1,0.7513227513227514,False,BackSquat
48464_7,48464,7,test,True,False,0.99,0.0,0.99,1,0.7380952380952381,False,BackSquat
48465_3,48465,3,val,False,True,0.0,1.06,1.06,1,0.7195767195767195,False,BackSquat
48469_2,48469,2,train,False,False,0.0,0.0,0.0,0,1.0,False,BackSquat
48476_1,48476,1,train,True,True,0.71,0.6400000000000001,1.35,2,0.6428571428571428,False,BackSquat
48483_2,48483,2,train,False,True,0.0,8.229999999999999,8.229999999999999,1,0.0,False,BackSquat
48484_7,48484,7,train,False,True,0.0,0.6599999999999997,0.6599999999999997,1,0.8253968253968255,False,BackSquat
48493_2,48493,2,val,False,False,0.0,0.0,0.0,0,1.0,False,BackSquat
48494_3,48494,3,train,False,True,0.0,1.05,1.05,1,0.7222222222222222,False,BackSquat
48503_2,48503,2,val,True,True,1.88,1.3900000000000006,3.2700000000000005,2,0.13492063492063477,False,BackSquat
48504_1,48504,1,train,False,True,0.0,2.7,2.7,1,0.2857142857142856,False,BackSquat
48509_1,48509,1,train,True,False,0.9500000000000002,0.0,0.9500000000000002,1,0.7486772486772486,False,BackSquat
48510_5,48510,5,train,False,False,0.0,0.0,0.0,0,1.0,False,BackSquat
48512_2,48512,2,train,True,False,1.1799999999999997,0.0,1.1799999999999997,1,0.6878306878306879,False,BackSquat
48514_2,48514,2,train,False,False,0.0,0.0,0.0,0,1.0,False,BackSquat
48515_4,48515,4,test,False,True,0.0,0.95,0.95,1,0.7486772486772486,False,BackSquat
48517_1,48517,1,val,False,True,0.0,0.7999999999999998,0.7999999999999998,1,0.7883597883597884,False,BackSquat
48524_7,48524,7,train,False,False,0.0,0.0,0.0,0,1.0,False,BackSquat
48537_1,48537,1,test,False,True,0.0,1.96,1.96,1,0.4814814814814815,False,BackSquat
48539_5,48539,5,test,False,True,0.0,0.55,0.55,1,0.8544973544973544,False,BackSquat
48542_12,48542,12,train,True,False,0.9099999999999999,0.0,0.9099999999999999,1,0.7592592592592593,False,BackSquat
48547_6,48547,6,train,False,False,0.0,0.0,0.0,0,1.0,False,BackSquat
48548_2,48548,2,train,False,False,0.0,0.0,0.0,0,1.0,False,BackSquat
48549_6,48549,6,train,False,False,0.0,0.0,0.0,0,1.0,False,BackSquat
48563_1,48563,1,train,False,True,0.0,1.5,1.5,1,0.6031746031746031,False,BackSquat
48573_1,48573,1,val,False,True,0.0,2.16,2.16,1,0.4285714285714285,False,BackSquat
48575_1,48575,1,train,False,False,0.0,0.0,0.0,0,1.0,False,BackSquat
48587_3,48587,3,train,False,True,0.0,0.9300000000000002,0.9300000000000002,1,0.753968253968254,False,BackSquat
48593_4,48593,4,test,False,False,0.0,0.0,0.0,0,1.0,False,BackSquat
48601_3,48601,3,train,False,True,0.0,2.06,2.06,1,0.455026455026455,False,BackSquat
48602_1,48602,1,train,False,True,0.0,3.0,3.0,1,0.20634920634920628,False,BackSquat
48608_10,48608,10,test,False,False,0.0,0.0,0.0,0,1.0,False,BackSquat
48618_1,48618,1,test,False,True,0.0,1.2800000000000002,1.2800000000000002,1,0.6613756613756613,False,BackSquat
48621_2,48621,2,train,False,True,0.0,1.8900000000000001,1.8900000000000001,1,0.4999999999999999,False,BackSquat
48624_1,48624,1,val,False,True,0.0,1.0800000000000005,1.0800000000000005,1,0.7142857142857142,False,BackSquat
48628_6,48628,6,train,False,True,0.0,0.82,0.82,1,0.783068783068783,False,BackSquat
48635_1,48635,1,train,False,False,0.0,0.0,0.0,0,1.0,False,BackSquat
48638_2,48638,2,train,False,True,0.0,2.0900000000000003,2.0900000000000003,1,0.447089947089947,False,BackSquat
48639_2,48639,2,train,False,True,0.0,0.9399999999999995,0.9399999999999995,1,0.7513227513227514,False,BackSquat
48642_10,48642,10,train,True,True,0.6100000000000001,1.1400000000000001,1.7500000000000002,2,0.537037037037037,False,BackSquat
48646_1,48646,1,test,False,True,0.0,0.6799999999999997,0.6799999999999997,1,0.8201058201058202,False,BackSquat
48651_2,48651,2,train,False,True,0.0,1.25,1.25,1,0.6693121693121693,False,BackSquat
48652_3,48652,3,train,False,True,0.0,1.63,1.63,1,0.5687830687830688,False,BackSquat
48654_1,48654,1,train,False,True,0.0,1.6900000000000002,1.6900000000000002,1,0.5529100529100528,False,BackSquat
48658_1,48658,1,train,False,False,0.0,0.0,0.0,0,1.0,False,BackSquat
48659_2,48659,2,train,False,False,0.0,0.0,0.0,0,1.0,False,BackSquat
48660_8,48660,8,train,False,True,0.0,0.3800000000000001,0.3800000000000001,1,0.8994708994708994,False,BackSquat
48669_1,48669,1,test,False,True,0.0,0.8899999999999999,0.8899999999999999,1,0.7645502645502645,False,BackSquat
48673_3,48673,3,val,False,True,0.0,0.3699999999999999,0.3699999999999999,1,0.9021164021164021,False,BackSquat
48676_4,48676,4,train,False,False,0.0,0.0,0.0,0,1.0,False,BackSquat
48681_7,48681,7,train,False,False,0.0,0.0,0.0,0,1.0,False,BackSquat
48683_1,48683,1,train,False,True,0.0,1.04,1.04,1,0.7248677248677249,False,BackSquat
48687_3,48687,3,train,False,True,0.0,2.04,2.04,1,0.46031746031746024,False,BackSquat
48695_7,48695,7,train,False,True,0.0,0.9800000000000002,0.9800000000000002,1,0.7407407407407407,False,BackSquat
48697_2,48697,2,train,False,True,0.0,3.36,3.36,1,0.11111111111111105,False,BackSquat
48705_3,48705,3,test,False,True,0.0,1.36,1.36,1,0.6402116402116402,False,BackSquat
48713_1,48713,1,test,False,False,0.0,0.0,0.0,0,1.0,False,BackSquat
48718_4,48718,4,train,False,True,0.0,1.33,1.33,1,0.6481481481481481,False,BackSquat
48720_1,48720,1,train,False,True,0.0,8.61,8.61,1,0.0,False,BackSquat
48724_2,48724,2,train,False,True,0.0,1.5899999999999999,1.5899999999999999,1,0.5793650793650793,False,BackSquat
48725_10,48725,10,test,False,False,0.0,0.0,0.0,0,1.0,False,BackSquat
48727_8,48727,8,val,False,True,0.0,0.6699999999999999,0.6699999999999999,1,0.8227513227513228,False,BackSquat
48728_4,48728,4,val,False,False,0.0,0.0,0.0,0,1.0,False,BackSquat
48733_5,48733,5,train,False,True,0.0,1.58,1.58,1,0.582010582010582,False,BackSquat
48744_1,48744,1,train,False,False,0.0,0.0,0.0,0,1.0,False,BackSquat
48746_2,48746,2,train,False,True,0.0,0.79,0.79,1,0.7910052910052909,False,BackSquat
48754_4,48754,4,train,False,False,0.0,0.0,0.0,0,1.0,False,BackSquat
48762_1,48762,1,val,False,True,0.0,1.42,1.42,1,0.6243386243386244,False,BackSquat
48763_3,48763,3,train,True,True,0.7299999999999998,0.85,1.5799999999999996,2,0.5820105820105821,False,BackSquat
48769_2,48769,2,train,False,True,0.0,0.7799999999999998,0.7799999999999998,1,0.7936507936507937,False,BackSquat
48771_2,48771,2,val,False,True,0.0,2.25,2.25,1,0.40476190476190477,False,BackSquat
48783_3,48783,3,train,False,False,0.0,0.0,0.0,0,1.0,False,BackSquat
48786_3,48786,3,train,True,True,1.0099999999999998,2.09,3.0999999999999996,2,0.17989417989418,False,BackSquat
48787_1,48787,1,train,False,True,0.0,1.7000000000000002,1.7000000000000002,1,0.5502645502645502,False,BackSquat
48802_1,48802,1,test,False,True,0.0,0.9700000000000002,0.9700000000000002,1,0.7433862433862433,False,BackSquat
48809_3,48809,3,test,False,True,0.0,2.0300000000000002,2.0300000000000002,1,0.4629629629629629,False,BackSquat
48816_4,48816,4,train,False,True,0.0,2.9799999999999995,2.9799999999999995,1,0.21164021164021174,False,BackSquat
48817_5,48817,5,train,False,False,0.0,0.0,0.0,0,1.0,False,BackSquat
48821_5,48821,5,train,False,False,0.0,0.0,0.0,0,1.0,False,BackSquat
48826_1,48826,1,train,True,True,1.7799999999999998,1.78,3.5599999999999996,2,0.05820105820105825,False,BackSquat
48834_2,48834,2,train,False,True,0.0,0.8800000000000001,0.8800000000000001,1,0.7671957671957672,False,BackSquat
48835_5,48835,5,train,False,False,0.0,0.0,0.0,0,1.0,False,BackSquat
48840_5,48840,5,train,False,False,0.0,0.0,0.0,0,1.0,False,BackSquat
48842_6,48842,6,train,False,True,0.0,0.77,0.77,1,0.7962962962962963,False,BackSquat
48844_1,48844,1,train,False,True,0.0,1.6799999999999997,1.6799999999999997,1,0.5555555555555556,False,BackSquat
48851_1,48851,1,test,False,True,0.0,2.3499999999999996,2.3499999999999996,1,0.37830687830687837,False,BackSquat
48852_1,48852,1,test,False,False,0.0,0.0,0.0,0,1.0,False,BackSquat
48853_1,48853,1,train,True,True,1.4399999999999995,1.1799999999999997,2.619999999999999,2,0.3068783068783071,False,BackSquat
48858_1,48858,1,test,False,True,0.0,0.69,0.69,1,0.8174603174603174,False,BackSquat
48859_3,48859,3,val,False,True,0.0,1.1500000000000004,1.1500000000000004,1,0.6957671957671956,False,BackSquat
48863_2,48863,2,train,False,True,0.0,0.8899999999999999,0.8899999999999999,1,0.7645502645502645,False,BackSquat
48867_2,48867,2,train,False,False,0.0,0.0,0.0,0,1.0,False,BackSquat
48890_1,48890,1,train,False,True,0.0,1.52,1.52,1,0.5978835978835979,False,BackSquat
48911_7,48911,7,test,False,True,0.0,0.8500000000000001,0.8500000000000001,1,0.7751322751322751,False,BackSquat
48917_4,48917,4,test,False,True,0.0,1.0799999999999992,1.0799999999999992,1,0.7142857142857144,False,BackSquat
48933_2,48933,2,train,False,True,0.0,1.4300000000000002,1.4300000000000002,1,0.6216931216931216,False,BackSquat
48952_2,48952,2,val,False,False,0.0,0.0,0.0,0,1.0,False,BackSquat
48970_4,48970,4,val,False,False,0.0,0.0,0.0,0,1.0,False,BackSquat
48973_5,48973,5,val,False,False,0.0,0.0,0.0,0,1.0,False,BackSquat
48979_1,48979,1,train,False,True,0.0,1.0499999999999998,1.0499999999999998,1,0.7222222222222223,False,BackSquat
48980_4,48980,4,train,False,True,0.0,1.5299999999999998,1.5299999999999998,1,0.5952380952380953,False,BackSquat
48986_4,48986,4,train,False,True,0.0,0.9199999999999999,0.9199999999999999,1,0.7566137566137566,False,BackSquat
48992_1,48992,1,val,False,False,0.0,0.0,0.0,0,1.0,False,BackSquat
48993_1,48993,1,train,False,True,0.0,1.3699999999999999,1.3699999999999999,1,0.6375661375661376,False,BackSquat
49000_8,49000,8,test,False,True,0.0,0.75,0.75,1,0.8015873015873016,False,BackSquat
49001_5,49001,5,train,False,False,0.0,0.0,0.0,0,1.0,False,BackSquat
49006_2,49006,2,test,False,True,0.0,0.7799999999999998,0.7799999999999998,1,0.7936507936507937,False,BackSquat
49017_2,49017,2,test,False,False,0.0,0.0,0.0,0,1.0,False,BackSquat
49042_1,49042,1,train,True,True,2.24,1.4499999999999997,3.69,2,0.023809523809523725,False,BackSquat
49045_2,49045,2,train,True,True,1.5399999999999998,2.0999999999999996,3.6399999999999997,2,0.03703703703703709,False,BackSquat
49048_3,49048,3,train,True,True,0.6000000000000001,1.47,2.0700000000000003,2,0.45238095238095233,False,BackSquat
49052_1,49052,1,train,False,True,0.0,2.6100000000000003,2.6100000000000003,1,0.3095238095238094,False,BackSquat
49053_3,49053,3,train,False,True,0.0,1.8699999999999999,1.8699999999999999,1,0.5052910052910053,False,BackSquat
49055_4,49055,4,train,False,False,0.0,0.0,0.0,0,1.0,False,BackSquat
49060_1,49060,1,train,False,True,0.0,1.17,1.17,1,0.6904761904761905,False,BackSquat
49066_5,49066,5,val,False,False,0.0,0.0,0.0,0,1.0,False,BackSquat
49067_9,49067,9,train,False,False,0.0,0.0,0.0,0,1.0,False,BackSquat
49070_2,49070,2,train,False,True,0.0,2.1799999999999997,2.1799999999999997,1,0.42328042328042337,False,BackSquat
49073_1,49073,1,train,False,True,0.0,1.3699999999999999,1.3699999999999999,1,0.6375661375661376,False,BackSquat
49085_1,49085,1,test,False,True,0.0,1.3200000000000003,1.3200000000000003,1,0.6507936507936507,False,BackSquat
49091_1,49091,1,val,False,True,0.0,0.99,0.99,1,0.7380952380952381,False,BackSquat
49098_4,49098,4,train,True,True,0.8599999999999999,1.6100000000000003,2.47,2,0.3465608465608465,False,BackSquat
49101_2,49101,2,train,False,True,0.0,0.7600000000000002,0.7600000000000002,1,0.7989417989417988,False,BackSquat
49106_6,49106,6,test,False,False,0.0,0.0,0.0,0,1.0,False,BackSquat
49107_3,49107,3,val,False,True,0.0,1.7699999999999996,1.7699999999999996,1,0.5317460317460319,False,BackSquat
49123_5,49123,5,train,False,True,0.0,1.1700000000000004,1.1700000000000004,1,0.6904761904761904,False,BackSquat
49124_2,49124,2,train,False,True,0.0,0.73,0.73,1,0.8068783068783069,False,BackSquat
49125_1,49125,1,train,False,True,0.0,0.9700000000000006,0.9700000000000006,1,0.7433862433862433,False,BackSquat
49126_3,49126,3,train,False,False,0.0,0.0,0.0,0,1.0,False,BackSquat
49127_2,49127,2,val,False,False,0.0,0.0,0.0,0,1.0,False,BackSquat
49132_1,49132,1,train,False,True,0.0,1.48,1.48,1,0.6084656084656084,False,BackSquat
49133_2,49133,2,train,False,True,0.0,1.3099999999999996,1.3099999999999996,1,0.6534391534391535,False,BackSquat
49138_2,49138,2,train,False,True,0.0,0.9699999999999998,0.9699999999999998,1,0.7433862433862435,False,BackSquat
49140_4,49140,4,test,False,True,0.0,0.96,0.96,1,0.746031746031746,False,BackSquat
49143_1,49143,1,train,False,False,0.0,0.0,0.0,0,1.0,False,BackSquat
49144_1,49144,1,train,False,True,0.0,1.1300000000000001,1.1300000000000001,1,0.7010582010582009,False,BackSquat
49147_3,49147,3,train,False,True,0.0,2.61,2.61,1,0.30952380952380953,False,BackSquat
49150_2,49150,2,val,True,True,1.23,0.5100000000000002,1.7400000000000002,2,0.5396825396825395,False,BackSquat
49155_2,49155,2,val,False,True,0.0,0.9199999999999999,0.9199999999999999,1,0.7566137566137566,False,BackSquat
49160_1,49160,1,train,True,True,0.8900000000000001,1.2300000000000002,2.12,2,0.4391534391534391,False,BackSquat
49161_1,49161,1,train,False,True,0.0,2.46,2.46,1,0.3492063492063492,False,BackSquat
49165_2,49165,2,val,False,False,0.0,0.0,0.0,0,1.0,False,BackSquat
49167_7,49167,7,train,False,True,0.0,1.37,1.37,1,0.6375661375661374,False,BackSquat
49168_9,49168,9,test,False,True,0.0,0.75,0.75,1,0.8015873015873016,False,BackSquat
49174_3,49174,3,train,False,True,0.0,1.44,1.44,1,0.6190476190476191,False,BackSquat
49175_1,49175,1,val,False,True,0.0,2.5,2.5,1,0.3386243386243386,False,BackSquat
49176_5,49176,5,val,False,False,0.0,0.0,0.0,0,1.0,False,BackSquat
49177_4,49177,4,train,False,True,0.0,1.31,1.31,1,0.6534391534391535,False,BackSquat
49178_11,49178,11,train,False,False,0.0,0.0,0.0,0,1.0,False,BackSquat
49182_4,49182,4,val,True,True,1.5000000000000002,2.25,3.75,2,0.007936507936507908,False,BackSquat
49191_4,49191,4,val,False,True,0.0,0.6999999999999997,0.6999999999999997,1,0.8148148148148149,False,BackSquat
49195_1,49195,1,test,False,False,0.0,0.0,0.0,0,1.0,False,BackSquat
49197_1,49197,1,train,False,False,0.0,0.0,0.0,0,1.0,False,BackSquat
49203_1,49203,1,test,True,True,1.2000000000000006,1.0299999999999998,2.2300000000000004,2,0.4100529100529099,False,BackSquat
49204_2,49204,2,train,False,False,0.0,0.0,0.0,0,1.0,False,BackSquat
49205_1,49205,1,train,False,True,0.0,1.52,1.52,1,0.5978835978835979,False,BackSquat
49211_6,49211,6,train,False,False,0.0,0.0,0.0,0,1.0,False,BackSquat
49221_1,49221,1,val,True,True,1.3000000000000003,1.06,2.3600000000000003,2,0.3756613756613756,False,BackSquat
49224_5,49224,5,val,True,True,0.8800000000000001,0.81,1.6900000000000002,2,0.5529100529100528,False,BackSquat
49228_4,49228,4,train,False,False,0.0,0.0,0.0,0,1.0,False,BackSquat
49229_2,49229,2,val,False,False,0.0,0.0,0.0,0,1.0,False,BackSquat
49233_2,49233,2,train,False,True,0.0,2.08,2.08,1,0.44973544973544965,False,BackSquat
49234_2,49234,2,val,False,False,0.0,0.0,0.0,0,1.0,False,BackSquat
49236_1,49236,1,train,False,True,0.0,2.6499999999999995,2.6499999999999995,1,0.29894179894179906,False,BackSquat
49240_14,49240,14,test,False,False,0.0,0.0,0.0,0,1.0,False,BackSquat
49245_3,49245,3,train,True,True,1.5200000000000002,1.99,3.5100000000000002,2,0.07142857142857129,False,BackSquat
49250_4,49250,4,test,True,True,1.4,2.47,3.87,2,0.0,False,BackSquat
49254_8,49254,8,train,False,False,0.0,0.0,0.0,0,1.0,False,BackSquat
49255_7,49255,7,train,False,True,0.0,0.97,0.97,1,0.7433862433862434,False,BackSquat
49268_1,49268,1,train,False,True,0.0,1.1199999999999997,1.1199999999999997,1,0.7037037037037037,False,BackSquat
49269_2,49269,2,train,False,True,0.0,1.0899999999999999,1.0899999999999999,1,0.7116402116402116,False,BackSquat
49286_1,49286,1,train,False,True,0.0,2.04,2.04,1,0.46031746031746024,False,BackSquat
49289_3,49289,3,train,True,True,1.37,1.7099999999999997,3.08,2,0.18518518518518512,False,BackSquat
49291_1,49291,1,train,False,True,0.0,0.98,0.98,1,0.7407407407407407,False,BackSquat
49293_4,49293,4,train,False,True,0.0,0.8999999999999999,0.8999999999999999,1,0.7619047619047619,False,BackSquat
49294_3,49294,3,train,False,True,0.0,0.8999999999999999,0.8999999999999999,1,0.7619047619047619,False,BackSquat
49295_2,49295,2,val,False,False,0.0,0.0,0.0,0,1.0,False,BackSquat
49309_1,49309,1,test,False,True,0.0,1.13,1.13,1,0.701058201058201,False,BackSquat
49318_4,49318,4,train,False,False,0.0,0.0,0.0,0,1.0,False,BackSquat
49321_5,49321,5,train,False,False,0.0,0.0,0.0,0,1.0,False,BackSquat
49322_1,49322,1,train,True,False,0.9299999999999999,0.0,0.9299999999999999,1,0.753968253968254,False,BackSquat
49325_1,49325,1,train,False,True,0.0,1.9900000000000002,1.9900000000000002,1,0.4735449735449735,False,BackSquat
49337_7,49337,7,test,False,False,0.0,0.0,0.0,0,1.0,False,BackSquat
49338_1,49338,1,val,False,True,0.0,0.6500000000000004,0.6500000000000004,1,0.8280423280423279,False,BackSquat
49342_1,49342,1,train,False,True,0.0,1.07,1.07,1,0.716931216931217,False,BackSquat
49343_4,49343,4,val,True,False,0.96,0.0,0.96,1,0.746031746031746,False,BackSquat
49351_1,49351,1,train,False,False,0.0,0.0,0.0,0,1.0,False,BackSquat
49353_1,49353,1,train,False,True,0.0,3.2299999999999995,3.2299999999999995,1,0.14550264550264558,False,BackSquat
49355_1,49355,1,train,False,True,0.0,2.7299999999999995,2.7299999999999995,1,0.2777777777777779,False,BackSquat
49359_3,49359,3,train,False,True,0.0,0.7199999999999998,0.7199999999999998,1,0.8095238095238095,False,BackSquat
49363_1,49363,1,train,False,False,0.0,0.0,0.0,0,1.0,False,BackSquat
49364_3,49364,3,train,True,True,0.7399999999999998,1.5,2.2399999999999998,2,0.40740740740740744,False,BackSquat
49372_10,49372,10,train,False,True,0.0,1.0999999999999999,1.0999999999999999,1,0.7089947089947091,False,BackSquat
49377_2,49377,2,val,False,False,0.0,0.0,0.0,0,1.0,False,BackSquat
49382_2,49382,2,train,False,True,0.0,0.6100000000000001,0.6100000000000001,1,0.8386243386243386,False,BackSquat
49385_1,49385,1,train,False,True,0.0,1.22,1.22,1,0.6772486772486772,False,BackSquat
49387_1,49387,1,train,False,True,0.0,3.51,3.51,1,0.0714285714285714,False,BackSquat
49399_1,49399,1,test,True,True,0.8000000000000003,1.19,1.9900000000000002,2,0.4735449735449735,False,BackSquat
49402_2,49402,2,val,True,True,1.6600000000000001,1.08,2.74,2,0.275132275132275,False,BackSquat
49406_2,49406,2,test,False,True,0.0,2.0599999999999996,2.0599999999999996,1,0.4550264550264551,False,BackSquat
49408_1,49408,1,train,False,True,0.0,1.53,1.53,1,0.5952380952380952,False,BackSquat
49425_1,49425,1,train,False,True,0.0,1.1,1.1,1,0.708994708994709,False,BackSquat
49431_1,49431,1,val,False,False,0.0,0.0,0.0,0,1.0,False,BackSquat
49435_4,49435,4,train,False,True,0.0,0.8500000000000001,0.8500000000000001,1,0.7751322751322751,False,BackSquat
49436_5,49436,5,train,False,False,0.0,0.0,0.0,0,1.0,False,BackSquat
49437_3,49437,3,test,False,False,0.0,0.0,0.0,0,1.0,False,BackSquat
49444_5,49444,5,train,False,True,0.0,0.7500000000000002,0.7500000000000002,1,0.8015873015873015,False,BackSquat
49456_4,49456,4,val,False,True,0.0,1.23,1.23,1,0.6746031746031746,False,BackSquat
49474_1,49474,1,train,False,True,0.0,1.92,1.92,1,0.4920634920634921,False,BackSquat
49478_1,49478,1,train,False,True,0.0,3.5300000000000002,3.5300000000000002,1,0.06613756613756605,False,BackSquat
49484_4,49484,4,val,False,True,0.0,1.4299999999999997,1.4299999999999997,1,0.6216931216931217,False,BackSquat
49489_2,49489,2,train,False,True,0.0,1.6600000000000001,1.6600000000000001,1,0.5608465608465607,False,BackSquat
49490_5,49490,5,train,False,True,0.0,2.06,2.06,1,0.455026455026455,False,BackSquat
49493_12,49493,12,train,False,True,0.0,0.9,0.9,1,0.7619047619047619,False,BackSquat
49509_2,49509,2,train,False,False,0.0,0.0,0.0,0,1.0,False,BackSquat
49515_5,49515,5,val,False,True,0.0,1.7200000000000002,1.7200000000000002,1,0.5449735449735449,False,BackSquat
49516_1,49516,1,test,False,True,0.0,2.51,2.51,1,0.33597883597883604,False,BackSquat
49520_2,49520,2,train,False,True,0.0,1.6099999999999999,1.6099999999999999,1,0.5740740740740741,False,BackSquat
49523_1,49523,1,train,False,True,0.0,2.54,2.54,1,0.328042328042328,False,BackSquat
49526_1,49526,1,train,False,True,0.0,1.2,1.2,1,0.6825396825396826,False,BackSquat
49527_2,49527,2,train,False,True,0.0,1.81,1.81,1,0.5211640211640212,False,BackSquat
49532_1,49532,1,test,True,True,1.3200000000000003,1.0299999999999998,2.35,2,0.37830687830687826,False,BackSquat
49534_1,49534,1,train,False,False,0.0,0.0,0.0,0,1.0,False,BackSquat
49536_6,49536,6,train,False,False,0.0,0.0,0.0,0,1.0,False,BackSquat
49539_2,49539,2,train,True,True,0.9899999999999998,1.96,2.9499999999999997,2,0.21957671957671965,False,BackSquat
49543_1,49543,1,train,False,True,0.0,1.0299999999999998,1.0299999999999998,1,0.7275132275132276,False,BackSquat
49547_5,49547,5,train,True,True,1.16,1.81,2.9699999999999998,2,0.2142857142857143,False,BackSquat
49548_1,49548,1,train,True,True,2.1900000000000004,3.09,5.28,2,0.0,False,BackSquat
49557_1,49557,1,train,False,True,0.0,2.52,2.52,1,0.33333333333333326,False,BackSquat
49563_8,49563,8,train,True,True,1.2999999999999998,1.33,2.63,2,0.3042328042328042,False,BackSquat
49565_5,49565,5,test,False,False,0.0,0.0,0.0,0,1.0,False,BackSquat
49567_2,49567,2,train,False,True,0.0,0.8099999999999996,0.8099999999999996,1,0.7857142857142858,False,BackSquat
49569_5,49569,5,train,False,True,0.0,1.6500000000000004,1.6500000000000004,1,0.5634920634920634,False,BackSquat
49575_2,49575,2,train,False,True,0.0,0.9200000000000004,0.9200000000000004,1,0.7566137566137565,False,BackSquat
49577_3,49577,3,train,False,False,0.0,0.0,0.0,0,1.0,False,BackSquat
49586_3,49586,3,train,False,False,0.0,0.0,0.0,0,1.0,False,BackSquat
49594_1,49594,1,val,False,True,0.0,0.79,0.79,1,0.7910052910052909,False,BackSquat
49596_1,49596,1,test,True,True,1.19,1.0599999999999996,2.2499999999999996,2,0.4047619047619049,False,BackSquat
49599_1,49599,1,train,False,True,0.0,0.8399999999999999,0.8399999999999999,1,0.7777777777777778,False,BackSquat
49600_2,49600,2,train,False,True,0.0,0.8600000000000003,0.8600000000000003,1,0.7724867724867723,False,BackSquat
49609_2,49609,2,train,False,True,0.0,1.08,1.08,1,0.7142857142857142,False,BackSquat
49618_2,49618,2,train,False,False,0.0,0.0,0.0,0,1.0,False,BackSquat
49623_7,49623,7,train,False,False,0.0,0.0,0.0,0,1.0,False,BackSquat
49626_1,49626,1,test,False,True,0.0,2.88,2.88,1,0.23809523809523814,False,BackSquat
49628_3,49628,3,test,False,True,0.0,1.3,1.3,1,0.656084656084656,False,BackSquat
49629_6,49629,6,train,False,False,0.0,0.0,0.0,0,1.0,False,BackSquat
49631_1,49631,1,test,True,True,1.4299999999999997,1.0,2.4299999999999997,2,0.3571428571428572,False,BackSquat
49637_3,49637,3,train,False,True,0.0,1.42,1.42,1,0.6243386243386244,False,BackSquat
49642_3,49642,3,train,False,True,0.0,1.0300000000000002,1.0300000000000002,1,0.7275132275132274,False,BackSquat
49646_5,49646,5,train,False,True,0.0,0.7700000000000002,0.7700000000000002,1,0.7962962962962963,False,BackSquat
49655_1,49655,1,train,False,True,0.0,1.4400000000000002,1.4400000000000002,1,0.619047619047619,False,BackSquat
49661_1,49661,1,train,False,False,0.0,0.0,0.0,0,1.0,False,BackSquat
49663_1,49663,1,test,False,True,0.0,1.89,1.89,1,0.5,False,BackSquat
49669_1,49669,1,test,False,True,0.0,1.1599999999999997,1.1599999999999997,1,0.6931216931216932,False,BackSquat
49670_5,49670,5,test,False,True,0.0,1.86,1.86,1,0.5079365079365079,False,BackSquat
49694_2,49694,2,train,False,True,0.0,1.59,1.59,1,0.5793650793650793,False,BackSquat
49704_2,49704,2,train,False,False,0.0,0.0,0.0,0,1.0,False,BackSquat
49705_2,49705,2,train,False,True,0.0,1.77,1.77,1,0.5317460317460317,False,BackSquat
49708_1,49708,1,train,True,True,1.8499999999999999,2.46,4.31,2,0.0,False,BackSquat
49712_1,49712,1,train,False,False,0.0,0.0,0.0,0,1.0,False,BackSquat
49715_1,49715,1,train,True,False,0.6499999999999999,0.0,0.6499999999999999,1,0.828042328042328,False,BackSquat
49716_1,49716,1,train,False,False,0.0,0.0,0.0,0,1.0,False,BackSquat
49722_1,49722,1,train,False,True,0.0,1.79,1.79,1,0.5264550264550264,False,BackSquat
49724_2,49724,2,train,False,True,0.0,2.9,2.9,1,0.2328042328042328,False,BackSquat
49733_1,49733,1,train,False,True,0.0,2.6100000000000003,2.6100000000000003,1,0.3095238095238094,False,BackSquat
49734_4,49734,4,val,False,False,0.0,0.0,0.0,0,1.0,False,BackSquat
49736_1,49736,1,val,False,True,0.0,1.67,1.67,1,0.5582010582010581,False,BackSquat
49746_5,49746,5,train,True,True,1.3699999999999999,1.25,2.62,2,0.30687830687830686,False,BackSquat
49769_1,49769,1,train,False,True,0.0,1.17,1.17,1,0.6904761904761905,False,BackSquat
49770_1,49770,1,train,False,True,0.0,2.9299999999999997,2.9299999999999997,1,0.22486772486772488,False,BackSquat
49789_8,49789,8,train,False,False,0.0,0.0,0.0,0,1.0,False,BackSquat
49802_1,49802,1,train,False,True,0.0,1.8300000000000005,1.8300000000000005,1,0.5158730158730157,False,BackSquat
49807_1,49807,1,val,False,True,0.0,0.8300000000000001,0.8300000000000001,1,0.7804232804232804,False,BackSquat
49813_4,49813,4,val,False,False,0.0,0.0,0.0,0,1.0,False,BackSquat
49817_1,49817,1,train,False,True,0.0,1.0,1.0,1,0.7354497354497354,False,BackSquat
49832_4,49832,4,val,False,True,0.0,1.27,1.27,1,0.664021164021164,False,BackSquat
49833_11,49833,11,train,False,False,0.0,0.0,0.0,0,1.0,False,BackSquat
49834_2,49834,2,train,False,True,0.0,1.62,1.62,1,0.5714285714285714,False,BackSquat
49837_1,49837,1,train,False,False,0.0,0.0,0.0,0,1.0,False,BackSquat
49848_1,49848,1,train,True,False,0.8299999999999998,0.0,0.8299999999999998,1,0.7804232804232805,False,BackSquat
49857_1,49857,1,train,True,True,1.44,1.6,3.04,2,0.1957671957671957,False,BackSquat
49859_1,49859,1,test,False,True,0.0,1.88,1.88,1,0.5026455026455027,False,BackSquat
49863_1,49863,1,val,False,True,0.0,0.71,0.71,1,0.8121693121693122,False,BackSquat
49864_2,49864,2,train,False,False,0.0,0.0,0.0,0,1.0,False,BackSquat
49868_1,49868,1,test,False,True,0.0,1.13,1.13,1,0.701058201058201,False,BackSquat
49874_4,49874,4,test,False,True,0.0,0.7,0.7,1,0.8148148148148149,False,BackSquat
49881_2,49881,2,train,False,False,0.0,0.0,0.0,0,1.0,False,BackSquat
49891_1,49891,1,test,True,True,0.9499999999999997,1.9200000000000002,2.87,2,0.2407407407407407,False,BackSquat
49892_1,49892,1,val,True,True,2.2500000000000004,2.1100000000000003,4.360000000000001,2,0.0,False,BackSquat
49897_1,49897,1,train,True,True,1.88,1.2399999999999998,3.1199999999999997,2,0.17460317460317465,False,BackSquat
49900_2,49900,2,train,False,False,0.0,0.0,0.0,0,1.0,False,BackSquat
49908_1,49908,1,test,True,True,1.1099999999999994,3.1399999999999997,4.249999999999999,2,0.0,False,BackSquat
49918_1,49918,1,train,False,True,0.0,1.2600000000000002,1.2600000000000002,1,0.6666666666666665,False,BackSquat
49921_3,49921,3,val,True,True,0.94,0.52,1.46,2,0.6137566137566137,False,BackSquat
49926_2,49926,2,test,False,False,0.0,0.0,0.0,0,1.0,False,BackSquat
49929_4,49929,4,train,True,True,0.9800000000000002,1.23,2.21,2,0.41534391534391535,False,BackSquat
49932_8,49932,8,train,False,True,0.0,1.0099999999999998,1.0099999999999998,1,0.7328042328042328,False,BackSquat
49943_2,49943,2,test,True,True,1.27,0.6799999999999997,1.9499999999999997,2,0.4841269841269842,False,BackSquat
49945_1,49945,1,train,True,True,1.54,2.38,3.92,2,0.0,False,BackSquat
49947_1,49947,1,train,True,True,2.3299999999999996,2.5700000000000003,4.9,2,0.0,False,BackSquat
49949_2,49949,2,test,False,False,0.0,0.0,0.0,0,1.0,False,BackSquat
49951_5,49951,5,train,True,True,1.8500000000000005,3.67,5.5200000000000005,2,0.0,False,BackSquat
49954_1,49954,1,train,False,True,0.0,0.29000000000000004,0.29000000000000004,1,0.9232804232804233,False,BackSquat
49956_1,49956,1,test,False,False,0.0,0.0,0.0,0,1.0,False,BackSquat
49957_1,49957,1,train,True,True,1.37,1.6999999999999993,3.0699999999999994,2,0.1878306878306879,False,BackSquat
49968_1,49968,1,train,False,True,0.0,0.9199999999999999,0.9199999999999999,1,0.7566137566137566,False,BackSquat
49971_1,49971,1,train,False,False,0.0,0.0,0.0,0,1.0,False,BackSquat
49975_2,49975,2,test,True,True,1.8000000000000007,3.210000000000001,5.010000000000002,2,0.0,False,BackSquat
49977_1,49977,1,train,False,False,0.0,0.0,0.0,0,1.0,False,BackSquat
49980_1,49980,1,val,False,True,0.0,1.0999999999999996,1.0999999999999996,1,0.7089947089947091,False,BackSquat
49986_4,49986,4,train,False,False,0.0,0.0,0.0,0,1.0,False,BackSquat
49989_2,49989,2,train,False,True,0.0,1.01,1.01,1,0.7328042328042328,False,BackSquat
49998_5,49998,5,train,True,False,0.5899999999999999,0.0,0.5899999999999999,1,0.843915343915344,False,BackSquat
50001_7,50001,7,train,False,False,0.0,0.0,0.0,0,1.0,False,BackSquat
50002_2,50002,2,train,False,True,0.0,1.08,1.08,1,0.7142857142857142,False,BackSquat
50004_4,50004,4,train,False,False,0.0,0.0,0.0,0,1.0,False,BackSquat
50008_1,50008,1,train,False,False,0.0,0.0,0.0,0,1.0,False,BackSquat
50024_2,50024,2,train,False,True,0.0,0.7199999999999998,0.7199999999999998,1,0.8095238095238095,False,BackSquat
50026_6,50026,6,val,False,False,0.0,0.0,0.0,0,1.0,False,BackSquat
50027_5,50027,5,train,False,True,0.0,2.63,2.63,1,0.3042328042328042,False,BackSquat
50032_1,50032,1,val,True,True,1.2299999999999998,1.1,2.33,2,0.3835978835978835,False,BackSquat
50033_2,50033,2,test,False,True,0.0,0.7999999999999998,0.7999999999999998,1,0.7883597883597884,False,BackSquat
50035_2,50035,2,train,False,False,0.0,0.0,0.0,0,1.0,False,BackSquat
50037_3,50037,3,train,False,True,0.0,1.9100000000000001,1.9100000000000001,1,0.49470899470899465,False,BackSquat
50041_3,50041,3,train,False,False,0.0,0.0,0.0,0,1.0,False,BackSquat
50044_2,50044,2,train,False,True,0.0,0.9999999999999999,0.9999999999999999,1,0.7354497354497355,False,BackSquat
50048_6,50048,6,test,True,True,0.8300000000000001,0.5999999999999996,1.4299999999999997,2,0.6216931216931217,False,BackSquat
50049_1,50049,1,train,False,False,0.0,0.0,0.0,0,1.0,False,BackSquat
50051_4,50051,4,val,True,True,0.9699999999999998,0.56,1.5299999999999998,2,0.5952380952380953,False,BackSquat
50060_2,50060,2,train,False,True,0.0,0.6699999999999999,0.6699999999999999,1,0.8227513227513228,False,BackSquat
50063_2,50063,2,val,False,False,0.0,0.0,0.0,0,1.0,False,BackSquat
50071_2,50071,2,train,False,False,0.0,0.0,0.0,0,1.0,False,BackSquat
50073_4,50073,4,train,False,True,0.0,2.2,2.2,1,0.4179894179894179,False,BackSquat
50081_2,50081,2,train,False,True,0.0,1.2200000000000002,1.2200000000000002,1,0.6772486772486772,False,BackSquat
50091_1,50091,1,val,False,True,0.0,1.02,1.02,1,0.7301587301587301,False,BackSquat
50099_1,50099,1,train,False,False,0.0,0.0,0.0,0,1.0,False,BackSquat
50111_9,50111,9,val,False,True,0.0,0.8200000000000001,0.8200000000000001,1,0.783068783068783,False,BackSquat
50113_1,50113,1,train,False,False,0.0,0.0,0.0,0,1.0,False,BackSquat
50114_6,50114,6,train,False,False,0.0,0.0,0.0,0,1.0,False,BackSquat
50115_5,50115,5,train,False,False,0.0,0.0,0.0,0,1.0,False,BackSquat
50118_3,50118,3,train,True,False,1.2800000000000002,0.0,1.2800000000000002,1,0.6613756613756613,False,BackSquat
50121_1,50121,1,train,True,True,1.38,2.55,3.9299999999999997,2,0.0,False,BackSquat
50122_2,50122,2,test,False,True,0.0,0.75,0.75,1,0.8015873015873016,False,BackSquat
50131_2,50131,2,train,True,True,1.1599999999999997,0.9100000000000001,2.07,2,0.45238095238095244,False,BackSquat
50134_7,50134,7,train,False,True,0.0,0.9400000000000001,0.9400000000000001,1,0.7513227513227513,False,BackSquat
50135_2,50135,2,train,False,False,0.0,0.0,0.0,0,1.0,False,BackSquat
50137_1,50137,1,train,False,True,0.0,1.4800000000000002,1.4800000000000002,1,0.6084656084656084,False,BackSquat
50171_4,50171,4,test,False,True,0.0,2.1,2.1,1,0.4444444444444444,False,BackSquat
50172_2,50172,2,test,False,False,0.0,0.0,0.0,0,1.0,False,BackSquat
50174_1,50174,1,train,False,True,0.0,1.5100000000000002,1.5100000000000002,1,0.6005291005291005,False,BackSquat
50176_1,50176,1,train,False,True,0.0,2.8899999999999997,2.8899999999999997,1,0.23544973544973546,False,BackSquat
50185_2,50185,2,train,True,True,1.1800000000000002,2.38,3.56,2,0.05820105820105814,False,BackSquat
50192_2,50192,2,test,False,True,0.0,1.07,1.07,1,0.716931216931217,False,BackSquat
50198_1,50198,1,train,False,True,0.0,0.98,0.98,1,0.7407407407407407,False,BackSquat
50201_1,50201,1,train,False,True,0.0,2.5999999999999996,2.5999999999999996,1,0.3121693121693122,False,BackSquat
50202_1,50202,1,train,False,True,0.0,1.2999999999999998,1.2999999999999998,1,0.656084656084656,False,BackSquat
50204_1,50204,1,train,False,True,0.0,0.75,0.75,1,0.8015873015873016,False,BackSquat
50205_4,50205,4,train,False,True,0.0,2.0,2.0,1,0.4708994708994708,False,BackSquat
50210_1,50210,1,test,True,True,1.17,1.7400000000000002,2.91,2,0.23015873015873012,False,BackSquat
50214_1,50214,1,test,False,True,0.0,0.5800000000000001,0.5800000000000001,1,0.8465608465608465,False,BackSquat
50215_21,50215,21,train,False,True,0.0,0.9300000000000002,0.9300000000000002,1,0.753968253968254,False,BackSquat
50218_1,50218,1,train,True,True,1.5899999999999999,1.5599999999999996,3.1499999999999995,2,0.16666666666666674,False,BackSquat
50222_3,50222,3,train,False,False,0.0,0.0,0.0,0,1.0,False,BackSquat
50224_1,50224,1,train,True,True,1.6199999999999997,1.6899999999999995,3.309999999999999,2,0.12433862433862453,False,BackSquat
50229_3,50229,3,val,False,True,0.0,0.6999999999999993,0.6999999999999993,1,0.814814814814815,False,BackSquat
50238_1,50238,1,val,False,True,0.0,0.8799999999999999,0.8799999999999999,1,0.7671957671957672,False,BackSquat
50241_4,50241,4,train,False,True,0.0,0.5200000000000002,0.5200000000000002,1,0.8624338624338623,False,BackSquat
50242_3,50242,3,train,True,True,1.29,0.9500000000000002,2.24,2,0.40740740740740733,False,BackSquat
50258_5,50258,5,train,False,False,0.0,0.0,0.0,0,1.0,False,BackSquat
50262_4,50262,4,train,False,True,0.0,0.56,0.56,1,0.8518518518518519,False,BackSquat
50264_2,50264,2,train,False,True,0.0,0.94,0.94,1,0.7513227513227514,False,BackSquat
50278_1,50278,1,test,False,False,0.0,0.0,0.0,0,1.0,False,BackSquat
50279_1,50279,1,train,False,False,0.0,0.0,0.0,0,1.0,False,BackSquat
50280_3,50280,3,test,False,True,0.0,0.8500000000000001,0.8500000000000001,1,0.7751322751322751,False,BackSquat
50282_4,50282,4,train,False,False,0.0,0.0,0.0,0,1.0,False,BackSquat
50284_1,50284,1,train,True,True,1.15,0.9100000000000001,2.06,2,0.455026455026455,False,BackSquat
50300_2,50300,2,train,False,True,0.0,0.9500000000000002,0.9500000000000002,1,0.7486772486772486,False,BackSquat
50309_4,50309,4,train,False,True,0.0,1.6900000000000002,1.6900000000000002,1,0.5529100529100528,False,BackSquat
50312_3,50312,3,train,False,True,0.0,2.58,2.58,1,0.31746031746031744,False,BackSquat
50320_1,50320,1,train,False,True,0.0,1.0999999999999996,1.0999999999999996,1,0.7089947089947091,False,BackSquat
50325_1,50325,1,train,False,True,0.0,2.68,2.68,1,0.29100529100529093,False,BackSquat
50326_1,50326,1,train,False,True,0.0,1.2800000000000002,1.2800000000000002,1,0.6613756613756613,False,BackSquat
50327_12,50327,12,val,False,False,0.0,0.0,0.0,0,1.0,False,BackSquat
50331_4,50331,4,test,True,True,2.3500000000000005,0.7300000000000004,3.080000000000001,2,0.1851851851851849,False,BackSquat
50334_12,50334,12,test,False,False,0.0,0.0,0.0,0,1.0,False,BackSquat
50335_2,50335,2,train,False,False,0.0,0.0,0.0,0,1.0,False,BackSquat
50342_3,50342,3,val,True,True,1.83,1.2199999999999998,3.05,2,0.19312169312169314,False,BackSquat
50343_1,50343,1,train,False,True,0.0,4.630000000000001,4.630000000000001,1,0.0,False,BackSquat
50352_2,50352,2,train,True,True,1.0799999999999998,2.02,3.0999999999999996,2,0.17989417989418,False,BackSquat
50357_1,50357,1,train,False,False,0.0,0.0,0.0,0,1.0,False,BackSquat
50359_2,50359,2,test,False,False,0.0,0.0,0.0,0,1.0,False,BackSquat
50360_2,50360,2,train,False,True,0.0,0.91,0.91,1,0.7592592592592593,False,BackSquat
50367_4,50367,4,test,False,False,0.0,0.0,0.0,0,1.0,False,BackSquat
50370_3,50370,3,train,False,True,0.0,2.1399999999999997,2.1399999999999997,1,0.43386243386243395,False,BackSquat
50373_5,50373,5,train,False,True,0.0,0.43999999999999995,0.43999999999999995,1,0.8835978835978836,False,BackSquat
50395_2,50395,2,val,True,True,0.8700000000000001,0.7899999999999996,1.6599999999999997,2,0.5608465608465609,False,BackSquat
50400_2,50400,2,val,False,True,0.0,0.94,0.94,1,0.7513227513227514,False,BackSquat
50406_1,50406,1,train,False,True,0.0,2.5900000000000003,2.5900000000000003,1,0.31481481481481466,False,BackSquat
50414_1,50414,1,train,False,False,0.0,0.0,0.0,0,1.0,False,BackSquat
50418_1,50418,1,train,False,False,0.0,0.0,0.0,0,1.0,False,BackSquat
50423_5,50423,5,test,False,True,0.0,2.17,2.17,1,0.42592592592592593,False,BackSquat
50427_1,50427,1,train,False,False,0.0,0.0,0.0,0,1.0,False,BackSquat
50428_1,50428,1,train,True,True,1.3099999999999996,3.4200000000000004,4.73,2,0.0,False,BackSquat
50435_1,50435,1,test,False,True,0.0,1.1,1.1,1,0.708994708994709,False,BackSquat
50436_1,50436,1,train,False,True,0.0,2.17,2.17,1,0.42592592592592593,False,BackSquat
50438_3,50438,3,test,False,True,0.0,1.29,1.29,1,0.6587301587301587,False,BackSquat
50440_1,50440,1,train,False,False,0.0,0.0,0.0,0,1.0,False,BackSquat
50462_7,50462,7,train,False,False,0.0,0.0,0.0,0,1.0,False,BackSquat
50471_3,50471,3,train,True,True,1.09,1.0300000000000002,2.12,2,0.4391534391534391,False,BackSquat
50477_3,50477,3,train,True,True,1.6400000000000001,1.4,3.04,2,0.1957671957671957,False,BackSquat
50481_9,50481,9,val,False,False,0.0,0.0,0.0,0,1.0,False,BackSquat
50489_2,50489,2,train,True,True,0.9900000000000002,0.6099999999999999,1.6,2,0.5767195767195767,False,BackSquat
50492_2,50492,2,train,False,True,0.0,0.9299999999999999,0.9299999999999999,1,0.753968253968254,False,BackSquat
50499_1,50499,1,train,False,True,0.0,1.25,1.25,1,0.6693121693121693,False,BackSquat
50501_2,50501,2,train,False,False,0.0,0.0,0.0,0,1.0,False,BackSquat
50504_8,50504,8,train,False,True,0.0,0.8300000000000001,0.8300000000000001,1,0.7804232804232804,False,BackSquat
50505_2,50505,2,train,False,True,0.0,0.8999999999999999,0.8999999999999999,1,0.7619047619047619,False,BackSquat
50512_1,50512,1,val,False,True,0.0,1.62,1.62,1,0.5714285714285714,False,BackSquat
50515_2,50515,2,train,False,True,0.0,1.19,1.19,1,0.6851851851851851,False,BackSquat
50520_5,50520,5,val,False,True,0.0,1.4,1.4,1,0.6296296296296297,False,BackSquat
50522_4,50522,4,train,False,False,0.0,0.0,0.0,0,1.0,False,BackSquat
50530_1,50530,1,train,True,True,3.5300000000000002,0.8199999999999994,4.35,2,0.0,False,BackSquat
50534_16,50534,16,val,False,True,0.0,0.83,0.83,1,0.7804232804232805,False,BackSquat
50544_3,50544,3,train,True,True,1.2700000000000002,0.9100000000000001,2.1800000000000006,2,0.42328042328042315,False,BackSquat
50550_1,50550,1,train,False,True,0.0,0.9999999999999998,0.9999999999999998,1,0.7354497354497356,False,BackSquat
50551_10,50551,10,train,False,False,0.0,0.0,0.0,0,1.0,False,BackSquat
50559_2,50559,2,val,False,False,0.0,0.0,0.0,0,1.0,False,BackSquat
50561_1,50561,1,train,False,True,0.0,0.8299999999999996,0.8299999999999996,1,0.7804232804232805,False,BackSquat
50571_4,50571,4,val,False,True,0.0,1.13,1.13,1,0.701058201058201,False,BackSquat
50575_2,50575,2,test,False,True,0.0,6.780000000000001,6.780000000000001,1,0.0,False,BackSquat
50578_5,50578,5,train,False,True,0.0,1.9900000000000002,1.9900000000000002,1,0.4735449735449735,False,BackSquat
50579_2,50579,2,val,False,False,0.0,0.0,0.0,0,1.0,False,BackSquat
50581_2,50581,2,train,False,False,0.0,0.0,0.0,0,1.0,False,BackSquat
50582_2,50582,2,train,False,True,0.0,2.0599999999999996,2.0599999999999996,1,0.4550264550264551,False,BackSquat
50583_5,50583,5,train,False,True,0.0,0.81,0.81,1,0.7857142857142857,False,BackSquat
50588_2,50588,2,train,False,False,0.0,0.0,0.0,0,1.0,False,BackSquat
50590_2,50590,2,train,True,True,1.79,0.7599999999999998,2.55,2,0.32539682539682546,False,BackSquat
50591_1,50591,1,train,False,True,0.0,4.67,4.67,1,0.0,False,BackSquat
50599_3,50599,3,val,True,True,1.2499999999999998,1.3599999999999999,2.6099999999999994,2,0.30952380952380965,False,BackSquat
50601_2,50601,2,train,True,True,1.17,1.23,2.4,2,0.3650793650793651,False,BackSquat
50606_1,50606,1,train,False,True,0.0,1.0699999999999998,1.0699999999999998,1,0.716931216931217,False,BackSquat
50610_3,50610,3,test,False,False,0.0,0.0,0.0,0,1.0,False,BackSquat
50611_3,50611,3,train,False,False,0.0,0.0,0.0,0,1.0,False,BackSquat
50617_2,50617,2,train,True,True,1.27,2.51,3.78,2,0.0,False,BackSquat
50619_4,50619,4,train,False,True,0.0,2.35,2.35,1,0.37830687830687826,False,BackSquat
50622_1,50622,1,train,False,False,0.0,0.0,0.0,0,1.0,False,BackSquat
50624_5,50624,5,test,False,False,0.0,0.0,0.0,0,1.0,False,BackSquat
50631_2,50631,2,train,False,True,0.0,1.79,1.79,1,0.5264550264550264,False,BackSquat
50633_1,50633,1,train,True,False,0.7200000000000002,0.0,0.7200000000000002,1,0.8095238095238094,False,BackSquat
50635_1,50635,1,val,False,True,0.0,2.34,2.34,1,0.38095238095238093,False,BackSquat
50636_2,50636,2,train,False,True,0.0,2.61,2.61,1,0.30952380952380953,False,BackSquat
50651_4,50651,4,train,False,True,0.0,1.2699999999999998,1.2699999999999998,1,0.6640211640211641,False,BackSquat
50653_1,50653,1,test,False,False,0.0,0.0,0.0,0,1.0,False,BackSquat
50655_5,50655,5,train,False,False,0.0,0.0,0.0,0,1.0,False,BackSquat
50705_1,50705,1,test,False,False,0.0,0.0,0.0,0,1.0,False,BackSquat
50706_1,50706,1,train,False,True,0.0,0.8599999999999999,0.8599999999999999,1,0.7724867724867726,False,BackSquat
50709_3,50709,3,train,False,True,0.0,1.6,1.6,1,0.5767195767195767,False,BackSquat
50717_1,50717,1,train,False,True,0.0,3.28,3.28,1,0.13227513227513232,False,BackSquat
50739_1,50739,1,test,False,True,0.0,0.8600000000000001,0.8600000000000001,1,0.7724867724867724,False,BackSquat
50743_4,50743,4,train,False,True,0.0,0.52,0.52,1,0.8624338624338624,False,BackSquat
50745_1,50745,1,train,False,True,0.0,2.53,2.53,1,0.3306878306878307,False,BackSquat
50749_4,50749,4,train,False,False,0.0,0.0,0.0,0,1.0,False,BackSquat
50750_1,50750,1,train,False,True,0.0,1.67,1.67,1,0.5582010582010581,False,BackSquat
50751_1,50751,1,val,False,False,0.0,0.0,0.0,0,1.0,False,BackSquat
50758_1,50758,1,train,False,False,0.0,0.0,0.0,0,1.0,False,BackSquat
50762_2,50762,2,test,False,True,0.0,1.77,1.77,1,0.5317460317460317,False,BackSquat
50772_5,50772,5,train,False,True,0.0,0.95,0.95,1,0.7486772486772486,False,BackSquat
50787_4,50787,4,train,False,False,0.0,0.0,0.0,0,1.0,False,BackSquat
50790_1,50790,1,train,False,True,0.0,2.81,2.81,1,0.2566137566137565,False,BackSquat
50796_3,50796,3,train,False,False,0.0,0.0,0.0,0,1.0,False,BackSquat
50805_1,50805,1,train,False,True,0.0,3.17,3.17,1,0.1613756613756614,False,BackSquat
50807_3,50807,3,val,False,False,0.0,0.0,0.0,0,1.0,False,BackSquat
50810_1,50810,1,train,False,True,0.0,0.6800000000000002,0.6800000000000002,1,0.82010582010582,False,BackSquat
50813_1,50813,1,train,False,False,0.0,0.0,0.0,0,1.0,False,BackSquat
50816_3,50816,3,val,False,True,0.0,1.8499999999999999,1.8499999999999999,1,0.5105820105820106,False,BackSquat
50818_5,50818,5,test,False,True,0.0,1.27,1.27,1,0.664021164021164,False,BackSquat
